book_names,book_urls,author_name,avg_rating,no_of_ratings,img_src,my_rating,no_of_pages,image_name
"Harry Potter and the Philosopher's Stone (Harry Potter, #1)",https://www.goodreads.com/book/show/42844155-harry-potter-and-the-philosopher-s-stone,J.K. Rowling,4.47,11777494,https://i.gr-assets.com/images/S/compressed.photo.goodreads.com/books/1598823299i/42844155._SX50_.jpg,5,333.0,cover_1.png
"The Hunger Games (The Hunger Games, #1)",https://www.goodreads.com/book/show/2767052-the-hunger-games,Suzanne Collins,4.35,10251446,https://i.gr-assets.com/images/S/compressed.photo.goodreads.com/books/1586722975i/2767052._SX50_.jpg,4,374.0,cover_2.png
To Kill a Mockingbird,https://www.goodreads.com/book/show/2657.To_Kill_a_Mockingbird,Harper Lee,4.26,7105016,https://i.gr-assets.com/images/S/compressed.photo.goodreads.com/books/1553383690i/2657._SY75_.jpg,5,323.0,cover_3.png
"The Hobbit, or There and Back Again",https://www.goodreads.com/book/show/5907.The_Hobbit_or_There_and_Back_Again,J.R.R. Tolkien,4.30,4616937,https://i.gr-assets.com/images/S/compressed.photo.goodreads.com/books/1546071216i/5907._SY75_.jpg,5,366.0,cover_4.png
"Harry Potter and the Prisoner of Azkaban (Harry Potter, #3)",https://www.goodreads.com/book/show/5.Harry_Potter_and_the_Prisoner_of_Azkaban,J.K. Rowling,4.58,5024614,https://i.gr-assets.com/images/S/compressed.photo.goodreads.com/books/1630547330i/5._SY75_.jpg,4,547.0,cover_5.png
1984,https://www.goodreads.com/book/show/61439040-1984,George Orwell,4.21,5739922,https://i.gr-assets.com/images/S/compressed.photo.goodreads.com/books/1657781256i/61439040._SX50_.jpg,5,368.0,cover_6.png
"Harry Potter and the Goblet of Fire (Harry Potter, #4)",https://www.goodreads.com/book/show/6.Harry_Potter_and_the_Goblet_of_Fire,J.K. Rowling,4.57,4334494,https://i.gr-assets.com/images/S/compressed.photo.goodreads.com/books/1554006152i/6._SX50_.jpg,5,734.0,cover_7.png
Pride and Prejudice,https://www.goodreads.com/book/show/1885.Pride_and_Prejudice,Jane Austen,4.30,4994266,https://i.gr-assets.com/images/S/compressed.photo.goodreads.com/books/1320399351i/1885._SY75_.jpg,4,279.0,cover_8.png
"Harry Potter and the Deathly Hallows (Harry Potter, #7)",https://www.goodreads.com/book/show/136251.Harry_Potter_and_the_Deathly_Hallows,J.K. Rowling,4.62,4222534,https://i.gr-assets.com/images/S/compressed.photo.goodreads.com/books/1663805647i/136251._SY75_.jpg,5,759.0,cover_9.png
"Harry Potter and the Chamber of Secrets (Harry Potter, #2)",https://www.goodreads.com/book/show/15881.Harry_Potter_and_the_Chamber_of_Secrets,J.K. Rowling,4.43,4657174,https://i.gr-assets.com/images/S/compressed.photo.goodreads.com/books/1474169725i/15881._SY75_.jpg,4,341.0,cover_10.png
Animal Farm,https://www.goodreads.com/book/show/170448.Animal_Farm,George Orwell,4.03,4784076,https://i.gr-assets.com/images/S/compressed.photo.goodreads.com/books/1325861570i/170448._SY75_.jpg,5,141.0,cover_11.png
"Harry Potter and the Order of the Phoenix (Harry Potter, #5)",https://www.goodreads.com/book/show/2.Harry_Potter_and_the_Order_of_the_Phoenix,J.K. Rowling,4.50,3913222,https://i.gr-assets.com/images/S/compressed.photo.goodreads.com/books/1786592302i/2._SX50_.jpg,4,576.0,cover_12.png
"Harry Potter and the Half-Blood Prince (Harry Potter, #6)",https://www.goodreads.com/book/show/1.Harry_Potter_and_the_Half_Blood_Prince,J.K. Rowling,4.58,3764932,https://i.gr-assets.com/images/S/compressed.photo.goodreads.com/books/1587697303i/1._SX50_.jpg,4,652.0,cover_13.png
"The Fellowship of the Ring (The Lord of the Rings, #1)",https://www.goodreads.com/book/show/61215351-the-fellowship-of-the-ring,J.R.R. Tolkien,4.41,3231219,https://i.gr-assets.com/images/S/compressed.photo.goodreads.com/books/1654215925i/61215351._SY75_.jpg,5,432.0,cover_14.png
"Catching Fire (The Hunger Games, #2)",https://www.goodreads.com/book/show/6148028-catching-fire,Suzanne Collins,4.36,4320008,https://i.gr-assets.com/images/S/compressed.photo.goodreads.com/books/1586722941i/6148028._SY75_.jpg,4,391.0,cover_15.png
The Great Gatsby,https://www.goodreads.com/book/show/4671.The_Great_Gatsby,F. Scott Fitzgerald,3.93,6125603,https://i.gr-assets.com/images/S/compressed.photo.goodreads.com/books/1738790966i/4671._SY75_.jpg,4,180.0,cover_16.png
The Diary of a Young Girl,https://www.goodreads.com/book/show/48855.The_Diary_of_a_Young_Girl,Anne Frank,4.20,4320427,https://i.gr-assets.com/images/S/compressed.photo.goodreads.com/books/1560816565i/48855._SY75_.jpg,0,283.0,cover_17.png
"The Lion, the Witch and the Wardrobe (Chronicles of Narnia, #1)",https://www.goodreads.com/book/show/100915.The_Lion_the_Witch_and_the_Wardrobe,C.S. Lewis,4.24,3222154,https://i.gr-assets.com/images/S/compressed.photo.goodreads.com/books/1353029077i/100915._SY75_.jpg,3,206.0,cover_18.png
"Mockingjay (The Hunger Games, #3)",https://www.goodreads.com/book/show/7260188-mockingjay,Suzanne Collins,4.13,3862703,https://i.gr-assets.com/images/S/compressed.photo.goodreads.com/books/1586722918i/7260188._SY75_.jpg,4,390.0,cover_19.png
The Kite Runner,https://www.goodreads.com/book/show/77203.The_Kite_Runner,Khaled Hosseini,4.36,3601618,https://i.gr-assets.com/images/S/compressed.photo.goodreads.com/books/1579036753i/77203._SY75_.jpg,4,371.0,cover_20.png
"A Game of Thrones (A Song of Ice and Fire, #1)",https://www.goodreads.com/book/show/13496.A_Game_of_Thrones,George R.R. Martin,4.45,2809864,https://i.gr-assets.com/images/S/compressed.photo.goodreads.com/books/1562726234i/13496._SY75_.jpg,5,835.0,cover_21.png
"The Da Vinci Code (Robert Langdon, #2)",https://www.goodreads.com/book/show/968.The_Da_Vinci_Code,Dan Brown,3.94,2579548,https://i.gr-assets.com/images/S/compressed.photo.goodreads.com/books/1720313229i/968._SY75_.jpg,4,489.0,cover_22.png
Lord of the Flies,https://www.goodreads.com/book/show/7624.Lord_of_the_Flies,William Golding,3.70,3307005,https://i.gr-assets.com/images/S/compressed.photo.goodreads.com/books/1327869409i/7624._SY75_.jpg,3,182.0,cover_23.png
The Catcher in the Rye,https://www.goodreads.com/book/show/5107.The_Catcher_in_the_Rye,J.D. Salinger,3.80,4003227,https://i.gr-assets.com/images/S/compressed.photo.goodreads.com/books/1398034300i/5107._SY75_.jpg,4,277.0,cover_24.png
The Fault in Our Stars,https://www.goodreads.com/book/show/11870085-the-fault-in-our-stars,John Green,4.12,5871258,https://i.gr-assets.com/images/S/compressed.photo.goodreads.com/books/1660273739i/11870085._SX50_.jpg,4,313.0,cover_25.png
"Divergent (Divergent, #1)",https://www.goodreads.com/book/show/13335037-divergent,Veronica Roth,4.13,4481230,https://i.gr-assets.com/images/S/compressed.photo.goodreads.com/books/1618526890i/13335037._SY75_.jpg,0,487.0,cover_26.png
"The Girl With the Dragon Tattoo (Millennium, #1)",https://www.goodreads.com/book/show/2429135.The_Girl_With_the_Dragon_Tattoo,Stieg Larsson,4.18,3521502,https://i.gr-assets.com/images/S/compressed.photo.goodreads.com/books/1684638853i/2429135._SX50_.jpg,5,480.0,cover_27.png
"The Lightning Thief (Percy Jackson and the Olympians, #1)",https://www.goodreads.com/book/show/123675190-the-lightning-thief,Rick Riordan,4.31,3553289,https://i.gr-assets.com/images/S/compressed.photo.goodreads.com/books/1684776677i/123675190._SX50_.jpg,3,416.0,cover_28.png
"Twilight (The Twilight Saga, #1)",https://www.goodreads.com/book/show/41865.Twilight,Stephenie Meyer,3.68,7496200,https://i.gr-assets.com/images/S/compressed.photo.goodreads.com/books/1700522826i/41865._SY75_.jpg,0,498.0,cover_29.png
The Book Thief,https://www.goodreads.com/book/show/19063.The_Book_Thief,Markus Zusak,4.39,2971522,https://i.gr-assets.com/images/S/compressed.photo.goodreads.com/books/1522157426i/19063._SY75_.jpg,4,592.0,cover_30.png
Jane Eyre,https://www.goodreads.com/book/show/10210.Jane_Eyre,Charlotte Brontë,4.16,2407163,https://i.gr-assets.com/images/S/compressed.photo.goodreads.com/books/1557343311i/10210._SY75_.jpg,0,532.0,cover_31.png
Fahrenheit 451,https://www.goodreads.com/book/show/13079982-fahrenheit-451,Ray Bradbury,3.97,2978255,https://i.gr-assets.com/images/S/compressed.photo.goodreads.com/books/1383718290i/13079982._SY75_.jpg,4,249.0,cover_32.png
Romeo and Juliet,https://www.goodreads.com/book/show/18135.Romeo_and_Juliet,William Shakespeare,3.74,2886029,https://i.gr-assets.com/images/S/compressed.photo.goodreads.com/books/1629680008i/18135._SY75_.jpg,0,281.0,cover_33.png
Of Mice and Men,https://www.goodreads.com/book/show/890.Of_Mice_and_Men,John Steinbeck,3.90,2942140,https://i.gr-assets.com/images/S/compressed.photo.goodreads.com/books/1511302904i/890._SX50_.jpg,4,107.0,cover_34.png
"Little Women (Little Women, #1)",https://www.goodreads.com/book/show/1934.Little_Women,Louisa May Alcott,4.18,2536268,https://i.gr-assets.com/images/S/compressed.photo.goodreads.com/books/1562690475i/1934._SY75_.jpg,0,449.0,cover_35.png
The Help,https://www.goodreads.com/book/show/4667024-the-help,Kathryn Stockett,4.47,3091143,https://i.gr-assets.com/images/S/compressed.photo.goodreads.com/books/1622355533i/4667024._SY75_.jpg,0,451.0,cover_36.png
"The Hitchhiker’s Guide to the Galaxy (The Hitchhiker's Guide to the Galaxy, #1)",https://www.goodreads.com/book/show/386162.The_Hitchhiker_s_Guide_to_the_Galaxy,Douglas Adams,4.22,2071918,https://i.gr-assets.com/images/S/compressed.photo.goodreads.com/books/1559986152l/386162._SX50_SY75_.jpg,4,193.0,cover_37.png
Memoirs of a Geisha,https://www.goodreads.com/book/show/930.Memoirs_of_a_Geisha,Arthur Golden,4.16,2142626,https://i.gr-assets.com/images/S/compressed.photo.goodreads.com/books/1388367666i/930._SY75_.jpg,0,434.0,cover_38.png
"Angels & Demons (Robert Langdon, #1)",https://www.goodreads.com/book/show/960.Angels_Demons,Dan Brown,3.96,3455583,https://i.gr-assets.com/images/S/compressed.photo.goodreads.com/books/1696691404i/960._SY75_.jpg,4,736.0,cover_39.png
The Alchemist,https://www.goodreads.com/book/show/18144590-the-alchemist,Paulo Coelho,3.92,3738940,https://i.gr-assets.com/images/S/compressed.photo.goodreads.com/books/1654371463i/18144590._SY75_.jpg,4,182.0,cover_40.png
The Little Prince,https://www.goodreads.com/book/show/157993.The_Little_Prince,Antoine de Saint-Exupéry,4.34,2596085,https://i.gr-assets.com/images/S/compressed.photo.goodreads.com/books/1367545443i/157993._SY75_.jpg,5,96.0,cover_41.png
"The Giver (Giver, #1)",https://www.goodreads.com/book/show/3636.The_Giver,Lois Lowry,4.12,2896922,https://i.gr-assets.com/images/S/compressed.photo.goodreads.com/books/1342493368i/3636._SY75_.jpg,4,208.0,cover_42.png
Brave New World,https://www.goodreads.com/book/show/5129.Brave_New_World,Aldous Huxley,3.98,2147771,https://i.gr-assets.com/images/S/compressed.photo.goodreads.com/books/1575509280i/5129._SY75_.jpg,4,288.0,cover_43.png
Gone Girl,https://www.goodreads.com/book/show/21480930-gone-girl,Gillian Flynn,4.15,3548765,https://i.gr-assets.com/images/S/compressed.photo.goodreads.com/books/1553964259i/21480930._SY75_.jpg,4,560.0,cover_44.png
The Time Traveler's Wife,https://www.goodreads.com/book/show/18619684-the-time-traveler-s-wife,Audrey Niffenegger,4.00,1876955,https://i.gr-assets.com/images/S/compressed.photo.goodreads.com/books/1733519901i/18619684._SX50_.jpg,4,537.0,cover_45.png
Charlotte’s Web,https://www.goodreads.com/book/show/24178.Charlotte_s_Web,E.B. White,4.21,2101649,https://i.gr-assets.com/images/S/compressed.photo.goodreads.com/books/1628267712i/24178._SY75_.jpg,0,184.0,cover_46.png
The Lovely Bones,https://www.goodreads.com/book/show/12232938-the-lovely-bones,Alice Sebold,3.86,2487217,https://i.gr-assets.com/images/S/compressed.photo.goodreads.com/books/1457810586i/12232938._SY75_.jpg,0,372.0,cover_47.png
"Ender’s Game (Ender's Saga, #1)",https://www.goodreads.com/book/show/375802.Ender_s_Game,Orson Scott Card,4.31,1501731,https://i.gr-assets.com/images/S/compressed.photo.goodreads.com/books/1408303130i/375802._SY75_.jpg,0,324.0,cover_48.png
"City of Bones (The Mortal Instruments, #1)",https://www.goodreads.com/book/show/256683.City_of_Bones,Cassandra Clare,4.06,2212233,https://i.gr-assets.com/images/S/compressed.photo.goodreads.com/books/1432730315i/256683._SY75_.jpg,0,485.0,cover_49.png
Eragon (The Inheritance Cycle #1),https://www.goodreads.com/book/show/113436.Eragon,Christopher Paolini,3.97,1983597,https://i.gr-assets.com/images/S/compressed.photo.goodreads.com/books/1366212852i/113436._SX50_.jpg,0,503.0,cover_50.png
"The Golden Compass (His Dark Materials, #1)",https://www.goodreads.com/book/show/119322.The_Golden_Compass,Philip Pullman,4.04,1644514,https://i.gr-assets.com/images/S/compressed.photo.goodreads.com/books/1505766203i/119322._SX50_.jpg,5,399.0,cover_51.png
Wuthering Heights,https://www.goodreads.com/book/show/6185.Wuthering_Heights,Emily Brontë,3.89,2284571,https://i.gr-assets.com/images/S/compressed.photo.goodreads.com/books/1388212715i/6185._SY75_.jpg,0,464.0,cover_52.png
Life of Pi,https://www.goodreads.com/book/show/4214.Life_of_Pi,Yann Martel,3.94,1785222,https://i.gr-assets.com/images/S/compressed.photo.goodreads.com/books/1631251689i/4214._SY75_.jpg,0,460.0,cover_53.png
"The Adventures of Huckleberry Finn (Adventures of Tom and Huck, #2)",https://www.goodreads.com/book/show/2956.The_Adventures_of_Huckleberry_Finn,Mark Twain,3.83,1352442,https://i.gr-assets.com/images/S/compressed.photo.goodreads.com/books/1546096879i/2956._SX50_.jpg,4,327.0,cover_54.png
The Perks of Being a Wallflower,https://www.goodreads.com/book/show/22628.The_Perks_of_Being_a_Wallflower,Stephen Chbosky,4.24,2067378,https://i.gr-assets.com/images/S/compressed.photo.goodreads.com/books/1650033115i/22628._SX50_.jpg,5,213.0,cover_55.png
"Breaking Dawn (The Twilight Saga, #4)",https://www.goodreads.com/book/show/1162543.Breaking_Dawn,Stephenie Meyer,3.76,1913205,https://i.gr-assets.com/images/S/compressed.photo.goodreads.com/books/1361039438i/1162543._SY75_.jpg,0,756.0,cover_56.png
"Eclipse (The Twilight Saga, #3)",https://www.goodreads.com/book/show/428263.Eclipse,Stephenie Meyer,3.75,2036082,https://i.gr-assets.com/images/S/compressed.photo.goodreads.com/books/1361038355i/428263._SY75_.jpg,0,629.0,cover_57.png
"New Moon (The Twilight Saga, #2)",https://www.goodreads.com/book/show/49041.New_Moon,Stephenie Meyer,3.62,2176994,https://i.gr-assets.com/images/S/compressed.photo.goodreads.com/books/1630592760i/49041._SX50_.jpg,0,563.0,cover_58.png
The Girl on the Train,https://www.goodreads.com/book/show/22557272-the-girl-on-the-train,Paula Hawkins,3.96,3382297,https://i.gr-assets.com/images/S/compressed.photo.goodreads.com/books/1748242265i/22557272._SY75_.jpg,0,336.0,cover_59.png
And Then There Were None,https://www.goodreads.com/book/show/16299.And_Then_There_Were_None,Agatha Christie,4.27,1703433,https://i.gr-assets.com/images/S/compressed.photo.goodreads.com/books/1638425885i/16299._SY75_.jpg,4,264.0,cover_60.png
Where the Crawdads Sing,https://www.goodreads.com/book/show/42421761-where-the-crawdads-sing,Delia Owens,4.37,3782088,https://i.gr-assets.com/images/S/compressed.photo.goodreads.com/books/1628280044i/42421761._SY75_.jpg,4,370.0,cover_61.png
The Handmaid's Tale,https://www.goodreads.com/book/show/34454589-the-handmaid-s-tale,Margaret Atwood,4.16,2550461,https://i.gr-assets.com/images/S/compressed.photo.goodreads.com/books/1488552336i/34454589._SY75_.jpg,4,320.0,cover_62.png
The Curious Incident of the Dog in the Night-Time,https://www.goodreads.com/book/show/1618.The_Curious_Incident_of_the_Dog_in_the_Night_Time,Mark Haddon,3.89,1631010,https://i.gr-assets.com/images/S/compressed.photo.goodreads.com/books/1479863624i/1618._SY75_.jpg,4,226.0,cover_63.png
A Thousand Splendid Suns,https://www.goodreads.com/book/show/128029.A_Thousand_Splendid_Suns,Khaled Hosseini,4.46,1812204,https://i.gr-assets.com/images/S/compressed.photo.goodreads.com/books/1655336738i/128029._SY75_.jpg,0,372.0,cover_64.png
Frankenstein: The 1818 Text,https://www.goodreads.com/book/show/35031085-frankenstein,Mary Wollstonecraft Shelley,3.92,1994313,https://i.gr-assets.com/images/S/compressed.photo.goodreads.com/books/1631088473i/35031085._SY75_.jpg,0,260.0,cover_65.png
Water for Elephants,https://www.goodreads.com/book/show/43641.Water_for_Elephants,Sara Gruen,4.12,1725194,https://i.gr-assets.com/images/S/compressed.photo.goodreads.com/books/1667708346i/43641._SY75_.jpg,0,368.0,cover_66.png
"Fifty Shades of Grey (Fifty Shades, #1)",https://www.goodreads.com/book/show/10818853-fifty-shades-of-grey,E.L. James,3.67,2923259,https://i.gr-assets.com/images/S/compressed.photo.goodreads.com/books/1385207843i/10818853._SX50_.jpg,0,356.0,cover_67.png
Dracula,https://www.goodreads.com/book/show/17245.Dracula,Bram Stoker,4.03,1536059,https://i.gr-assets.com/images/S/compressed.photo.goodreads.com/books/1387151694i/17245._SY75_.jpg,0,488.0,cover_68.png
Slaughterhouse-Five,https://www.goodreads.com/book/show/4981.Slaughterhouse_Five,Kurt Vonnegut Jr.,4.10,1524247,https://i.gr-assets.com/images/S/compressed.photo.goodreads.com/books/1440319389i/4981._SY75_.jpg,4,275.0,cover_69.png
"The Notebook (The Notebook, #1)",https://www.goodreads.com/book/show/33648131-the-notebook,Nicholas Sparks,4.17,1871281,https://i.gr-assets.com/images/S/compressed.photo.goodreads.com/books/1483183484i/33648131._SY75_.jpg,0,227.0,cover_70.png
Where the Sidewalk Ends: Poems and Drawings,https://www.goodreads.com/book/show/20076302-where-the-sidewalk-ends,Shel Silverstein,4.35,1538278,https://i.gr-assets.com/images/S/compressed.photo.goodreads.com/books/1442291723i/20076302._SX50_.jpg,0,176.0,cover_71.png
The Seven Husbands of Evelyn Hugo,https://www.goodreads.com/book/show/32620332-the-seven-husbands-of-evelyn-hugo,Taylor Jenkins Reid,4.39,4407480,https://i.gr-assets.com/images/S/compressed.photo.goodreads.com/books/1664458703i/32620332._SY75_.jpg,3,389.0,cover_72.png
Night,https://www.goodreads.com/book/show/1617.Night,Elie Wiesel,4.38,1400302,https://i.gr-assets.com/images/S/compressed.photo.goodreads.com/books/1709507006i/1617._SY75_.jpg,0,120.0,cover_73.png
The Martian,https://www.goodreads.com/book/show/18007564-the-martian,Andy Weir,4.42,1373415,https://i.gr-assets.com/images/S/compressed.photo.goodreads.com/books/1413706054i/18007564._SY75_.jpg,0,369.0,cover_74.png
"The Shining (The Shining, #1)",https://www.goodreads.com/book/show/11588.The_Shining,Stephen King,4.28,1763835,https://i.gr-assets.com/images/S/compressed.photo.goodreads.com/books/1353277730i/11588._SY75_.jpg,0,497.0,cover_75.png
Educated,https://www.goodreads.com/book/show/35133922-educated,Tara Westover,4.46,1965001,https://i.gr-assets.com/images/S/compressed.photo.goodreads.com/books/1774287363i/35133922._SY75_.jpg,0,352.0,cover_76.png
"Dune (Dune, #1)",https://www.goodreads.com/book/show/44767458-dune,Frank Herbert,4.29,1702123,https://i.gr-assets.com/images/S/compressed.photo.goodreads.com/books/1555447414i/44767458._SY75_.jpg,0,658.0,cover_77.png
"A Court of Thorns and Roses (A Court of Thorns and Roses, #1)",https://www.goodreads.com/book/show/50659467-a-court-of-thorns-and-roses,Sarah J. Maas,4.15,4558904,https://i.gr-assets.com/images/S/compressed.photo.goodreads.com/books/1620324329i/50659467._SY75_.jpg,0,419.0,cover_78.png
"Eat, Pray, Love",https://www.goodreads.com/book/show/19501.Eat_Pray_Love,Elizabeth Gilbert,3.65,1868478,https://i.gr-assets.com/images/S/compressed.photo.goodreads.com/books/1503066414i/19501._SY75_.jpg,0,368.0,cover_79.png
All the Light We Cannot See,https://www.goodreads.com/book/show/18143977-all-the-light-we-cannot-see,Anthony Doerr,4.30,2063716,https://i.gr-assets.com/images/S/compressed.photo.goodreads.com/books/1451445646i/18143977._SY75_.jpg,4,531.0,cover_80.png
The Picture of Dorian Gray,https://www.goodreads.com/book/show/5297.The_Picture_of_Dorian_Gray,Oscar Wilde,4.13,1992511,https://i.gr-assets.com/images/S/compressed.photo.goodreads.com/books/1546103428i/5297._SY75_.jpg,5,272.0,cover_81.png
Sense and Sensibility,https://www.goodreads.com/book/show/14935.Sense_and_Sensibility,Jane Austen,4.09,1334931,https://i.gr-assets.com/images/S/compressed.photo.goodreads.com/books/1397245675i/14935._SY75_.jpg,0,409.0,cover_82.png
The Old Man and the Sea,https://www.goodreads.com/book/show/2165.The_Old_Man_and_the_Sea,Ernest Hemingway,3.82,1370514,https://i.gr-assets.com/images/S/compressed.photo.goodreads.com/books/1329189714i/2165._SY75_.jpg,5,96.0,cover_83.png
"Me Before You (Me Before You, #1)",https://www.goodreads.com/book/show/17347634-me-before-you,Jojo Moyes,4.26,1843836,https://i.gr-assets.com/images/S/compressed.photo.goodreads.com/books/1665087720i/17347634._SY75_.jpg,0,369.0,cover_84.png
The Silent Patient,https://www.goodreads.com/book/show/40097951-the-silent-patient,Alex Michaelides,4.16,3586772,https://i.gr-assets.com/images/S/compressed.photo.goodreads.com/books/1668782119i/40097951._SY75_.jpg,3,336.0,cover_85.png
"Insurgent (Divergent, #2)",https://www.goodreads.com/book/show/11735983-insurgent,Veronica Roth,3.96,1653996,https://i.gr-assets.com/images/S/compressed.photo.goodreads.com/books/1618525340i/11735983._SY75_.jpg,0,525.0,cover_86.png
"The Maze Runner (The Maze Runner, #1)",https://www.goodreads.com/book/show/6186357-the-maze-runner,James Dashner,4.06,1743694,https://i.gr-assets.com/images/S/compressed.photo.goodreads.com/books/1375596592i/6186357._SY75_.jpg,4,384.0,cover_87.png
Gone with the Wind,https://www.goodreads.com/book/show/18405.Gone_with_the_Wind,Margaret Mitchell,4.32,1270501,https://i.gr-assets.com/images/S/compressed.photo.goodreads.com/books/1551144577i/18405._SY75_.jpg,0,1037.0,cover_88.png
"It Ends with Us (It Ends with Us, #1)",https://www.goodreads.com/book/show/27362503-it-ends-with-us,Colleen Hoover,4.06,4818598,https://i.gr-assets.com/images/S/compressed.photo.goodreads.com/books/1688011813i/27362503._SY75_.jpg,0,386.0,cover_89.png
The Outsiders,https://www.goodreads.com/book/show/231804.The_Outsiders,S.E. Hinton,4.15,1683529,https://i.gr-assets.com/images/S/compressed.photo.goodreads.com/books/1442129426i/231804._SY75_.jpg,0,208.0,cover_90.png
"Holes (Holes, #1)",https://www.goodreads.com/book/show/38709.Holes,Louis Sachar,4.02,1398183,https://i.gr-assets.com/images/S/compressed.photo.goodreads.com/books/1618269830i/38709._SX50_.jpg,0,272.0,cover_91.png
"The Midnight Library (The Midnight World, #1)",https://www.goodreads.com/book/show/52578297-the-midnight-library,Matt Haig,3.97,2657936,https://i.gr-assets.com/images/S/compressed.photo.goodreads.com/books/1602190253i/52578297._SY75_.jpg,4,288.0,cover_92.png
"Ready Player One (Ready Player One, #1)",https://www.goodreads.com/book/show/9969571-ready-player-one,Ernest Cline,4.22,1341933,https://i.gr-assets.com/images/S/compressed.photo.goodreads.com/books/1500930947i/9969571._SY75_.jpg,0,480.0,cover_93.png
"A Wrinkle in Time (Time Quintet, #1)",https://www.goodreads.com/book/show/33574273-a-wrinkle-in-time,Madeleine L'Engle,3.97,1310808,https://i.gr-assets.com/images/S/compressed.photo.goodreads.com/books/1507963312i/33574273._SX50_.jpg,0,218.0,cover_94.png
"Miss Peregrine's Home for Peculiar Children (Miss Peregrine's Peculiar Children, #1)",https://www.goodreads.com/book/show/9460487-miss-peregrine-s-home-for-peculiar-children,Ransom Riggs,3.92,1379242,https://i.gr-assets.com/images/S/compressed.photo.goodreads.com/books/1623449170i/9460487._SY75_.jpg,0,352.0,cover_95.png
The Secret Life of Bees,https://www.goodreads.com/book/show/37435.The_Secret_Life_of_Bees,Sue Monk Kidd,4.10,1371668,https://i.gr-assets.com/images/S/compressed.photo.goodreads.com/books/1628532099i/37435._SY75_.jpg,0,352.0,cover_96.png
The Secret Garden,https://www.goodreads.com/book/show/2998.The_Secret_Garden,Frances Hodgson Burnett,4.17,1335314,https://i.gr-assets.com/images/S/compressed.photo.goodreads.com/books/1327873635i/2998._SY75_.jpg,0,331.0,cover_97.png
The Odyssey,https://www.goodreads.com/book/show/1381.The_Odyssey,Homer,3.85,1273963,https://i.gr-assets.com/images/S/compressed.photo.goodreads.com/books/1711957706i/1381._SY75_.jpg,0,541.0,cover_98.png
The Song of Achilles,https://www.goodreads.com/book/show/13623848-the-song-of-achilles,Madeline Miller,4.30,2164238,https://i.gr-assets.com/images/S/compressed.photo.goodreads.com/books/1357177533i/13623848._SY75_.jpg,3,408.0,cover_99.png
Eleanor & Park,https://www.goodreads.com/book/show/15745753-eleanor-park,Rainbow Rowell,3.92,1280306,https://i.gr-assets.com/images/S/compressed.photo.goodreads.com/books/1341952742i/15745753._SX50_.jpg,0,328.0,cover_100.png
Looking for Alaska,https://www.goodreads.com/book/show/99561.Looking_for_Alaska,John Green,3.96,1783985,https://i.gr-assets.com/images/S/compressed.photo.goodreads.com/books/1652042180i/99561._SY75_.jpg,4,221.0,cover_101.png
Eleanor Oliphant Is Completely Fine,https://www.goodreads.com/book/show/31434883-eleanor-oliphant-is-completely-fine,Gail Honeyman,4.22,1488994,https://i.gr-assets.com/images/S/compressed.photo.goodreads.com/books/1493724347i/31434883._SY75_.jpg,4,336.0,cover_102.png
"The Housemaid (The Housemaid, #1)",https://www.goodreads.com/book/show/60556912-the-housemaid,Freida McFadden,4.26,3944176,https://i.gr-assets.com/images/S/compressed.photo.goodreads.com/books/1646534743i/60556912._SY75_.jpg,0,338.0,cover_103.png
"Fourth Wing (The Empyrean, #1)",https://www.goodreads.com/book/show/61431922-fourth-wing,Rebecca Yarros,4.56,3928559,https://i.gr-assets.com/images/S/compressed.photo.goodreads.com/books/1761312598i/61431922._SY75_.jpg,0,517.0,cover_104.png
The Giving Tree,https://www.goodreads.com/book/show/370493.The_Giving_Tree,Shel Silverstein,4.39,1262255,https://i.gr-assets.com/images/S/compressed.photo.goodreads.com/books/1769901237i/370493._SX50_.jpg,0,64.0,cover_105.png
Verity,https://www.goodreads.com/book/show/59344312-verity,Colleen Hoover,4.29,4129987,https://i.gr-assets.com/images/S/compressed.photo.goodreads.com/books/1634158558i/59344312._SY75_.jpg,0,336.0,cover_106.png
The Nightingale,https://www.goodreads.com/book/show/21853621-the-nightingale,Kristin Hannah,4.65,2361491,https://i.gr-assets.com/images/S/compressed.photo.goodreads.com/books/1681839850i/21853621._SY75_.jpg,4,564.0,cover_107.png
The Stranger,https://www.goodreads.com/book/show/49552.The_Stranger,Albert Camus,4.03,1517616,https://i.gr-assets.com/images/S/compressed.photo.goodreads.com/books/1738704267i/49552._SY75_.jpg,5,123.0,cover_108.png
A Man Called Ove,https://www.goodreads.com/book/show/18774964-a-man-called-ove,Fredrik Backman,4.38,1275636,https://i.gr-assets.com/images/S/compressed.photo.goodreads.com/books/1405259930i/18774964._SY75_.jpg,4,337.0,cover_109.png
"A Court of Mist and Fury (A Court of Thorns and Roses, #2)",https://www.goodreads.com/book/show/50659468-a-court-of-mist-and-fury,Sarah J. Maas,4.63,3456360,https://i.gr-assets.com/images/S/compressed.photo.goodreads.com/books/1620325671i/50659468._SY75_.jpg,0,626.0,cover_110.png
"The Selection (The Selection, #1)",https://www.goodreads.com/book/show/10507293-the-selection,Kiera Cass,4.07,1813782,https://i.gr-assets.com/images/S/compressed.photo.goodreads.com/books/1322103400i/10507293._SY75_.jpg,0,336.0,cover_111.png
"Throne of Glass (Throne of Glass, #1)",https://www.goodreads.com/book/show/16034235-throne-of-glass,Sarah J. Maas,4.18,2668323,https://i.gr-assets.com/images/S/compressed.photo.goodreads.com/books/1419066050i/16034235._SY75_.jpg,0,406.0,cover_112.png
"The Sea of Monsters (Percy Jackson and the Olympians, #2)",https://www.goodreads.com/book/show/28186.The_Sea_of_Monsters,Rick Riordan,4.24,1421322,https://i.gr-assets.com/images/S/compressed.photo.goodreads.com/books/1400602661i/28186._SX50_.jpg,0,279.0,cover_113.png
Circe,https://www.goodreads.com/book/show/35959740-circe,Madeline Miller,4.22,1458882,https://i.gr-assets.com/images/S/compressed.photo.goodreads.com/books/1565909496i/35959740._SY75_.jpg,0,393.0,cover_114.png
"Six of Crows (Six of Crows, #1)",https://www.goodreads.com/book/show/23437156-six-of-crows,Leigh Bardugo,4.45,1209131,https://i.gr-assets.com/images/S/compressed.photo.goodreads.com/books/1651710803i/23437156._SY75_.jpg,0,465.0,cover_115.png
My Sister's Keeper,https://www.goodreads.com/book/show/10917.My_Sister_s_Keeper,Jodi Picoult,4.11,1290617,https://i.gr-assets.com/images/S/compressed.photo.goodreads.com/books/1369504683i/10917._SY75_.jpg,0,423.0,cover_116.png
Where the Wild Things Are,https://www.goodreads.com/book/show/19543.Where_the_Wild_Things_Are,Maurice Sendak,4.26,1086805,https://i.gr-assets.com/images/S/compressed.photo.goodreads.com/books/1384434560i/19543._SX50_.jpg,0,38.0,cover_117.png
The Metamorphosis,https://www.goodreads.com/book/show/485894.The_Metamorphosis,Franz Kafka,3.91,1545337,https://i.gr-assets.com/images/S/compressed.photo.goodreads.com/books/1646444605i/485894._SY75_.jpg,5,201.0,cover_118.png
The Invisible Life of Addie LaRue,https://www.goodreads.com/book/show/50623864-the-invisible-life-of-addie-larue,V.E. Schwab,4.16,1619191,https://i.gr-assets.com/images/S/compressed.photo.goodreads.com/books/1584633432i/50623864._SY75_.jpg,0,448.0,cover_119.png
"The Last Olympian (Percy Jackson and the Olympians, #5)",https://www.goodreads.com/book/show/4556058-the-last-olympian,Rick Riordan,4.56,1189509,https://i.gr-assets.com/images/S/compressed.photo.goodreads.com/books/1723393514i/4556058._SY75_.jpg,0,381.0,cover_120.png
"The Titan’s Curse (Percy Jackson and the Olympians, #3)",https://www.goodreads.com/book/show/561456.The_Titan_s_Curse,Rick Riordan,4.37,1263496,https://i.gr-assets.com/images/S/compressed.photo.goodreads.com/books/1361038385i/561456._SY75_.jpg,0,352.0,cover_121.png
The Glass Castle,https://www.goodreads.com/book/show/7445.The_Glass_Castle,Jeannette Walls,4.33,1407161,https://i.gr-assets.com/images/S/compressed.photo.goodreads.com/books/1523542886i/7445._SY75_.jpg,0,288.0,cover_122.png
Sapiens: A Brief History of Humankind,https://www.goodreads.com/book/show/23692271-sapiens,Yuval Noah Harari,4.32,1323716,https://i.gr-assets.com/images/S/compressed.photo.goodreads.com/books/1703329310i/23692271._SY75_.jpg,5,512.0,cover_123.png
The Love Hypothesis,https://www.goodreads.com/book/show/56732449-the-love-hypothesis,Ali Hazelwood,4.09,2087045,https://i.gr-assets.com/images/S/compressed.photo.goodreads.com/books/1747519081i/56732449._SY75_.jpg,0,383.0,cover_124.png
I'm Glad My Mom Died,https://www.goodreads.com/book/show/59366244-i-m-glad-my-mom-died,Jennette McCurdy,4.42,1612555,https://i.gr-assets.com/images/S/compressed.photo.goodreads.com/books/1649228846i/59366244._SY75_.jpg,0,304.0,cover_125.png
Book Lovers,https://www.goodreads.com/book/show/58690308-book-lovers,Emily Henry,4.08,1681480,https://i.gr-assets.com/images/S/compressed.photo.goodreads.com/books/1638867089i/58690308._SY75_.jpg,0,377.0,cover_126.png
Paper Towns,https://www.goodreads.com/book/show/6442769-paper-towns,John Green,3.70,1518669,https://i.gr-assets.com/images/S/compressed.photo.goodreads.com/books/1349013610i/6442769._SX50_.jpg,0,305.0,cover_127.png
Little Fires Everywhere,https://www.goodreads.com/book/show/34273236-little-fires-everywhere,Celeste Ng,4.06,1350479,https://i.gr-assets.com/images/S/compressed.photo.goodreads.com/books/1522684533i/34273236._SY75_.jpg,0,338.0,cover_128.png
"The Cruel Prince (The Folk of the Air, #1)",https://www.goodreads.com/book/show/26032825-the-cruel-prince,Holly Black,4.00,1860925,https://i.gr-assets.com/images/S/compressed.photo.goodreads.com/books/1574535986i/26032825._SY75_.jpg,0,384.0,cover_129.png
"Harry Potter and the Cursed Child: Parts One and Two (Harry Potter, #8)",https://www.goodreads.com/book/show/29056083-harry-potter-and-the-cursed-child,J.K. Rowling,3.47,1169861,https://i.gr-assets.com/images/S/compressed.photo.goodreads.com/books/1470082995i/29056083._SY75_.jpg,0,343.0,cover_130.png
It,https://www.goodreads.com/book/show/830502.It,Stephen King,4.24,1316597,https://i.gr-assets.com/images/S/compressed.photo.goodreads.com/books/1334416842i/830502._SY75_.jpg,0,1184.0,cover_131.png
"The Battle of the Labyrinth (Percy Jackson and the Olympians, #4)",https://www.goodreads.com/book/show/2120932.The_Battle_of_the_Labyrinth,Rick Riordan,4.42,1257825,https://i.gr-assets.com/images/S/compressed.photo.goodreads.com/books/1518607478i/2120932._SX50_.jpg,0,361.0,cover_132.png
Daisy Jones & The Six,https://www.goodreads.com/book/show/40597810-daisy-jones-the-six,Taylor Jenkins Reid,4.19,1943697,https://i.gr-assets.com/images/S/compressed.photo.goodreads.com/books/1580255154i/40597810._SY75_.jpg,0,368.0,cover_133.png
"Anne of Green Gables (Anne of Green Gables, #1)",https://www.goodreads.com/book/show/8127.Anne_of_Green_Gables,L.M. Montgomery,4.33,1152594,https://i.gr-assets.com/images/S/compressed.photo.goodreads.com/books/1615094578i/8127._SY75_.jpg,0,320.0,cover_134.png
"The Two Towers (The Lord of the Rings, #2)",https://www.goodreads.com/book/show/61215372-the-two-towers,J.R.R. Tolkien,4.51,1175965,https://i.gr-assets.com/images/S/compressed.photo.goodreads.com/books/1654216149i/61215372._SY75_.jpg,5,448.0,cover_135.png
Remarkably Bright Creatures,https://www.goodreads.com/book/show/58733693-remarkably-bright-creatures,Shelby Van Pelt,4.36,1563258,https://i.gr-assets.com/images/S/compressed.photo.goodreads.com/books/1651600548i/58733693._SY75_.jpg,0,360.0,cover_136.png
The Secret History,https://www.goodreads.com/book/show/29044.The_Secret_History,Donna Tartt,4.15,1116281,https://i.gr-assets.com/images/S/compressed.photo.goodreads.com/books/1751820530i/29044._SY75_.jpg,0,559.0,cover_137.png
Into the Wild,https://www.goodreads.com/book/show/1845.Into_the_Wild,Jon Krakauer,4.02,1222811,https://i.gr-assets.com/images/S/compressed.photo.goodreads.com/books/1634587789i/1845._SY75_.jpg,4,207.0,cover_138.png
Becoming,https://www.goodreads.com/book/show/38746485-becoming,Michelle Obama,4.43,1239642,https://i.gr-assets.com/images/S/compressed.photo.goodreads.com/books/1528206996i/38746485._SY75_.jpg,0,448.0,cover_139.png
The Guest List,https://www.goodreads.com/book/show/52656911-the-guest-list,Lucy Foley,3.79,1355585,https://i.gr-assets.com/images/S/compressed.photo.goodreads.com/books/1591461181i/52656911._SY75_.jpg,0,319.0,cover_140.png
"Outlander (Outlander, #1)",https://www.goodreads.com/book/show/10964.Outlander,Diana Gabaldon,4.27,1183653,https://i.gr-assets.com/images/S/compressed.photo.goodreads.com/books/1659086907i/10964._SY75_.jpg,0,850.0,cover_141.png
"It Starts with Us (It Ends with Us, #2)",https://www.goodreads.com/book/show/60393672-it-starts-with-us,Colleen Hoover,3.83,2192697,https://i.gr-assets.com/images/S/compressed.photo.goodreads.com/books/1644605295i/60393672._SY75_.jpg,0,324.0,cover_142.png
"Big Little Lies (Big Little Lies, #1)",https://www.goodreads.com/book/show/33516773-big-little-lies,Liane Moriarty,4.31,1146941,https://i.gr-assets.com/images/S/compressed.photo.goodreads.com/books/1559835163i/33516773._SY75_.jpg,0,460.0,cover_143.png
Lessons in Chemistry,https://www.goodreads.com/book/show/58065033-lessons-in-chemistry,Bonnie Garmus,4.28,1893244,https://i.gr-assets.com/images/S/compressed.photo.goodreads.com/books/1634748496i/58065033._SY75_.jpg,0,390.0,cover_144.png
"A Court of Silver Flames (A Court of Thorns and Roses, #5)",https://www.goodreads.com/book/show/53138095-a-court-of-silver-flames,Sarah J. Maas,4.45,2275588,https://i.gr-assets.com/images/S/compressed.photo.goodreads.com/books/1734440950i/53138095._SY75_.jpg,0,757.0,cover_145.png
"The Name of the Wind (The Kingkiller Chronicle, #1)",https://www.goodreads.com/book/show/186074.The_Name_of_the_Wind,Patrick Rothfuss,4.52,1116539,https://i.gr-assets.com/images/S/compressed.photo.goodreads.com/books/1704917687i/186074._SY75_.jpg,0,662.0,cover_146.png
People We Meet on Vacation,https://www.goodreads.com/book/show/54985743-people-we-meet-on-vacation,Emily Henry,3.84,1956902,https://i.gr-assets.com/images/S/compressed.photo.goodreads.com/books/1748450140i/54985743._SY75_.jpg,0,361.0,cover_147.png
"Tomorrow, and Tomorrow, and Tomorrow",https://www.goodreads.com/book/show/58784475-tomorrow-and-tomorrow-and-tomorrow,Gabrielle Zevin,4.11,1459098,https://i.gr-assets.com/images/S/compressed.photo.goodreads.com/books/1636978687i/58784475._SY75_.jpg,5,399.0,cover_148.png
Project Hail Mary,https://www.goodreads.com/book/show/54493401-project-hail-mary,Andy Weir,4.51,1837700,https://i.gr-assets.com/images/S/compressed.photo.goodreads.com/books/1764703833i/54493401._SY75_.jpg,0,476.0,cover_149.png
"Red Queen (Red Queen, #1)",https://www.goodreads.com/book/show/22328546-red-queen,Victoria Aveyard,3.97,1218689,https://i.gr-assets.com/images/S/compressed.photo.goodreads.com/books/1449778912i/22328546._SY75_.jpg,0,388.0,cover_150.png
Malibu Rising,https://www.goodreads.com/book/show/55404546-malibu-rising,Taylor Jenkins Reid,4.02,1367719,https://i.gr-assets.com/images/S/compressed.photo.goodreads.com/books/1618293107i/55404546._SY75_.jpg,0,369.0,cover_151.png
"The Return of the King (The Lord of the Rings, #3)",https://www.goodreads.com/book/show/61215384-the-return-of-the-king,J.R.R. Tolkien,4.59,1085733,https://i.gr-assets.com/images/S/compressed.photo.goodreads.com/books/1654216226i/61215384._SY75_.jpg,4,432.0,cover_152.png
"The Housemaid's Secret (The Housemaid, #2)",https://www.goodreads.com/book/show/62848145-the-housemaid-s-secret,Freida McFadden,4.15,1978139,https://i.gr-assets.com/images/S/compressed.photo.goodreads.com/books/1664729357i/62848145._SY75_.jpg,0,311.0,cover_153.png
The Count of Monte Cristo,https://www.goodreads.com/book/show/7126.The_Count_of_Monte_Cristo,Alexandre Dumas,4.34,1078163,https://i.gr-assets.com/images/S/compressed.photo.goodreads.com/books/1724863997i/7126._SY75_.jpg,0,1276.0,cover_154.png
"Wonder (Wonder, #1)",https://www.goodreads.com/book/show/11387515-wonder,R.J. Palacio,4.35,1223352,https://i.gr-assets.com/images/S/compressed.photo.goodreads.com/books/1545695751i/11387515._SY75_.jpg,0,315.0,cover_155.png
"Crown of Midnight (Throne of Glass, #2)",https://www.goodreads.com/book/show/76705490-crown-of-midnight,Sarah J. Maas,4.36,1967543,https://i.gr-assets.com/images/S/compressed.photo.goodreads.com/books/1673566594i/76705490._SY75_.jpg,0,420.0,cover_156.png
Crime and Punishment,https://www.goodreads.com/book/show/7144.Crime_and_Punishment,Fyodor Dostoevsky,4.29,1151212,https://i.gr-assets.com/images/S/compressed.photo.goodreads.com/books/1382846449i/7144._SY75_.jpg,5,671.0,cover_157.png
The Road,https://www.goodreads.com/book/show/6288.The_Road,Cormac McCarthy,4.00,1084057,https://i.gr-assets.com/images/S/compressed.photo.goodreads.com/books/1600241424i/6288._SY75_.jpg,0,241.0,cover_158.png
A Tale of Two Cities,https://www.goodreads.com/book/show/1953.A_Tale_of_Two_Cities,Charles Dickens,3.88,1032440,https://i.gr-assets.com/images/S/compressed.photo.goodreads.com/books/1344922523i/1953._SY75_.jpg,5,489.0,cover_159.png
Hamlet,https://www.goodreads.com/book/show/1420.Hamlet,William Shakespeare,4.03,1087835,https://i.gr-assets.com/images/S/compressed.photo.goodreads.com/books/1351051208i/1420._SY75_.jpg,0,289.0,cover_160.png
"Iron Flame (The Empyrean, #2)",https://www.goodreads.com/book/show/90202302-iron-flame,Rebecca Yarros,4.36,2871201,https://i.gr-assets.com/images/S/compressed.photo.goodreads.com/books/1706724269i/90202302._SY75_.jpg,0,623.0,cover_161.png
Happy Place,https://www.goodreads.com/book/show/61718053-happy-place,Emily Henry,3.93,1541272,https://i.gr-assets.com/images/S/compressed.photo.goodreads.com/books/1660145160i/61718053._SY75_.jpg,0,388.0,cover_162.png
"A Good Girl's Guide to Murder (A Good Girl's Guide to Murder, #1)",https://www.goodreads.com/book/show/40916679-a-good-girl-s-guide-to-murder,Holly Jackson,4.28,1914983,https://i.gr-assets.com/images/S/compressed.photo.goodreads.com/books/1545494980i/40916679._SY75_.jpg,0,433.0,cover_163.png
Normal People,https://www.goodreads.com/book/show/41057294-normal-people,Sally Rooney,3.81,1988857,https://i.gr-assets.com/images/S/compressed.photo.goodreads.com/books/1571423190i/41057294._SY75_.jpg,4,273.0,cover_164.png
Beach Read,https://www.goodreads.com/book/show/52867387-beach-read,Emily Henry,3.95,1778935,https://i.gr-assets.com/images/S/compressed.photo.goodreads.com/books/1589881197i/52867387._SX50_.jpg,0,358.0,cover_165.png
"Shadow and Bone (Shadow and Bone, #1)",https://www.goodreads.com/book/show/10194157-shadow-and-bone,Leigh Bardugo,3.91,1149640,https://i.gr-assets.com/images/S/compressed.photo.goodreads.com/books/1339533695i/10194157._SX50_.jpg,0,358.0,cover_166.png
"Shatter Me (Shatter Me, #1)",https://www.goodreads.com/book/show/10429045-shatter-me,Tahereh Mafi,3.84,1312521,https://i.gr-assets.com/images/S/compressed.photo.goodreads.com/books/1310649047i/10429045._SY75_.jpg,0,338.0,cover_167.png
One Hundred Years of Solitude,https://www.goodreads.com/book/show/320.One_Hundred_Years_of_Solitude,Gabriel García Márquez,4.12,1146175,https://i.gr-assets.com/images/S/compressed.photo.goodreads.com/books/1327881361i/320._SX50_.jpg,5,417.0,cover_168.png
Steve Jobs,https://www.goodreads.com/book/show/11084145-steve-jobs,Walter Isaacson,4.16,1389619,https://i.gr-assets.com/images/S/compressed.photo.goodreads.com/books/1511288482i/11084145._SY75_.jpg,0,630.0,cover_169.png
"A Court of Frost and Starlight (A Court of Thorns and Roses, #4)",https://www.goodreads.com/book/show/50659471-a-court-of-frost-and-starlight,Sarah J. Maas,3.71,2323568,https://i.gr-assets.com/images/S/compressed.photo.goodreads.com/books/1585622963i/50659471._SX50_.jpg,0,272.0,cover_170.png
The Women,https://www.goodreads.com/book/show/127305853-the-women,Kristin Hannah,4.58,1803467,https://i.gr-assets.com/images/S/compressed.photo.goodreads.com/books/1733493019i/127305853._SY75_.jpg,0,471.0,cover_171.png
"A Court of Wings and Ruin (A Court of Thorns and Roses, #3)",https://www.goodreads.com/book/show/50659472-a-court-of-wings-and-ruin,Sarah J. Maas,4.46,2926138,https://i.gr-assets.com/images/S/compressed.photo.goodreads.com/books/1585623092i/50659472._SX50_.jpg,0,699.0,cover_172.png
The Subtle Art of Not Giving a F*ck: A Counterintuitive Approach to Living a Good Life,https://www.goodreads.com/book/show/28257707-the-subtle-art-of-not-giving-a-f-ck,Mark Manson,3.86,1482475,https://i.gr-assets.com/images/S/compressed.photo.goodreads.com/books/1465761302i/28257707._SX50_.jpg,0,212.0,cover_173.png
Atomic Habits: An Easy & Proven Way to Build Good Habits & Break Bad Ones,https://www.goodreads.com/book/show/40121378-atomic-habits,James Clear,4.31,1412965,https://i.gr-assets.com/images/S/compressed.photo.goodreads.com/books/1655988385i/40121378._SY75_.jpg,0,319.0,cover_174.png
"Red, White & Royal Blue (Red, White & Royal Blue, #1)",https://www.goodreads.com/book/show/41150487-red-white-royal-blue,Casey McQuiston,4.04,1277681,https://i.gr-assets.com/images/S/compressed.photo.goodreads.com/books/1566742512i/41150487._SY75_.jpg,0,443.0,cover_175.png
"Allegiant (Divergent, #3)",https://www.goodreads.com/book/show/18710190-allegiant,Veronica Roth,3.60,1164547,https://i.gr-assets.com/images/S/compressed.photo.goodreads.com/books/1395582745i/18710190._SY75_.jpg,0,531.0,cover_176.png
"Mistborn: The Final Empire (Mistborn, #1)",https://www.goodreads.com/book/show/68428.Mistborn,Brandon Sanderson,4.48,1072909,https://i.gr-assets.com/images/S/compressed.photo.goodreads.com/books/1617768316i/68428._SY75_.jpg,0,541.0,cover_177.png
The Bell Jar,https://www.goodreads.com/book/show/6514.The_Bell_Jar,Sylvia Plath,4.04,1307087,https://i.gr-assets.com/images/S/compressed.photo.goodreads.com/books/1554582218i/6514._SY75_.jpg,4,294.0,cover_178.png
The Host,https://www.goodreads.com/book/show/1656001.The_Host,Stephenie Meyer,3.87,1058105,https://i.gr-assets.com/images/S/compressed.photo.goodreads.com/books/1318009171i/1656001._SY75_.jpg,0,619.0,cover_179.png
"To All the Boys I've Loved Before (To All the Boys I've Loved Before, #1)",https://www.goodreads.com/book/show/15749186-to-all-the-boys-i-ve-loved-before,Jenny Han,4.04,1099079,https://i.gr-assets.com/images/S/compressed.photo.goodreads.com/books/1372086100i/15749186._SY75_.jpg,0,384.0,cover_180.png
Ugly Love,https://www.goodreads.com/book/show/17788401-ugly-love,Colleen Hoover,3.98,2403219,https://i.gr-assets.com/images/S/compressed.photo.goodreads.com/books/1632597571i/17788401._SY75_.jpg,0,330.0,cover_181.png
"The Ballad of Songbirds and Snakes (The Hunger Games, #0)",https://www.goodreads.com/book/show/51901147-the-ballad-of-songbirds-and-snakes,Suzanne Collins,3.99,1293910,https://i.gr-assets.com/images/S/compressed.photo.goodreads.com/books/1593892032i/51901147._SY75_.jpg,0,541.0,cover_182.png
We Were Liars,https://www.goodreads.com/book/show/16143347-we-were-liars,E. Lockhart,3.66,1477897,https://i.gr-assets.com/images/S/compressed.photo.goodreads.com/books/1402749479i/16143347._SY75_.jpg,0,320.0,cover_183.png
How to Win Friends & Influence People,https://www.goodreads.com/book/show/4865.How_to_Win_Friends_Influence_People,Dale Carnegie,4.21,1190477,https://i.gr-assets.com/images/S/compressed.photo.goodreads.com/books/1442726934i/4865._SX50_.jpg,0,288.0,cover_184.png
"A Clash of Kings (A Song of Ice and Fire, #2)",https://www.goodreads.com/book/show/10572.A_Clash_of_Kings,George R.R. Martin,4.42,1049033,https://i.gr-assets.com/images/S/compressed.photo.goodreads.com/books/1567840212i/10572._SY75_.jpg,5,1009.0,cover_185.png
Matilda,https://www.goodreads.com/book/show/39988.Matilda,Roald Dahl,4.34,1148050,https://i.gr-assets.com/images/S/compressed.photo.goodreads.com/books/1388793265i/39988._SY75_.jpg,0,240.0,cover_186.png
Reminders of Him,https://www.goodreads.com/book/show/58341222-reminders-of-him,Colleen Hoover,4.32,1847174,https://i.gr-assets.com/images/S/compressed.photo.goodreads.com/books/1627673942i/58341222._SX50_.jpg,0,335.0,cover_187.png
The Hate U Give,https://www.goodreads.com/book/show/58651625-the-hate-u-give,Angie Thomas,4.45,1041333,https://i.gr-assets.com/images/S/compressed.photo.goodreads.com/books/1636851138i/58651625._SY75_.jpg,5,444.0,cover_188.png
"Cinder (The Lunar Chronicles, #1)",https://www.goodreads.com/book/show/36381037-cinder,Marissa Meyer,4.12,1034101,https://i.gr-assets.com/images/S/compressed.photo.goodreads.com/books/1507557775i/36381037._SY75_.jpg,0,400.0,cover_189.png
"Sunrise on the Reaping (The Hunger Games, #0.5)",https://www.goodreads.com/book/show/214331246-sunrise-on-the-reaping,Suzanne Collins,4.50,1291182,https://i.gr-assets.com/images/S/compressed.photo.goodreads.com/books/1729085500i/214331246._SX50_.jpg,0,387.0,cover_190.png
Funny Story,https://www.goodreads.com/book/show/194802722-funny-story,Emily Henry,4.18,1436260,https://i.gr-assets.com/images/S/compressed.photo.goodreads.com/books/1691777485i/194802722._SY75_.jpg,0,395.0,cover_191.png
"The Assassin's Blade (Throne of Glass, #0.1-0.5)",https://www.goodreads.com/book/show/126062562-the-assassin-s-blade,Sarah J. Maas,4.20,1342579,https://i.gr-assets.com/images/S/compressed.photo.goodreads.com/books/1680869667i/126062562._SY75_.jpg,0,451.0,cover_192.png
"Tuesdays with Morrie: An Old Man, a Young Man, and Life's Greatest Lesson",https://www.goodreads.com/book/show/6900.Tuesdays_with_Morrie,Mitch Albom,4.22,1267187,https://i.gr-assets.com/images/S/compressed.photo.goodreads.com/books/1423763749i/6900._SY75_.jpg,5,210.0,cover_193.png
Never Lie,https://www.goodreads.com/book/show/62080187-never-lie,Freida McFadden,4.08,1738424,https://i.gr-assets.com/images/S/compressed.photo.goodreads.com/books/1661428846i/62080187._SY75_.jpg,0,286.0,cover_194.png
Bossypants,https://www.goodreads.com/book/show/9418327-bossypants,Tina Fey,3.96,1072190,https://i.gr-assets.com/images/S/compressed.photo.goodreads.com/books/1481509554i/9418327._SY75_.jpg,0,283.0,cover_195.png
The Great Alone,https://www.goodreads.com/book/show/34912895-the-great-alone,Kristin Hannah,4.46,1341013,https://i.gr-assets.com/images/S/compressed.photo.goodreads.com/books/1501852423i/34912895._SY75_.jpg,0,435.0,cover_196.png
"Onyx Storm (The Empyrean, #3)",https://www.goodreads.com/book/show/209439446-onyx-storm,Rebecca Yarros,4.21,1917252,https://i.gr-assets.com/images/S/compressed.photo.goodreads.com/books/1766329694i/209439446._SY75_.jpg,0,544.0,cover_197.png
Sharp Objects,https://www.goodreads.com/book/show/18045891-sharp-objects,Gillian Flynn,4.00,1276949,https://i.gr-assets.com/images/S/compressed.photo.goodreads.com/books/1475695315i/18045891._SY75_.jpg,0,254.0,cover_198.png
"The Tattooist of Auschwitz (The Tattooist of Auschwitz, #1)",https://www.goodreads.com/book/show/38359036-the-tattooist-of-auschwitz,Heather Morris,4.32,1215268,https://i.gr-assets.com/images/S/compressed.photo.goodreads.com/books/1525962117i/38359036._SY75_.jpg,0,272.0,cover_199.png
Thirteen Reasons Why,https://www.goodreads.com/book/show/29844228-thirteen-reasons-why,Jay Asher,3.83,1036730,https://i.gr-assets.com/images/S/compressed.photo.goodreads.com/books/1555345043i/29844228._SY75_.jpg,0,352.0,cover_200.png
"One of Us Is Lying (One of Us is Lying, #1)",https://www.goodreads.com/book/show/58679358-one-of-us-is-lying,Karen M. McManus,3.90,1108531,https://i.gr-assets.com/images/S/compressed.photo.goodreads.com/books/1632078539i/58679358._SY75_.jpg,0,416.0,cover_201.png
"Heir of Fire (Throne of Glass, #3)",https://www.goodreads.com/book/show/76706470-heir-of-fire,Sarah J. Maas,4.44,1750773,https://i.gr-assets.com/images/S/compressed.photo.goodreads.com/books/1673566654i/76706470._SY75_.jpg,0,576.0,cover_202.png
"Twisted Love (Twisted, #1)",https://www.goodreads.com/book/show/55817097-twisted-love,Ana Huang,3.70,1773086,https://i.gr-assets.com/images/S/compressed.photo.goodreads.com/books/1618487915i/55817097._SY75_.jpg,0,360.0,cover_203.png
"The Inheritance Games (The Inheritance Games, #1)",https://www.goodreads.com/book/show/52439531-the-inheritance-games,Jennifer Lynn Barnes,4.12,1149782,https://i.gr-assets.com/images/S/compressed.photo.goodreads.com/books/1587396413i/52439531._SY75_.jpg,0,386.0,cover_204.png
November 9,https://www.goodreads.com/book/show/25111004-november-9,Colleen Hoover,4.10,1373441,https://i.gr-assets.com/images/S/compressed.photo.goodreads.com/books/1447138036i/25111004._SY75_.jpg,0,310.0,cover_205.png
"City of Glass (The Mortal Instruments, #3)",https://www.goodreads.com/book/show/3777732-city-of-glass,Cassandra Clare,4.27,1028375,https://i.gr-assets.com/images/S/compressed.photo.goodreads.com/books/1369452339i/3777732._SY75_.jpg,0,560.0,cover_206.png
"Empire of Storms (Throne of Glass, #5)",https://www.goodreads.com/book/show/76713323-empire-of-storms,Sarah J. Maas,4.63,1388886,https://i.gr-assets.com/images/S/compressed.photo.goodreads.com/books/1676979605i/76713323._SY75_.jpg,0,733.0,cover_207.png
Macbeth: Moment by Moment,https://www.goodreads.com/book/show/43913694-macbeth,William Shakespeare,3.89,1053231,https://i.gr-assets.com/images/S/compressed.photo.goodreads.com/books/1671466418i/43913694._SY75_.jpg,0,214.0,cover_208.png
"Queen of Shadows (Throne of Glass, #4)",https://www.goodreads.com/book/show/76707900-queen-of-shadows,Sarah J. Maas,4.62,1581735,https://i.gr-assets.com/images/S/compressed.photo.goodreads.com/books/1673566810i/76707900._SY75_.jpg,0,648.0,cover_209.png
"Bridget Jones’s Diary (Bridget Jones, #1)",https://www.goodreads.com/book/show/227443.Bridget_Jones_s_Diary,Helen Fielding,3.81,1037750,https://i.gr-assets.com/images/S/compressed.photo.goodreads.com/books/1659879886i/227443._SY75_.jpg,0,288.0,cover_210.png
The Night Circus,https://www.goodreads.com/book/show/9361589-the-night-circus,Erin Morgenstern,3.99,1135513,https://i.gr-assets.com/images/S/compressed.photo.goodreads.com/books/1786033865i/9361589._SY75_.jpg,0,506.0,cover_211.png
The Wedding People,https://www.goodreads.com/book/show/198902277-the-wedding-people,Alison Espach,4.06,1412073,https://i.gr-assets.com/images/S/compressed.photo.goodreads.com/books/1759683499i/198902277._SY75_.jpg,0,367.0,cover_212.png
"The House in the Cerulean Sea (Cerulean Chronicles, #1)",https://www.goodreads.com/book/show/45047384-the-house-in-the-cerulean-sea,T.J. Klune,4.35,1095046,https://i.gr-assets.com/images/S/compressed.photo.goodreads.com/books/1569514209i/45047384._SY75_.jpg,0,393.0,cover_213.png
"The Last Thing He Told Me (Hannah Hall, #1)",https://www.goodreads.com/book/show/54981009-the-last-thing-he-told-me,Laura Dave,3.82,1209246,https://i.gr-assets.com/images/S/compressed.photo.goodreads.com/books/1603034599i/54981009._SY75_.jpg,0,307.0,cover_214.png
"Icebreaker (Maple Hills, #1)",https://www.goodreads.com/book/show/61767292-icebreaker,Hannah Grace,3.72,1388706,https://i.gr-assets.com/images/S/compressed.photo.goodreads.com/books/1659045816i/61767292._SY75_.jpg,0,447.0,cover_215.png
"Kingdom of Ash (Throne of Glass, #7)",https://www.goodreads.com/book/show/76715522-kingdom-of-ash,Sarah J. Maas,4.71,1238260,https://i.gr-assets.com/images/S/compressed.photo.goodreads.com/books/1673567331i/76715522._SY75_.jpg,0,984.0,cover_216.png
"The Unhoneymooners (Unhoneymooners, #1)",https://www.goodreads.com/book/show/42201431-the-unhoneymooners,Christina Lauren,3.89,1186452,https://i.gr-assets.com/images/S/compressed.photo.goodreads.com/books/1548201335i/42201431._SY75_.jpg,0,432.0,cover_217.png
"The Summer I Turned Pretty (Summer, #1)",https://www.goodreads.com/book/show/5821978-the-summer-i-turned-pretty,Jenny Han,3.73,1197237,https://i.gr-assets.com/images/S/compressed.photo.goodreads.com/books/1361666855i/5821978._SY75_.jpg,0,276.0,cover_218.png
The Perfect Marriage,https://www.goodreads.com/book/show/223688351-the-perfect-marriage,Jeneva Rose,3.97,1290482,https://i.gr-assets.com/images/S/compressed.photo.goodreads.com/books/1737023162i/223688351._SY75_.jpg,0,352.0,cover_219.png
"Jurassic Park (Jurassic Park, #1)",https://www.goodreads.com/book/show/40604658-jurassic-park,Michael Crichton,4.14,1097271,https://i.gr-assets.com/images/S/compressed.photo.goodreads.com/books/1529604411i/40604658._SY75_.jpg,0,466.0,cover_220.png
The Goldfinch,https://www.goodreads.com/book/show/17333223-the-goldfinch,Donna Tartt,3.97,1080160,https://i.gr-assets.com/images/S/compressed.photo.goodreads.com/books/1378710146i/17333223._SY75_.jpg,4,771.0,cover_221.png
"Just for the Summer (Part of Your World, #3)",https://www.goodreads.com/book/show/195820807-just-for-the-summer,Abby Jimenez,4.34,1222143,https://i.gr-assets.com/images/S/compressed.photo.goodreads.com/books/1742475239i/195820807._SY75_.jpg,0,432.0,cover_222.png
"Tower of Dawn (Throne of Glass, #6)",https://www.goodreads.com/book/show/76714487-tower-of-dawn,Sarah J. Maas,4.28,1209201,https://i.gr-assets.com/images/S/compressed.photo.goodreads.com/books/1673567264i/76714487._SY75_.jpg,0,688.0,cover_223.png
None of This Is True,https://www.goodreads.com/book/show/62334530-none-of-this-is-true,Lisa Jewell,4.06,1205384,https://i.gr-assets.com/images/S/compressed.photo.goodreads.com/books/1686092508i/62334530._SY75_.jpg,0,390.0,cover_224.png
Emma,https://www.goodreads.com/book/show/6969.Emma,Jane Austen,4.05,1020163,https://i.gr-assets.com/images/S/compressed.photo.goodreads.com/books/1373627931i/6969._SY75_.jpg,0,474.0,cover_225.png
The Adventures of Tom Sawyer,https://www.goodreads.com/book/show/24583.The_Adventures_of_Tom_Sawyer,Mark Twain,3.92,1043532,https://i.gr-assets.com/images/S/compressed.photo.goodreads.com/books/1404811979i/24583._SY75_.jpg,0,244.0,cover_226.png
"Things We Never Got Over (Knockemout, #1)",https://www.goodreads.com/book/show/60060431-things-we-never-got-over,Lucy Score,4.12,1115959,https://i.gr-assets.com/images/S/compressed.photo.goodreads.com/books/1641629293i/60060431._SY75_.jpg,0,572.0,cover_227.png
Yellowface,https://www.goodreads.com/book/show/62047984-yellowface,R.F. Kuang,3.72,1157548,https://i.gr-assets.com/images/S/compressed.photo.goodreads.com/books/1671336608i/62047984._SY75_.jpg,4,319.0,cover_228.png
"Twisted Games (Twisted, #2)",https://www.goodreads.com/book/show/62056013-twisted-games,Ana Huang,4.07,1152502,https://i.gr-assets.com/images/S/compressed.photo.goodreads.com/books/1661221939i/62056013._SY75_.jpg,0,434.0,cover_229.png
"The Deal (Off-Campus, #1)",https://www.goodreads.com/book/show/45484397-the-deal,Elle Kennedy,4.18,1419475,https://i.gr-assets.com/images/S/compressed.photo.goodreads.com/books/1557156071i/45484397._SY75_.jpg,0,360.0,cover_230.png
"Powerless (The Powerless Trilogy, #1)",https://www.goodreads.com/book/show/75513900-powerless,Lauren Roberts,4.13,1089298,https://i.gr-assets.com/images/S/compressed.photo.goodreads.com/books/1672676191i/75513900._SX50_.jpg,0,526.0,cover_231.png
"The Wicked King (The Folk of the Air, #2)",https://www.goodreads.com/book/show/26032887-the-wicked-king,Holly Black,4.27,1152586,https://i.gr-assets.com/images/S/compressed.photo.goodreads.com/books/1520620414i/26032887._SY75_.jpg,0,336.0,cover_232.png
"The Queen of Nothing (The Folk of the Air, #3)",https://www.goodreads.com/book/show/26032912-the-queen-of-nothing,Holly Black,4.33,1039409,https://i.gr-assets.com/images/S/compressed.photo.goodreads.com/books/1553624975i/26032912._SX50_.jpg,0,321.0,cover_233.png
The Grapes of Wrath,https://www.goodreads.com/book/show/18114322-the-grapes-of-wrath,John Steinbeck,4.04,1024913,https://i.gr-assets.com/images/S/compressed.photo.goodreads.com/books/1375670575i/18114322._SY75_.jpg,4,536.0,cover_234.png
"American Gods (American Gods, #1)",https://www.goodreads.com/book/show/30165203-american-gods,Neil Gaiman,4.10,1003645,https://i.gr-assets.com/images/S/compressed.photo.goodreads.com/books/1462924585i/30165203._SY75_.jpg,3,635.0,cover_235.png
"Unbroken: A World War II Story of Survival, Resilience and Redemption",https://www.goodreads.com/book/show/8664353-unbroken,Laura Hillenbrand,4.39,1016524,https://i.gr-assets.com/images/S/compressed.photo.goodreads.com/books/1327861115i/8664353._SY75_.jpg,0,475.0,cover_236.png
The Girl Who Played with Fire (Millennium #2),https://www.goodreads.com/book/show/5060378-the-girl-who-played-with-fire,Stieg Larsson,4.26,1003973,https://i.gr-assets.com/images/S/compressed.photo.goodreads.com/books/1351778881i/5060378._SX50_.jpg,5,503.0,cover_237.png
"City of Ashes (The Mortal Instruments, #2)",https://www.goodreads.com/book/show/1582996.City_of_Ashes,Cassandra Clare,4.10,1010364,https://i.gr-assets.com/images/S/compressed.photo.goodreads.com/books/1432730356i/1582996._SY75_.jpg,0,464.0,cover_238.png
"House of Earth and Blood (Crescent City, #1)",https://www.goodreads.com/book/show/44778083-house-of-earth-and-blood,Sarah J. Maas,4.45,1297683,https://i.gr-assets.com/images/S/compressed.photo.goodreads.com/books/1559142847i/44778083._SY75_.jpg,0,803.0,cover_239.png
A Little Life,https://www.goodreads.com/book/show/22822858-a-little-life,Hanya Yanagihara,4.26,1004029,https://i.gr-assets.com/images/S/compressed.photo.goodreads.com/books/1446469353i/22822858._SY75_.jpg,0,736.0,cover_240.png
Regretting You,https://www.goodreads.com/book/show/44582454-regretting-you,Colleen Hoover,4.09,1001598,https://i.gr-assets.com/images/S/compressed.photo.goodreads.com/books/1760993353i/44582454._SX50_.jpg,0,363.0,cover_241.png
"The Housemaid is Watching (The Housemaid, #3)",https://www.goodreads.com/book/show/199235727-the-housemaid-is-watching,Freida McFadden,3.85,1192407,https://i.gr-assets.com/images/S/compressed.photo.goodreads.com/books/1710781474i/199235727._SY75_.jpg,0,400.0,cover_242.png
Then She Was Gone,https://www.goodreads.com/book/show/35297426-then-she-was-gone,Lisa Jewell,4.03,1087210,https://i.gr-assets.com/images/S/compressed.photo.goodreads.com/books/1741291185i/35297426._SY75_.jpg,0,356.0,cover_243.png
The Four Winds,https://www.goodreads.com/book/show/53138081-the-four-winds,Kristin Hannah,4.30,1086276,https://i.gr-assets.com/images/S/compressed.photo.goodreads.com/books/1594925043i/53138081._SY75_.jpg,0,464.0,cover_244.png
The Teacher,https://www.goodreads.com/book/show/195967140-the-teacher,Freida McFadden,3.88,1144373,https://i.gr-assets.com/images/S/compressed.photo.goodreads.com/books/1693401496i/195967140._SY75_.jpg,0,379.0,cover_245.png
The Inmate,https://www.goodreads.com/book/show/61149872-the-inmate,Freida McFadden,4.00,1201549,https://i.gr-assets.com/images/S/compressed.photo.goodreads.com/books/1653271523i/61149872._SY75_.jpg,0,388.0,cover_246.png
The Boyfriend,https://www.goodreads.com/book/show/208503280-the-boyfriend,Freida McFadden,4.03,1132676,https://i.gr-assets.com/images/S/compressed.photo.goodreads.com/books/1711205083i/208503280._SY75_.jpg,0,368.0,cover_247.png
Every Summer After,https://www.goodreads.com/book/show/58014893-every-summer-after,Carley Fortune,4.15,1065433,https://i.gr-assets.com/images/S/compressed.photo.goodreads.com/books/1630101647i/58014893._SX50_.jpg,0,320.0,cover_248.png
The Boy in the Striped Pajamas,https://www.goodreads.com/book/show/39999.The_Boy_in_the_Striped_Pajamas,John Boyne,4.16,1002930,https://i.gr-assets.com/images/S/compressed.photo.goodreads.com/books/1366228171i/39999._SY75_.jpg,0,224.0,cover_249.png
"Quicksilver (Fae & Alchemy, #1)",https://www.goodreads.com/book/show/217536270-quicksilver,Callie Hart,4.30,1002917,https://i.gr-assets.com/images/S/compressed.photo.goodreads.com/books/1725958672i/217536270._SX50_.jpg,0,624.0,cover_250.png
The God of the Woods,https://www.goodreads.com/book/show/199698485-the-god-of-the-woods,Liz Moore,4.09,1021251,https://i.gr-assets.com/images/S/compressed.photo.goodreads.com/books/1717970538i/199698485._SY75_.jpg,0,562.0,cover_251.png
Atmosphere,https://www.goodreads.com/book/show/220817728-atmosphere,Taylor Jenkins Reid,4.32,1019353,https://i.gr-assets.com/images/S/compressed.photo.goodreads.com/books/1730469032i/220817728._SY75_.jpg,0,337.0,cover_252.png
The Princess Bride,https://www.goodreads.com/book/show/21787.The_Princess_Bride,William Goldman,4.27,962600,https://i.gr-assets.com/images/S/compressed.photo.goodreads.com/books/1327903636i/21787._SY75_.jpg,0,429.0,cover_253.png
Les Misérables,https://www.goodreads.com/book/show/24280.Les_Mis_rables,Victor Hugo,4.22,863897,https://i.gr-assets.com/images/S/compressed.photo.goodreads.com/books/1411852091i/24280._SY75_.jpg,0,1488.0,cover_254.png
"Charlie and the Chocolate Factory (Charlie Bucket, #1)",https://www.goodreads.com/book/show/6310.Charlie_and_the_Chocolate_Factory,Roald Dahl,4.17,950671,https://i.gr-assets.com/images/S/compressed.photo.goodreads.com/books/1309211401i/6310._SY75_.jpg,0,176.0,cover_255.png
"The Lord of the Rings (The Lord of the Rings, #1-3)",https://www.goodreads.com/book/show/33.The_Lord_of_the_Rings,J.R.R. Tolkien,4.55,747527,https://i.gr-assets.com/images/S/compressed.photo.goodreads.com/books/1566425108i/33._SX50_.jpg,0,1216.0,cover_256.png
Lolita,https://www.goodreads.com/book/show/7604.Lolita,Vladimir Nabokov,3.87,976066,https://i.gr-assets.com/images/S/compressed.photo.goodreads.com/books/1377756377i/7604._SY75_.jpg,5,368.0,cover_257.png
Catch-22,https://www.goodreads.com/book/show/168668.Catch_22,Joseph Heller,3.99,903419,https://i.gr-assets.com/images/S/compressed.photo.goodreads.com/books/1463157317i/168668._SY75_.jpg,0,453.0,cover_258.png
A Christmas Carol,https://www.goodreads.com/book/show/5326.A_Christmas_Carol,Charles Dickens,4.09,961732,https://i.gr-assets.com/images/S/compressed.photo.goodreads.com/books/1406512317i/5326._SY75_.jpg,4,184.0,cover_259.png
"A Storm of Swords (A Song of Ice and Fire, #3)",https://www.goodreads.com/book/show/62291.A_Storm_of_Swords,George R.R. Martin,4.55,869339,https://i.gr-assets.com/images/S/compressed.photo.goodreads.com/books/1571318786i/62291._SY75_.jpg,4,1177.0,cover_260.png
Great Expectations,https://www.goodreads.com/book/show/2623.Great_Expectations,Charles Dickens,3.80,893506,https://i.gr-assets.com/images/S/compressed.photo.goodreads.com/books/1631687432i/2623._SY75_.jpg,0,544.0,cover_261.png
The Stand,https://www.goodreads.com/book/show/149267.The_Stand,Stephen King,4.35,860904,https://i.gr-assets.com/images/S/compressed.photo.goodreads.com/books/1213131305i/149267._SX50_.jpg,0,1152.0,cover_262.png
"The Pillars of the Earth (Kingsbridge, #1)",https://www.goodreads.com/book/show/5043.The_Pillars_of_the_Earth,Ken Follett,4.35,856395,https://i.gr-assets.com/images/S/compressed.photo.goodreads.com/books/1576956100i/5043._SY75_.jpg,0,976.0,cover_263.png
The Scarlet Letter,https://www.goodreads.com/book/show/12296.The_Scarlet_Letter,Nathaniel Hawthorne,3.44,940378,https://i.gr-assets.com/images/S/compressed.photo.goodreads.com/books/1404810944i/12296._SY75_.jpg,0,279.0,cover_264.png
Green Eggs and Ham,https://www.goodreads.com/book/show/23772.Green_Eggs_and_Ham,Dr. Seuss,4.32,863955,https://i.gr-assets.com/images/S/compressed.photo.goodreads.com/books/1673212751i/23772._SX50_.jpg,0,64.0,cover_265.png
One Flew Over the Cuckoo’s Nest,https://www.goodreads.com/book/show/332613.One_Flew_Over_the_Cuckoo_s_Nest,Ken Kesey,4.20,794661,https://i.gr-assets.com/images/S/compressed.photo.goodreads.com/books/1516211014i/332613._SX50_.jpg,0,325.0,cover_266.png
"The Girl Who Kicked the Hornet’s Nest (Millennium, #3)",https://www.goodreads.com/book/show/6892870-the-girl-who-kicked-the-hornet-s-nest,Stieg Larsson,4.25,788361,https://i.gr-assets.com/images/S/compressed.photo.goodreads.com/books/1327708260i/6892870._SX50_.jpg,5,566.0,cover_267.png
Never Let Me Go,https://www.goodreads.com/book/show/6334.Never_Let_Me_Go,Kazuo Ishiguro,3.85,909068,https://i.gr-assets.com/images/S/compressed.photo.goodreads.com/books/1353048590i/6334._SY75_.jpg,5,288.0,cover_268.png
"A Feast for Crows (A Song of Ice and Fire, #4)",https://www.goodreads.com/book/show/13497.A_Feast_for_Crows,George R.R. Martin,4.18,811335,https://i.gr-assets.com/images/S/compressed.photo.goodreads.com/books/1661026821i/13497._SY75_.jpg,4,1060.0,cover_269.png
Persuasion,https://www.goodreads.com/book/show/2156.Persuasion,Jane Austen,4.15,807584,https://i.gr-assets.com/images/S/compressed.photo.goodreads.com/books/1385172413i/2156._SY75_.jpg,0,249.0,cover_270.png
The Color Purple,https://www.goodreads.com/book/show/52892857-the-color-purple,Alice Walker,4.28,771505,https://i.gr-assets.com/images/S/compressed.photo.goodreads.com/books/1703084419i/52892857._SY75_.jpg,4,287.0,cover_271.png
The Joy Luck Club,https://www.goodreads.com/book/show/7763.The_Joy_Luck_Club,Amy Tan,3.97,718024,https://i.gr-assets.com/images/S/compressed.photo.goodreads.com/books/1304978653i/7763._SY75_.jpg,0,288.0,cover_272.png
Rebecca,https://www.goodreads.com/book/show/17899948-rebecca,Daphne du Maurier,4.25,761353,https://i.gr-assets.com/images/S/compressed.photo.goodreads.com/books/1386605169i/17899948._SX50_.jpg,0,449.0,cover_273.png
Girl with a Pearl Earring,https://www.goodreads.com/book/show/2865.Girl_with_a_Pearl_Earring,Tracy Chevalier,3.93,795278,https://i.gr-assets.com/images/S/compressed.photo.goodreads.com/books/1327197580i/2865._SY75_.jpg,0,233.0,cover_274.png
The Poisonwood Bible,https://www.goodreads.com/book/show/7244.The_Poisonwood_Bible,Barbara Kingsolver,4.12,811502,https://i.gr-assets.com/images/S/compressed.photo.goodreads.com/books/1644073807i/7244._SY75_.jpg,0,546.0,cover_275.png
The Guernsey Literary and Potato Peel Pie Society,https://www.goodreads.com/book/show/39832183-the-guernsey-literary-and-potato-peel-pie-society,Mary Ann Shaffer,4.19,829523,https://i.gr-assets.com/images/S/compressed.photo.goodreads.com/books/1529026760i/39832183._SY75_.jpg,0,291.0,cover_276.png
Siddhartha,https://www.goodreads.com/book/show/52036.Siddhartha,Hermann Hesse,4.09,912931,https://i.gr-assets.com/images/S/compressed.photo.goodreads.com/books/1629378189i/52036._SY75_.jpg,4,152.0,cover_277.png
Anna Karenina,https://www.goodreads.com/book/show/15823480-anna-karenina,Leo Tolstoy,4.11,964944,https://i.gr-assets.com/images/S/compressed.photo.goodreads.com/books/1546091617i/15823480._SX50_.jpg,5,964.0,cover_278.png
"The Shadow of the Wind (The Cemetery of Forgotten Books, #1)",https://www.goodreads.com/book/show/1232.The_Shadow_of_the_Wind,Carlos Ruiz Zafón,4.31,749723,https://i.gr-assets.com/images/S/compressed.photo.goodreads.com/books/1628791882i/1232._SY75_.jpg,0,487.0,cover_279.png
Middlesex,https://www.goodreads.com/book/show/2187.Middlesex,Jeffrey Eugenides,4.04,672192,https://i.gr-assets.com/images/S/compressed.photo.goodreads.com/books/1437029776i/2187._SY75_.jpg,3,529.0,cover_280.png
Outliers: The Story of Success,https://www.goodreads.com/book/show/3228917-outliers,Malcolm Gladwell,4.19,888754,https://i.gr-assets.com/images/S/compressed.photo.goodreads.com/books/1344266315i/3228917._SX50_.jpg,0,309.0,cover_281.png
"Murder on the Orient Express (Hercule Poirot, #10)",https://www.goodreads.com/book/show/853510.Murder_on_the_Orient_Express,Agatha Christie,4.20,766356,https://i.gr-assets.com/images/S/compressed.photo.goodreads.com/books/1733926500i/853510._SY75_.jpg,4,347.0,cover_282.png
Freakonomics: A Rogue Economist Explores the Hidden Side of Everything,https://www.goodreads.com/book/show/1202.Freakonomics,Steven D. Levitt,4.01,910429,https://i.gr-assets.com/images/S/compressed.photo.goodreads.com/books/1550917827i/1202._SX50_.jpg,0,268.0,cover_283.png
The Five People You Meet in Heaven,https://www.goodreads.com/book/show/3431.The_Five_People_You_Meet_in_Heaven,Mitch Albom,4.02,832875,https://i.gr-assets.com/images/S/compressed.photo.goodreads.com/books/1388200541i/3431._SX50_.jpg,4,196.0,cover_284.png
Alice’s Adventures in Wonderland / Through the Looking-Glass,https://www.goodreads.com/book/show/24213.Alice_s_Adventures_in_Wonderland_Through_the_Looking_Glass,Lewis Carroll,4.06,622665,https://i.gr-assets.com/images/S/compressed.photo.goodreads.com/books/1630487234i/24213._SX50_.jpg,0,239.0,cover_285.png
"The Devil Wears Prada (The Devil Wears Prada, #1)",https://www.goodreads.com/book/show/5139.The_Devil_Wears_Prada,Lauren Weisberger,3.82,951144,https://i.gr-assets.com/images/S/compressed.photo.goodreads.com/books/1388179604i/5139._SY75_.jpg,0,432.0,cover_286.png
Room,https://www.goodreads.com/book/show/7937843-room,Emma Donoghue,4.08,848236,https://i.gr-assets.com/images/S/compressed.photo.goodreads.com/books/1554546259i/7937843._SY75_.jpg,0,321.0,cover_287.png
Me Talk Pretty One Day,https://www.goodreads.com/book/show/4137.Me_Talk_Pretty_One_Day,David Sedaris,4.01,729609,https://i.gr-assets.com/images/S/compressed.photo.goodreads.com/books/1431013639i/4137._SY75_.jpg,0,272.0,cover_288.png
Wild: From Lost to Found on the Pacific Crest Trail,https://www.goodreads.com/book/show/12262741-wild,Cheryl Strayed,4.07,887002,https://i.gr-assets.com/images/S/compressed.photo.goodreads.com/books/1453189881i/12262741._SY75_.jpg,0,336.0,cover_289.png
In Cold Blood,https://www.goodreads.com/book/show/168642.In_Cold_Blood,Truman Capote,4.09,753693,https://i.gr-assets.com/images/S/compressed.photo.goodreads.com/books/1424931136i/168642._SY75_.jpg,0,343.0,cover_290.png
The Immortal Life of Henrietta Lacks,https://www.goodreads.com/book/show/6493208-the-immortal-life-of-henrietta-lacks,Rebecca Skloot,4.13,826768,https://i.gr-assets.com/images/S/compressed.photo.goodreads.com/books/1327878144i/6493208._SY75_.jpg,0,370.0,cover_291.png
Watchmen,https://www.goodreads.com/book/show/472331.Watchmen,Alan Moore,4.39,605867,https://i.gr-assets.com/images/S/compressed.photo.goodreads.com/books/1442239711i/472331._SY75_.jpg,0,416.0,cover_292.png
"A Time to Kill (Jake Brigance, #1)",https://www.goodreads.com/book/show/32542.A_Time_to_Kill,John Grisham,4.12,833562,https://i.gr-assets.com/images/S/compressed.photo.goodreads.com/books/1554303029i/32542._SY75_.jpg,0,738.0,cover_293.png
"Good Omens: The Nice and Accurate Prophecies of Agnes Nutter, Witch",https://www.goodreads.com/book/show/12067.Good_Omens,Terry Pratchett,4.25,844896,https://i.gr-assets.com/images/S/compressed.photo.goodreads.com/books/1615552073i/12067._SY75_.jpg,0,491.0,cover_294.png
"The Lost Symbol (Robert Langdon, #3)",https://www.goodreads.com/book/show/6411961-the-lost-symbol,Dan Brown,3.77,672589,https://i.gr-assets.com/images/S/compressed.photo.goodreads.com/books/1534070883i/6411961._SY75_.jpg,0,509.0,cover_295.png
"Wicked: The Life and Times of the Wicked Witch of the West (The Wicked Years, #1)",https://www.goodreads.com/book/show/37442.Wicked,Gregory Maguire,3.50,696539,https://i.gr-assets.com/images/S/compressed.photo.goodreads.com/books/1437733293i/37442._SY75_.jpg,0,406.0,cover_296.png
"A Dance with Dragons (A Song of Ice and Fire, #5)",https://www.goodreads.com/book/show/10664113-a-dance-with-dragons,George R.R. Martin,4.34,754639,https://i.gr-assets.com/images/S/compressed.photo.goodreads.com/books/1753059444i/10664113._SY75_.jpg,4,1125.0,cover_297.png
Dark Places,https://www.goodreads.com/book/show/5886881-dark-places,Gillian Flynn,3.94,866233,https://i.gr-assets.com/images/S/compressed.photo.goodreads.com/books/1354988288i/5886881._SY75_.jpg,0,424.0,cover_298.png
"Confessions of a Shopaholic (Shopaholic, #1)",https://www.goodreads.com/book/show/9416.Confessions_of_a_Shopaholic,Sophie Kinsella,3.72,822746,https://i.gr-assets.com/images/S/compressed.photo.goodreads.com/books/1546503932i/9416._SX50_.jpg,0,368.0,cover_299.png
"The Lost Hero (The Heroes of Olympus, #1)",https://www.goodreads.com/book/show/7736182-the-lost-hero,Rick Riordan,4.29,966455,https://i.gr-assets.com/images/S/compressed.photo.goodreads.com/books/1464201003i/7736182._SY75_.jpg,0,576.0,cover_300.png
"The Chronicles of Narnia (The Chronicles of Narnia, #1-7)",https://www.goodreads.com/book/show/11127.The_Chronicles_of_Narnia,C.S. Lewis,4.28,721884,https://i.gr-assets.com/images/S/compressed.photo.goodreads.com/books/1661032875i/11127._SY75_.jpg,0,767.0,cover_301.png
A Clockwork Orange,https://www.goodreads.com/book/show/227463.A_Clockwork_Orange,Anthony Burgess,4.00,790829,https://i.gr-assets.com/images/S/compressed.photo.goodreads.com/books/1681066799i/227463._SY75_.jpg,0,192.0,cover_302.png
A Gentleman in Moscow,https://www.goodreads.com/book/show/34066798-a-gentleman-in-moscow,Amor Towles,4.31,703968,https://i.gr-assets.com/images/S/compressed.photo.goodreads.com/books/1718915012i/34066798._SY75_.jpg,5,495.0,cover_303.png
Fangirl,https://www.goodreads.com/book/show/16068905-fangirl,Rainbow Rowell,3.93,790350,https://i.gr-assets.com/images/S/compressed.photo.goodreads.com/books/1355886270i/16068905._SX50_.jpg,0,483.0,cover_304.png
"Clockwork Angel (The Infernal Devices, #1)",https://www.goodreads.com/book/show/7171637-clockwork-angel,Cassandra Clare,4.30,888754,https://i.gr-assets.com/images/S/compressed.photo.goodreads.com/books/1693490271i/7171637._SY75_.jpg,0,479.0,cover_305.png
The Woman in the Window,https://www.goodreads.com/book/show/40389527-the-woman-in-the-window,A.J. Finn,3.93,913246,https://i.gr-assets.com/images/S/compressed.photo.goodreads.com/books/1528225499i/40389527._SY75_.jpg,0,455.0,cover_306.png
The Husband's Secret,https://www.goodreads.com/book/show/17802724-the-husband-s-secret,Liane Moriarty,3.94,740712,https://i.gr-assets.com/images/S/compressed.photo.goodreads.com/books/1460577225i/17802724._SY75_.jpg,0,396.0,cover_307.png
"The Sisterhood of the Traveling Pants (Sisterhood, #1)",https://www.goodreads.com/book/show/452306.The_Sisterhood_of_the_Traveling_Pants,Ann Brashares,3.85,740977,https://i.gr-assets.com/images/S/compressed.photo.goodreads.com/books/1461611233i/452306._SY75_.jpg,0,336.0,cover_308.png
Flowers for Algernon,https://www.goodreads.com/book/show/18373.Flowers_for_Algernon,Daniel Keyes,4.25,839507,https://i.gr-assets.com/images/S/compressed.photo.goodreads.com/books/1689071681i/18373._SY75_.jpg,0,311.0,cover_309.png
The Tipping Point: How Little Things Can Make a Big Difference,https://www.goodreads.com/book/show/2612.The_Tipping_Point,Malcolm Gladwell,4.01,866942,https://i.gr-assets.com/images/S/compressed.photo.goodreads.com/books/1473396980i/2612._SY75_.jpg,0,301.0,cover_310.png
Coraline,https://www.goodreads.com/book/show/17061.Coraline,Neil Gaiman,4.13,802729,https://i.gr-assets.com/images/S/compressed.photo.goodreads.com/books/1493497435i/17061._SY75_.jpg,0,208.0,cover_311.png
"The Firm (Penguin Readers, Level 5)",https://www.goodreads.com/book/show/5358.The_Firm,Robin Waterfield,4.07,640223,https://i.gr-assets.com/images/S/compressed.photo.goodreads.com/books/1418465200i/5358._SY75_.jpg,0,76.0,cover_312.png
The Red Tent,https://www.goodreads.com/book/show/4989.The_Red_Tent,Anita Diamant,4.21,642567,https://i.gr-assets.com/images/S/compressed.photo.goodreads.com/books/1405739117i/4989._SY75_.jpg,0,324.0,cover_313.png
"Vampire Academy (Vampire Academy, #1)",https://www.goodreads.com/book/show/345627.Vampire_Academy,Richelle Mead,4.10,688156,https://i.gr-assets.com/images/S/compressed.photo.goodreads.com/books/1361098973i/345627._SY75_.jpg,0,332.0,cover_314.png
"The Way of Kings (The Stormlight Archive, #1)",https://www.goodreads.com/book/show/7235533-the-way-of-kings,Brandon Sanderson,4.66,721840,https://i.gr-assets.com/images/S/compressed.photo.goodreads.com/books/1659905828i/7235533._SY75_.jpg,0,1007.0,cover_315.png
The Memory Keeper's Daughter,https://www.goodreads.com/book/show/10441.The_Memory_Keeper_s_Daughter,Kim Edwards,3.70,614816,https://i.gr-assets.com/images/S/compressed.photo.goodreads.com/books/1631287935i/10441._SY75_.jpg,0,401.0,cover_316.png
"Angela's Ashes (Frank McCourt, #1)",https://www.goodreads.com/book/show/252577.Angela_s_Ashes,Frank McCourt,4.16,668256,https://i.gr-assets.com/images/S/compressed.photo.goodreads.com/books/1348317139i/252577._SY75_.jpg,0,452.0,cover_317.png
Station Eleven,https://www.goodreads.com/book/show/20170404-station-eleven,Emily St. John Mandel,4.06,645369,https://i.gr-assets.com/images/S/compressed.photo.goodreads.com/books/1680459872i/20170404._SX50_.jpg,4,333.0,cover_318.png
"Heartstopper: Volume One (Heartstopper, #1)",https://www.goodreads.com/book/show/40495957-heartstopper,Alice Oseman,4.40,927175,https://i.gr-assets.com/images/S/compressed.photo.goodreads.com/books/1712679126i/40495957._SY75_.jpg,0,288.0,cover_319.png
Into Thin Air: A Personal Account of the Mt. Everest Disaster,https://www.goodreads.com/book/show/1898.Into_Thin_Air,Jon Krakauer,4.26,588990,https://i.gr-assets.com/images/S/compressed.photo.goodreads.com/books/1631501298i/1898._SY75_.jpg,4,368.0,cover_320.png
Born a Crime: Stories from a South African Childhood,https://www.goodreads.com/book/show/29780253-born-a-crime,Trevor Noah,4.48,844315,https://i.gr-assets.com/images/S/compressed.photo.goodreads.com/books/1473867911i/29780253._SY75_.jpg,5,289.0,cover_321.png
"Fifty Shades Darker (Fifty Shades, #2)",https://www.goodreads.com/book/show/11857408-fifty-shades-darker,E.L. James,3.82,988778,https://i.gr-assets.com/images/S/compressed.photo.goodreads.com/books/1631260114i/11857408._SY75_.jpg,0,532.0,cover_322.png
The 7 Habits of Highly Effective People: Powerful Lessons in Personal Change,https://www.goodreads.com/book/show/36072.The_7_Habits_of_Highly_Effective_People,Stephen R. Covey,4.16,842049,https://i.gr-assets.com/images/S/compressed.photo.goodreads.com/books/1421842784i/36072._SY75_.jpg,0,372.0,cover_323.png
"If I Stay (If I Stay, #1)",https://www.goodreads.com/book/show/4374400-if-i-stay,Gayle Forman,3.91,979394,https://i.gr-assets.com/images/S/compressed.photo.goodreads.com/books/1630573973i/4374400._SY75_.jpg,0,208.0,cover_324.png
"Interview with the Vampire (The Vampire Chronicles, #1)",https://www.goodreads.com/book/show/43763.Interview_with_the_Vampire,Anne Rice,4.02,668762,https://i.gr-assets.com/images/S/compressed.photo.goodreads.com/books/1380631642i/43763._SY75_.jpg,0,346.0,cover_325.png
"Diary of a Wimpy Kid (Diary of a Wimpy Kid, #1)",https://www.goodreads.com/book/show/389627.Diary_of_a_Wimpy_Kid,Jeff Kinney,3.98,810185,https://i.gr-assets.com/images/S/compressed.photo.goodreads.com/books/1388183826i/389627._SX50_.jpg,0,226.0,cover_326.png
11/22/63,https://www.goodreads.com/book/show/10644930-11-22-63,Stephen King,4.35,703186,https://i.gr-assets.com/images/S/compressed.photo.goodreads.com/books/1327876792i/10644930._SY75_.jpg,0,849.0,cover_327.png
"The Devil in the White City: Murder, Magic, and Madness at the Fair That Changed America",https://www.goodreads.com/book/show/397483.The_Devil_in_the_White_City,Erik Larson,4.00,781054,https://i.gr-assets.com/images/S/compressed.photo.goodreads.com/books/1583433024i/397483._SY75_.jpg,0,464.0,cover_328.png
"The Magician’s Nephew (Chronicles of Narnia, #6)",https://www.goodreads.com/book/show/65605.The_Magician_s_Nephew,C.S. Lewis,4.06,627248,https://i.gr-assets.com/images/S/compressed.photo.goodreads.com/books/1308814770i/65605._SY75_.jpg,3,221.0,cover_329.png
Deception Point,https://www.goodreads.com/book/show/976.Deception_Point,Dan Brown,3.77,709693,https://i.gr-assets.com/images/S/compressed.photo.goodreads.com/books/1551277487i/976._SY75_.jpg,3,556.0,cover_330.png
Perfume: The Story of a Murderer,https://www.goodreads.com/book/show/343.Perfume,Patrick Süskind,4.04,582862,https://i.gr-assets.com/images/S/compressed.photo.goodreads.com/books/1409112276i/343._SY75_.jpg,5,263.0,cover_331.png
Divine Secrets of the Ya-Ya Sisterhood,https://www.goodreads.com/book/show/137791.Divine_Secrets_of_the_Ya_Ya_Sisterhood,Rebecca Wells,3.86,571457,https://i.gr-assets.com/images/S/compressed.photo.goodreads.com/books/1408313524i/137791._SY75_.jpg,0,383.0,cover_332.png
The Time Machine,https://www.goodreads.com/book/show/2493.The_Time_Machine,H.G. Wells,3.89,579746,https://i.gr-assets.com/images/S/compressed.photo.goodreads.com/books/1327942880i/2493._SY75_.jpg,0,118.0,cover_333.png
An Abundance of Katherines,https://www.goodreads.com/book/show/49750.An_Abundance_of_Katherines,John Green,3.50,555246,https://i.gr-assets.com/images/S/compressed.photo.goodreads.com/books/1360206426i/49750._SY75_.jpg,0,229.0,cover_334.png
"Everything, Everything",https://www.goodreads.com/book/show/18692431-everything-everything,Nicola Yoon,3.96,690553,https://i.gr-assets.com/images/S/compressed.photo.goodreads.com/books/1450515891i/18692431._SY75_.jpg,0,312.0,cover_335.png
"Matched (Matched, #1)",https://www.goodreads.com/book/show/7735333-matched,Ally Condie,3.62,821107,https://i.gr-assets.com/images/S/compressed.photo.goodreads.com/books/1367706191i/7735333._SY75_.jpg,0,369.0,cover_336.png
"Beartown (Beartown, #1)",https://www.goodreads.com/book/show/33413128-beartown,Fredrik Backman,4.28,653177,https://i.gr-assets.com/images/S/compressed.photo.goodreads.com/books/1482108618i/33413128._SY75_.jpg,0,432.0,cover_337.png
"The Silence of the Lambs (Hannibal Lecter, #2)",https://www.goodreads.com/book/show/23807.The_Silence_of_the_Lambs,Thomas Harris,4.26,600614,https://i.gr-assets.com/images/S/compressed.photo.goodreads.com/books/1647930822i/23807._SY75_.jpg,0,421.0,cover_338.png
"The Cat in the Hat (Cat in the Hat, #1)",https://www.goodreads.com/book/show/233093.The_Cat_in_the_Hat,Dr. Seuss,4.20,598366,https://i.gr-assets.com/images/S/compressed.photo.goodreads.com/books/1468890477i/233093._SX50_.jpg,0,61.0,cover_339.png
The Very Hungry Caterpillar,https://www.goodreads.com/book/show/4948.The_Very_Hungry_Caterpillar,Eric Carle,4.35,557633,https://i.gr-assets.com/images/S/compressed.photo.goodreads.com/books/1603739265i/4948._SX50_.jpg,0,26.0,cover_340.png
"Artemis Fowl (Artemis Fowl, #1)",https://www.goodreads.com/book/show/249747.Artemis_Fowl,Eoin Colfer,3.86,566092,https://i.gr-assets.com/images/S/compressed.photo.goodreads.com/books/1630661894i/249747._SX50_.jpg,3,396.0,cover_341.png
"Neverwhere (London Below, #1)",https://www.goodreads.com/book/show/14497.Neverwhere,Neil Gaiman,4.16,568620,https://i.gr-assets.com/images/S/compressed.photo.goodreads.com/books/1348747943i/14497._SX50_.jpg,4,370.0,cover_342.png
"I Know Why the Caged Bird Sings (Maya Angelou's Autobiography, #1)",https://www.goodreads.com/book/show/13214.I_Know_Why_the_Caged_Bird_Sings,Maya Angelou,4.30,596987,https://i.gr-assets.com/images/S/compressed.photo.goodreads.com/books/1327957927i/13214._SY75_.jpg,0,289.0,cover_343.png
The Alice Network,https://www.goodreads.com/book/show/32051912-the-alice-network,Kate Quinn,4.32,673657,https://i.gr-assets.com/images/S/compressed.photo.goodreads.com/books/1492238040i/32051912._SX50_.jpg,0,503.0,cover_344.png
"Hush, Hush (Hush, Hush, #1)",https://www.goodreads.com/book/show/6339664-hush-hush,Becca Fitzpatrick,3.92,752548,https://i.gr-assets.com/images/S/compressed.photo.goodreads.com/books/1358261334i/6339664._SY75_.jpg,0,391.0,cover_345.png
"A Study in Scarlet (Sherlock Holmes, #1)",https://www.goodreads.com/book/show/102868.A_Study_in_Scarlet,Arthur Conan Doyle,4.13,509679,https://i.gr-assets.com/images/S/compressed.photo.goodreads.com/books/1519031842i/102868._SX50_.jpg,4,123.0,cover_346.png
I Am Malala: The Story of the Girl Who Stood Up for Education and Was Shot by the Taliban,https://www.goodreads.com/book/show/17851885-i-am-malala,Malala Yousafzai,4.16,638172,https://i.gr-assets.com/images/S/compressed.photo.goodreads.com/books/1375414895i/17851885._SY75_.jpg,0,327.0,cover_347.png
"The Elite (The Selection, #2)",https://www.goodreads.com/book/show/16248068-the-elite,Kiera Cass,3.94,895427,https://i.gr-assets.com/images/S/compressed.photo.goodreads.com/books/1391454595i/16248068._SY75_.jpg,0,336.0,cover_348.png
Digital Fortress,https://www.goodreads.com/book/show/11125.Digital_Fortress,Dan Brown,3.71,673079,https://i.gr-assets.com/images/S/compressed.photo.goodreads.com/books/1360095966i/11125._SY75_.jpg,3,510.0,cover_349.png
"The Mysterious Affair at Styles (Hercule Poirot, #1)",https://www.goodreads.com/book/show/52843028-the-mysterious-affair-at-styles,Agatha Christie,4.00,533970,https://i.gr-assets.com/images/S/compressed.photo.goodreads.com/books/1585632445i/52843028._SY75_.jpg,3,174.0,cover_350.png
"Moby-Dick or, The Whale",https://www.goodreads.com/book/show/153747.Moby_Dick_or_The_Whale,Herman Melville,3.57,633707,https://i.gr-assets.com/images/S/compressed.photo.goodreads.com/books/1327940656i/153747._SY75_.jpg,0,720.0,cover_351.png
Dr. Jekyll and Mr. Hyde,https://www.goodreads.com/book/show/51496.Dr_Jekyll_and_Mr_Hyde,Robert Louis Stevenson,3.83,694941,https://i.gr-assets.com/images/S/compressed.photo.goodreads.com/books/1318116526i/51496._SY75_.jpg,5,139.0,cover_352.png
"Fifty Shades Freed (Fifty Shades, #3)",https://www.goodreads.com/book/show/13536860-fifty-shades-freed,E.L. James,3.83,930282,https://i.gr-assets.com/images/S/compressed.photo.goodreads.com/books/1336418837i/13536860._SY75_.jpg,0,579.0,cover_353.png
"The Well of Ascension (Mistborn, #2)",https://www.goodreads.com/book/show/68429.The_Well_of_Ascension,Brandon Sanderson,4.37,720992,https://i.gr-assets.com/images/S/compressed.photo.goodreads.com/books/1619538925i/68429._SY75_.jpg,0,590.0,cover_354.png
"The Rosie Project (Don Tillman, #1)",https://www.goodreads.com/book/show/16181775-the-rosie-project,Graeme Simsion,4.01,607214,https://i.gr-assets.com/images/S/compressed.photo.goodreads.com/books/1371651741i/16181775._SY75_.jpg,0,292.0,cover_355.png
Love in the Time of Cholera,https://www.goodreads.com/book/show/9712.Love_in_the_Time_of_Cholera,Gabriel García Márquez,3.94,561506,https://i.gr-assets.com/images/S/compressed.photo.goodreads.com/books/1644691354i/9712._SY75_.jpg,5,348.0,cover_356.png
"Aristotle and Dante Discover the Secrets of the Universe (Aristotle and Dante, #1)",https://www.goodreads.com/book/show/12000020-aristotle-and-dante-discover-the-secrets-of-the-universe,Benjamin Alire Sáenz,4.28,692863,https://i.gr-assets.com/images/S/compressed.photo.goodreads.com/books/1328320260i/12000020._SY75_.jpg,0,390.0,cover_357.png
"We'll Always Have Summer (Summer, #3)",https://www.goodreads.com/book/show/8680278-we-ll-always-have-summer,Jenny Han,3.77,701617,https://i.gr-assets.com/images/S/compressed.photo.goodreads.com/books/1327054226i/8680278._SY75_.jpg,0,291.0,cover_358.png
"Powerless (Chestnut Springs, #3)",https://www.goodreads.com/book/show/125195303-powerless,Elsie Silver,4.02,509638,https://i.gr-assets.com/images/S/compressed.photo.goodreads.com/books/1684209496i/125195303._SY75_.jpg,0,464.0,cover_359.png
Carrie,https://www.goodreads.com/book/show/10592.Carrie,Stephen King,3.99,880547,https://i.gr-assets.com/images/S/compressed.photo.goodreads.com/books/1771367607i/10592._SY75_.jpg,0,272.0,cover_360.png
"Fallen (Fallen, #1)",https://www.goodreads.com/book/show/6487308-fallen,Lauren Kate,3.72,624797,https://i.gr-assets.com/images/S/compressed.photo.goodreads.com/books/1440619649i/6487308._SY75_.jpg,0,464.0,cover_361.png
Demon Copperhead,https://www.goodreads.com/book/show/60194162-demon-copperhead,Barbara Kingsolver,4.46,895642,https://i.gr-assets.com/images/S/compressed.photo.goodreads.com/books/1660050779i/60194162._SY75_.jpg,4,560.0,cover_362.png
The Vanishing Half,https://www.goodreads.com/book/show/51791252-the-vanishing-half,Brit Bennett,4.11,881985,https://i.gr-assets.com/images/S/compressed.photo.goodreads.com/books/1577090827l/51791252._SX50_SY75_.jpg,0,343.0,cover_363.png
"Beautiful Disaster (Beautiful, #1)",https://www.goodreads.com/book/show/11505797-beautiful-disaster,Jamie McGuire,3.99,712421,https://i.gr-assets.com/images/S/compressed.photo.goodreads.com/books/1358259032i/11505797._SY75_.jpg,0,432.0,cover_364.png
The Ocean at the End of the Lane,https://www.goodreads.com/book/show/15783514-the-ocean-at-the-end-of-the-lane,Neil Gaiman,4.01,665846,https://i.gr-assets.com/images/S/compressed.photo.goodreads.com/books/1497098563i/15783514._SY75_.jpg,4,181.0,cover_365.png
Turtles All the Way Down,https://www.goodreads.com/book/show/35504431-turtles-all-the-way-down,John Green,3.87,659520,https://i.gr-assets.com/images/S/compressed.photo.goodreads.com/books/1503002776i/35504431._SY75_.jpg,4,290.0,cover_366.png
Treasure Island,https://www.goodreads.com/book/show/295.Treasure_Island,Robert Louis Stevenson,3.85,554244,https://i.gr-assets.com/images/S/compressed.photo.goodreads.com/books/1485248909i/295._SX50_.jpg,0,352.0,cover_367.png
Dear John,https://www.goodreads.com/book/show/5526.Dear_John,Nicholas Sparks,4.04,623908,https://i.gr-assets.com/images/S/compressed.photo.goodreads.com/books/1397749854i/5526._SY75_.jpg,0,276.0,cover_368.png
"Binding 13 (Boys of Tommen, #1)",https://www.goodreads.com/book/show/146943294-binding-13,Chloe Walsh,4.44,728855,https://i.gr-assets.com/images/S/compressed.photo.goodreads.com/books/1698653725i/146943294._SY75_.jpg,0,618.0,cover_369.png
"Unravel Me (Shatter Me, #2)",https://www.goodreads.com/book/show/13104080-unravel-me,Tahereh Mafi,4.09,816803,https://i.gr-assets.com/images/S/compressed.photo.goodreads.com/books/1340287622i/13104080._SY75_.jpg,0,480.0,cover_370.png
"The Mark of Athena (The Heroes of Olympus, #3)",https://www.goodreads.com/book/show/12127750-the-mark-of-athena,Rick Riordan,4.47,693314,https://i.gr-assets.com/images/S/compressed.photo.goodreads.com/books/1464201354i/12127750._SY75_.jpg,0,586.0,cover_371.png
"Where'd You Go, Bernadette",https://www.goodreads.com/book/show/13526165-where-d-you-go-bernadette,Maria Semple,3.87,609828,https://i.gr-assets.com/images/S/compressed.photo.goodreads.com/books/1338822317i/13526165._SY75_.jpg,4,330.0,cover_372.png
When Breath Becomes Air,https://www.goodreads.com/book/show/25899336-when-breath-becomes-air,Paul Kalanithi,4.41,849742,https://i.gr-assets.com/images/S/compressed.photo.goodreads.com/books/1492677644i/25899336._SX50_.jpg,0,208.0,cover_373.png
The Hating Game,https://www.goodreads.com/book/show/27213238-the-hating-game,Sally Thorne,3.85,857428,https://i.gr-assets.com/images/S/compressed.photo.goodreads.com/books/1481566824i/27213238._SY75_.jpg,0,365.0,cover_374.png
Heart of Darkness,https://www.goodreads.com/book/show/4900.Heart_of_Darkness,Joseph Conrad,3.43,574214,https://i.gr-assets.com/images/S/compressed.photo.goodreads.com/books/1392799983i/4900._SX50_.jpg,3,188.0,cover_375.png
"Bared to You (Crossfire, #1)",https://www.goodreads.com/book/show/20448515-bared-to-you,Sylvia Day,4.12,556144,https://i.gr-assets.com/images/S/compressed.photo.goodreads.com/books/1433411511i/20448515._SY75_.jpg,0,352.0,cover_376.png
Norwegian Wood,https://www.goodreads.com/book/show/11297.Norwegian_Wood,Haruki Murakami,3.98,768738,https://i.gr-assets.com/images/S/compressed.photo.goodreads.com/books/1713542603i/11297._SY75_.jpg,3,296.0,cover_377.png
Before We Were Yours,https://www.goodreads.com/book/show/32148570-before-we-were-yours,Lisa Wingate,4.40,757300,https://i.gr-assets.com/images/S/compressed.photo.goodreads.com/books/1498910914i/32148570._SY75_.jpg,0,342.0,cover_378.png
The Couple Next Door,https://www.goodreads.com/book/show/28815474-the-couple-next-door,Shari Lapena,3.80,743266,https://i.gr-assets.com/images/S/compressed.photo.goodreads.com/books/1471502242i/28815474._SY75_.jpg,4,308.0,cover_379.png
Yes Please,https://www.goodreads.com/book/show/20910157-yes-please,Amy Poehler,3.85,564319,https://i.gr-assets.com/images/S/compressed.photo.goodreads.com/books/1402815435i/20910157._SY75_.jpg,0,329.0,cover_380.png
A Walk to Remember,https://www.goodreads.com/book/show/35545737-a-walk-to-remember,Nicholas Sparks,4.20,854538,https://i.gr-assets.com/images/S/compressed.photo.goodreads.com/books/1498755310i/35545737._SY75_.jpg,0,215.0,cover_381.png
Behind Closed Doors,https://www.goodreads.com/book/show/29437949-behind-closed-doors,B.A. Paris,3.96,797388,https://i.gr-assets.com/images/S/compressed.photo.goodreads.com/books/1458854462i/29437949._SY75_.jpg,0,293.0,cover_382.png
Babel,https://www.goodreads.com/book/show/57945316-babel,R.F. Kuang,4.13,538024,https://i.gr-assets.com/images/S/compressed.photo.goodreads.com/books/1677361825i/57945316._SY75_.jpg,0,544.0,cover_383.png
Anxious People,https://www.goodreads.com/book/show/53799686-anxious-people,Fredrik Backman,4.16,876595,https://i.gr-assets.com/images/S/compressed.photo.goodreads.com/books/1594234890i/53799686._SX50_.jpg,0,336.0,cover_384.png
The Dutch House,https://www.goodreads.com/book/show/44318414-the-dutch-house,Ann Patchett,4.10,597690,https://i.gr-assets.com/images/S/compressed.photo.goodreads.com/books/1552334367i/44318414._SY75_.jpg,4,337.0,cover_385.png
"Good Girl, Bad Blood (A Good Girl's Guide to Murder, #2)",https://www.goodreads.com/book/show/51335759-good-girl-bad-blood,Holly Jackson,4.25,842999,https://i.gr-assets.com/images/S/compressed.photo.goodreads.com/books/1588319723i/51335759._SY75_.jpg,0,446.0,cover_386.png
"Archer's Voice (Pelion Lake, #1)",https://www.goodreads.com/book/show/32822135-archer-s-voice,Mia Sheridan,4.16,715539,https://i.gr-assets.com/images/S/compressed.photo.goodreads.com/books/1656593818i/32822135._SY75_.jpg,0,377.0,cover_387.png
What Alice Forgot,https://www.goodreads.com/book/show/6469165-what-alice-forgot,Liane Moriarty,4.07,525835,https://i.gr-assets.com/images/S/compressed.photo.goodreads.com/books/1714030846i/6469165._SY75_.jpg,0,487.0,cover_388.png
The Woman in Me,https://www.goodreads.com/book/show/63133205-the-woman-in-me,Britney Spears,3.83,595555,https://i.gr-assets.com/images/S/compressed.photo.goodreads.com/books/1689090540i/63133205._SY75_.jpg,0,288.0,cover_389.png
Misery,https://www.goodreads.com/book/show/10614.Misery,Stephen King,4.22,856053,https://i.gr-assets.com/images/S/compressed.photo.goodreads.com/books/1746142586i/10614._SY75_.jpg,4,370.0,cover_390.png
"The Woman in Cabin 10 (Lo Blacklock, #1)",https://www.goodreads.com/book/show/28187230-the-woman-in-cabin-10,Ruth Ware,3.71,814733,https://i.gr-assets.com/images/S/compressed.photo.goodreads.com/books/1465878007i/28187230._SY75_.jpg,0,341.0,cover_391.png
"The Other Boleyn Girl (The Plantagenet and Tudor Novels, #9)",https://www.goodreads.com/book/show/37470.The_Other_Boleyn_Girl,Philippa Gregory,4.09,518756,https://i.gr-assets.com/images/S/compressed.photo.goodreads.com/books/1355932638i/37470._SY75_.jpg,0,661.0,cover_392.png
Everything I Never Told You,https://www.goodreads.com/book/show/18693763-everything-i-never-told-you,Celeste Ng,3.83,626065,https://i.gr-assets.com/images/S/compressed.photo.goodreads.com/books/1386795198i/18693763._SY75_.jpg,0,297.0,cover_393.png
James and the Giant Peach,https://www.goodreads.com/book/show/6689.James_and_the_Giant_Peach,Roald Dahl,4.04,527800,https://i.gr-assets.com/images/S/compressed.photo.goodreads.com/books/1320412586i/6689._SX50_.jpg,0,176.0,cover_394.png
"Legend (Legend, #1)",https://www.goodreads.com/book/show/9275658-legend,Marie Lu,4.15,573523,https://i.gr-assets.com/images/S/compressed.photo.goodreads.com/books/1501368160i/9275658._SY75_.jpg,0,305.0,cover_395.png
"The Eye of the World (The Wheel of Time, #1)",https://www.goodreads.com/book/show/228665.The_Eye_of_the_World,Robert Jordan,4.19,612122,https://i.gr-assets.com/images/S/compressed.photo.goodreads.com/books/1659905815i/228665._SY75_.jpg,0,800.0,cover_396.png
"Uglies (Uglies, #1)",https://www.goodreads.com/book/show/24770.Uglies,Scott Westerfeld,3.84,715438,https://i.gr-assets.com/images/S/compressed.photo.goodreads.com/books/1654202671i/24770._SX50_.jpg,0,425.0,cover_397.png
Rich Dad Poor Dad: What the Rich Teach Their Kids About Money—That the Poor and Middle Class Do Not!,https://www.goodreads.com/book/show/69571.Rich_Dad_Poor_Dad,Robert T. Kiyosaki,4.08,758909,https://i.gr-assets.com/images/S/compressed.photo.goodreads.com/books/1757619021i/69571._SY75_.jpg,0,195.0,cover_398.png
All Quiet on the Western Front,https://www.goodreads.com/book/show/355697.All_Quiet_on_the_Western_Front,Erich Maria Remarque,4.12,538914,https://i.gr-assets.com/images/S/compressed.photo.goodreads.com/books/1632027397i/355697._SY75_.jpg,0,296.0,cover_399.png
Number the Stars,https://www.goodreads.com/book/show/47281.Number_the_Stars,Lois Lowry,4.20,636082,https://i.gr-assets.com/images/S/compressed.photo.goodreads.com/books/1630542426i/47281._SX50_.jpg,0,137.0,cover_400.png
Dark Matter,https://www.goodreads.com/book/show/27833670-dark-matter,Blake Crouch,4.13,803125,https://i.gr-assets.com/images/S/compressed.photo.goodreads.com/books/1472119680i/27833670._SY75_.jpg,0,342.0,cover_401.png
"Beautiful Creatures (Caster Chronicles, #1)",https://www.goodreads.com/book/show/6304335-beautiful-creatures,Kami Garcia,3.78,626185,https://i.gr-assets.com/images/S/compressed.photo.goodreads.com/books/1327873282i/6304335._SY75_.jpg,0,563.0,cover_402.png
All the Bright Places,https://www.goodreads.com/book/show/18460392-all-the-bright-places,Jennifer Niven,4.11,642908,https://i.gr-assets.com/images/S/compressed.photo.goodreads.com/books/1404331702i/18460392._SY75_.jpg,0,388.0,cover_403.png
"Clockwork Prince (The Infernal Devices, #2)",https://www.goodreads.com/book/show/10025305-clockwork-prince,Cassandra Clare,4.42,594444,https://i.gr-assets.com/images/S/compressed.photo.goodreads.com/books/1460477747i/10025305._SY75_.jpg,0,498.0,cover_404.png
A Midsummer Night’s Dream,https://www.goodreads.com/book/show/1622.A_Midsummer_Night_s_Dream,William Shakespeare,3.94,592456,https://i.gr-assets.com/images/S/compressed.photo.goodreads.com/books/1327874534i/1622._SY75_.jpg,0,298.0,cover_405.png
East of Eden,https://www.goodreads.com/book/show/4406.East_of_Eden,John Steinbeck,4.45,714349,https://i.gr-assets.com/images/S/compressed.photo.goodreads.com/books/1639969375i/4406._SY75_.jpg,5,601.0,cover_406.png
In Five Years,https://www.goodreads.com/book/show/50093704-in-five-years,Rebecca Serle,3.78,681288,https://i.gr-assets.com/images/S/compressed.photo.goodreads.com/books/1586399012i/50093704._SY75_.jpg,0,272.0,cover_407.png
Credence,https://www.goodreads.com/book/show/49084724-credence,Penelope Douglas,3.67,641915,https://i.gr-assets.com/images/S/compressed.photo.goodreads.com/books/1576590268i/49084724._SX50_.jpg,0,470.0,cover_408.png
"Heartstopper: Volume Three (Heartstopper, #3)",https://www.goodreads.com/book/show/43449920-heartstopper,Alice Oseman,4.53,511813,https://i.gr-assets.com/images/S/compressed.photo.goodreads.com/books/1572608363i/43449920._SY75_.jpg,0,384.0,cover_409.png
The Power of Habit: Why We Do What We Do in Life and Business,https://www.goodreads.com/book/show/12609433-the-power-of-habit,Charles Duhigg,4.13,575950,https://i.gr-assets.com/images/S/compressed.photo.goodreads.com/books/1545854312i/12609433._SY75_.jpg,0,375.0,cover_410.png
"The Son of Neptune (The Heroes of Olympus, #2)",https://www.goodreads.com/book/show/9520360-the-son-of-neptune,Rick Riordan,4.40,688053,https://i.gr-assets.com/images/S/compressed.photo.goodreads.com/books/1464201114i/9520360._SY75_.jpg,0,521.0,cover_411.png
American Dirt,https://www.goodreads.com/book/show/45046527-american-dirt,Jeanine Cummins,4.36,722281,https://i.gr-assets.com/images/S/compressed.photo.goodreads.com/books/1559127861i/45046527._SY75_.jpg,0,459.0,cover_412.png
Man's Search for Meaning,https://www.goodreads.com/book/show/4069.Man_s_Search_for_Meaning,Viktor E. Frankl,4.37,933694,https://i.gr-assets.com/images/S/compressed.photo.goodreads.com/books/1535419394i/4069._SY75_.jpg,0,165.0,cover_413.png
The BFG,https://www.goodreads.com/book/show/6319.The_BFG,Roald Dahl,4.23,540031,https://i.gr-assets.com/images/S/compressed.photo.goodreads.com/books/1327872673i/6319._SY75_.jpg,0,199.0,cover_414.png
"The Fine Print (Dreamland Billionaires, #1)",https://www.goodreads.com/book/show/74045390-the-fine-print,Lauren Asher,3.80,689271,https://i.gr-assets.com/images/S/compressed.photo.goodreads.com/books/1671865608i/74045390._SY75_.jpg,0,448.0,cover_415.png
Bridge to Terabithia,https://www.goodreads.com/book/show/40940121-bridge-to-terabithia,Katherine Paterson,4.07,602739,https://i.gr-assets.com/images/S/compressed.photo.goodreads.com/books/1532478367i/40940121._SY75_.jpg,0,190.0,cover_416.png
Rock Paper Scissors,https://www.goodreads.com/book/show/56269064-rock-paper-scissors,Alice Feeney,3.87,819853,https://i.gr-assets.com/images/S/compressed.photo.goodreads.com/books/1612020952i/56269064._SY75_.jpg,0,294.0,cover_417.png
"Mile High (Windy City, #1)",https://www.goodreads.com/book/show/60909831-mile-high,Liz Tomforde,4.00,673511,https://i.gr-assets.com/images/S/compressed.photo.goodreads.com/books/1651354353i/60909831._SX50_.jpg,0,603.0,cover_418.png
Hillbilly Elegy: A Memoir of a Family and Culture in Crisis,https://www.goodreads.com/book/show/27161156-hillbilly-elegy,J.D. Vance,3.83,514296,https://i.gr-assets.com/images/S/compressed.photo.goodreads.com/books/1463569814i/27161156._SY75_.jpg,0,264.0,cover_419.png
"The Wise Man's Fear (The Kingkiller Chronicle, #2)",https://www.goodreads.com/book/show/1215032.The_Wise_Man_s_Fear,Patrick Rothfuss,4.55,638528,https://i.gr-assets.com/images/S/compressed.photo.goodreads.com/books/1785688949i/1215032._SY75_.jpg,0,994.0,cover_420.png
"The Duke and I (Bridgertons, #1)",https://www.goodreads.com/book/show/110391.The_Duke_and_I,Julia Quinn,3.79,738711,https://i.gr-assets.com/images/S/compressed.photo.goodreads.com/books/1379594717i/110391._SY75_.jpg,0,384.0,cover_421.png
"Hooked (Never After, #1)",https://www.goodreads.com/book/show/72256452-hooked,Emily McIntire,3.77,537795,https://i.gr-assets.com/images/S/compressed.photo.goodreads.com/books/1671559739i/72256452._SY75_.jpg,0,397.0,cover_422.png
The Tenant,https://www.goodreads.com/book/show/221733722-the-tenant,Freida McFadden,3.83,738499,https://i.gr-assets.com/images/S/compressed.photo.goodreads.com/books/1734361066i/221733722._SY75_.jpg,0,368.0,cover_423.png
"The One (The Selection, #3)",https://www.goodreads.com/book/show/18635016-the-one,Kiera Cass,4.14,798837,https://i.gr-assets.com/images/S/compressed.photo.goodreads.com/books/1699307836i/18635016._SY75_.jpg,0,323.0,cover_424.png
Everything I Know About Love,https://www.goodreads.com/book/show/46041465-everything-i-know-about-love,Dolly Alderton,3.92,545866,https://i.gr-assets.com/images/S/compressed.photo.goodreads.com/books/1563761980i/46041465._SX50_.jpg,0,368.0,cover_425.png
Carrie Soto Is Back,https://www.goodreads.com/book/show/60435878-carrie-soto-is-back,Taylor Jenkins Reid,4.19,776986,https://i.gr-assets.com/images/S/compressed.photo.goodreads.com/books/1649848581i/60435878._SY75_.jpg,0,384.0,cover_426.png
The Crash,https://www.goodreads.com/book/show/216223604-the-crash,Freida McFadden,3.69,656884,https://i.gr-assets.com/images/S/compressed.photo.goodreads.com/books/1720712855i/216223604._SY75_.jpg,0,384.0,cover_427.png
Piranesi,https://www.goodreads.com/book/show/50202953-piranesi,Susanna Clarke,4.20,567303,https://i.gr-assets.com/images/S/compressed.photo.goodreads.com/books/1773750050i/50202953._SY75_.jpg,0,245.0,cover_428.png
"City of Lost Souls (The Mortal Instruments, #5)",https://www.goodreads.com/book/show/8755776-city-of-lost-souls,Cassandra Clare,4.20,575643,https://i.gr-assets.com/images/S/compressed.photo.goodreads.com/books/1460477703i/8755776._SY75_.jpg,0,535.0,cover_429.png
"The Thursday Murder Club (Thursday Murder Club, #1)",https://www.goodreads.com/book/show/46000520-the-thursday-murder-club,Richard Osman,3.85,857247,https://i.gr-assets.com/images/S/compressed.photo.goodreads.com/books/1582287822i/46000520._SY75_.jpg,0,382.0,cover_430.png
Punk 57,https://www.goodreads.com/book/show/41021967-punk-57,Penelope Douglas,3.76,520628,https://i.gr-assets.com/images/S/compressed.photo.goodreads.com/books/1689301728i/41021967._SY75_.jpg,0,343.0,cover_431.png
The Perfect Son,https://www.goodreads.com/book/show/52616342-the-perfect-son,Freida McFadden,3.98,583121,https://i.gr-assets.com/images/S/compressed.photo.goodreads.com/books/1570489697l/52616342._SX50_SY75_.jpg,0,373.0,cover_432.png
"Call Me By Your Name (Call Me By Your Name, #1)",https://www.goodreads.com/book/show/36336078-call-me-by-your-name,André Aciman,4.10,626094,https://i.gr-assets.com/images/S/compressed.photo.goodreads.com/books/1519203520i/36336078._SY75_.jpg,0,248.0,cover_433.png
The Iliad,https://www.goodreads.com/book/show/77265004-the-iliad,Homer,3.94,534438,https://i.gr-assets.com/images/S/compressed.photo.goodreads.com/books/1681797700i/77265004._SY75_.jpg,0,848.0,cover_434.png
"The Three-Body Problem (Remembrance of Earth’s Past, #1)",https://www.goodreads.com/book/show/20518872-the-three-body-problem,Liu Cixin,4.08,533809,https://i.gr-assets.com/images/S/compressed.photo.goodreads.com/books/1415428227i/20518872._SY75_.jpg,4,472.0,cover_435.png
The Graveyard Book,https://www.goodreads.com/book/show/2213661.The_Graveyard_Book,Neil Gaiman,4.15,571015,https://i.gr-assets.com/images/S/compressed.photo.goodreads.com/books/1531295292i/2213661._SY75_.jpg,4,312.0,cover_436.png
"The Kiss Quotient (The Kiss Quotient, #1)",https://www.goodreads.com/book/show/36199084-the-kiss-quotient,Helen Hoang,3.86,512542,https://i.gr-assets.com/images/S/compressed.photo.goodreads.com/books/1688188444i/36199084._SY75_.jpg,0,333.0,cover_437.png
"The Poppy War (The Poppy War, #1)",https://www.goodreads.com/book/show/35068705-the-poppy-war,R.F. Kuang,4.15,545631,https://i.gr-assets.com/images/S/compressed.photo.goodreads.com/books/1515691735i/35068705._SY75_.jpg,0,545.0,cover_438.png
"Eldest (The Inheritance Cycle, #2)",https://www.goodreads.com/book/show/45978.Eldest,Christopher Paolini,4.06,503903,https://i.gr-assets.com/images/S/compressed.photo.goodreads.com/books/1387119654i/45978._SX50_.jpg,0,704.0,cover_439.png
"City of Fallen Angels (The Mortal Instruments, #4)",https://www.goodreads.com/book/show/6752378-city-of-fallen-angels,Cassandra Clare,4.07,650194,https://i.gr-assets.com/images/S/compressed.photo.goodreads.com/books/1369452302i/6752378._SY75_.jpg,0,425.0,cover_440.png
The Shack: Where Tragedy Confronts Eternity,https://www.goodreads.com/book/show/40874325-the-shack,William Paul Young,3.84,704978,https://i.gr-assets.com/images/S/compressed.photo.goodreads.com/books/1532013572i/40874325._SY75_.jpg,0,294.0,cover_441.png
Heart Bones,https://www.goodreads.com/book/show/51007311-heart-bones,Colleen Hoover,4.20,706228,https://i.gr-assets.com/images/S/compressed.photo.goodreads.com/books/1580936060i/51007311._SY75_.jpg,0,338.0,cover_442.png
Small Things Like These,https://www.goodreads.com/book/show/58662236-small-things-like-these,Claire Keegan,4.07,510097,https://i.gr-assets.com/images/S/compressed.photo.goodreads.com/books/1734631773i/58662236._SX50_.jpg,4,118.0,cover_443.png
"One for the Money (Stephanie Plum, #1)",https://www.goodreads.com/book/show/6853.One_for_the_Money,Janet Evanovich,4.04,586295,https://i.gr-assets.com/images/S/compressed.photo.goodreads.com/books/1316730230i/6853._SY75_.jpg,0,320.0,cover_444.png
The Art of War,https://www.goodreads.com/book/show/10534.The_Art_of_War,Sun Tzu,3.94,595298,https://i.gr-assets.com/images/S/compressed.photo.goodreads.com/books/1630683326i/10534._SY75_.jpg,3,170.0,cover_445.png
"The Score (Off-Campus, #3)",https://www.goodreads.com/book/show/44593125-the-score,Elle Kennedy,4.12,727819,https://i.gr-assets.com/images/S/compressed.photo.goodreads.com/books/1553565141i/44593125._SY75_.jpg,0,384.0,cover_446.png
"The Family Upstairs (The Family Upstairs, #1)",https://www.goodreads.com/book/show/43822820-the-family-upstairs,Lisa Jewell,3.95,603514,https://i.gr-assets.com/images/S/compressed.photo.goodreads.com/books/1564517337i/43822820._SY75_.jpg,0,352.0,cover_447.png
"Two Twisted Crowns (The Shepherd King, #2)",https://www.goodreads.com/book/show/63910262-two-twisted-crowns,Rachel Gillig,4.37,583169,https://i.gr-assets.com/images/S/compressed.photo.goodreads.com/books/1670090073i/63910262._SY75_.jpg,0,437.0,cover_448.png
"The Viscount Who Loved Me (Bridgertons, #2)",https://www.goodreads.com/book/show/861326.The_Viscount_Who_Loved_Me,Julia Quinn,3.98,517394,https://i.gr-assets.com/images/S/compressed.photo.goodreads.com/books/1379594308i/861326._SY75_.jpg,0,480.0,cover_449.png
"Before the Coffee Gets Cold (Before the Coffee Gets Cold, #1)",https://www.goodreads.com/book/show/44421460-before-the-coffee-gets-cold,Toshikazu Kawaguchi,3.64,768156,https://i.gr-assets.com/images/S/compressed.photo.goodreads.com/books/1704153539i/44421460._SY75_.jpg,3,213.0,cover_450.png
I Who Have Never Known Men,https://www.goodreads.com/book/show/60811826-i-who-have-never-known-men,Jacqueline Harpman,4.04,684814,https://i.gr-assets.com/images/S/compressed.photo.goodreads.com/books/1649947133i/60811826._SY75_.jpg,4,173.0,cover_451.png
The Frozen River,https://www.goodreads.com/book/show/112975658-the-frozen-river,Ariel Lawhon,4.37,691928,https://i.gr-assets.com/images/S/compressed.photo.goodreads.com/books/1730395034i/112975658._SY75_.jpg,0,448.0,cover_452.png
"Dead Until Dark (Sookie Stackhouse, #1)",https://www.goodreads.com/book/show/301082.Dead_Until_Dark,Charlaine Harris,3.97,565744,https://i.gr-assets.com/images/S/compressed.photo.goodreads.com/books/1468560853i/301082._SY75_.jpg,0,292.0,cover_453.png
"Divine Rivals (Letters of Enchantment, #1)",https://www.goodreads.com/book/show/60784546-divine-rivals,Rebecca Ross,4.14,797338,https://i.gr-assets.com/images/S/compressed.photo.goodreads.com/books/1655928079i/60784546._SY75_.jpg,0,368.0,cover_454.png
"Hopeless (Hopeless, #1)",https://www.goodreads.com/book/show/62967897-hopeless,Colleen Hoover,4.22,702208,https://i.gr-assets.com/images/S/compressed.photo.goodreads.com/books/1666362713i/62967897._SY75_.jpg,0,408.0,cover_455.png
Speak,https://www.goodreads.com/book/show/39280444-speak,Laurie Halse Anderson,4.05,643747,https://i.gr-assets.com/images/S/compressed.photo.goodreads.com/books/1529044298i/39280444._SY75_.jpg,0,224.0,cover_456.png
"It's Not Summer Without You (Summer, #2)",https://www.goodreads.com/book/show/6584188-it-s-not-summer-without-you,Jenny Han,3.73,765313,https://i.gr-assets.com/images/S/compressed.photo.goodreads.com/books/1479864019i/6584188._SY75_.jpg,0,275.0,cover_457.png
First Lie Wins,https://www.goodreads.com/book/show/164444179-first-lie-wins,Ashley Elston,3.99,868027,https://i.gr-assets.com/images/S/compressed.photo.goodreads.com/books/1704216161i/164444179._SY75_.jpg,0,340.0,cover_458.png
Untamed,https://www.goodreads.com/book/show/52129515-untamed,Glennon Doyle,3.97,527177,https://i.gr-assets.com/images/S/compressed.photo.goodreads.com/books/1585832694i/52129515._SY75_.jpg,0,333.0,cover_459.png
"One Golden Summer (Barry's Bay, #2)",https://www.goodreads.com/book/show/217245639-one-golden-summer,Carley Fortune,4.27,610902,https://i.gr-assets.com/images/S/compressed.photo.goodreads.com/books/1723652503i/217245639._SY75_.jpg,0,385.0,cover_460.png
"Red Rising (Red Rising Saga, #1)",https://www.goodreads.com/book/show/15839976-red-rising,Pierce Brown,4.27,963923,https://i.gr-assets.com/images/S/compressed.photo.goodreads.com/books/1461354651i/15839976._SY75_.jpg,0,382.0,cover_461.png
"Watership Down (Watership Down, #1)",https://www.goodreads.com/book/show/76620.Watership_Down,Richard Adams,4.10,514229,https://i.gr-assets.com/images/S/compressed.photo.goodreads.com/books/1405136931i/76620._SY75_.jpg,0,478.0,cover_462.png
"Heartstopper: Volume Two (Heartstopper, #2)",https://www.goodreads.com/book/show/43307358-heartstopper,Alice Oseman,4.50,583954,https://i.gr-assets.com/images/S/compressed.photo.goodreads.com/books/1564967250i/43307358._SY75_.jpg,0,320.0,cover_463.png
"Reckless (The Powerless Trilogy, #2)",https://www.goodreads.com/book/show/183086339-reckless,Lauren Roberts,4.06,689611,https://i.gr-assets.com/images/S/compressed.photo.goodreads.com/books/1784518859i/183086339._SY75_.jpg,0,396.0,cover_464.png
"Heartless (Chestnut Springs, #2)",https://www.goodreads.com/book/show/125460757-heartless,Elsie Silver,4.35,638401,https://i.gr-assets.com/images/S/compressed.photo.goodreads.com/books/1687148317i/125460757._SY75_.jpg,0,410.0,cover_465.png
Layla,https://www.goodreads.com/book/show/52089753-layla,Colleen Hoover,3.63,638052,https://i.gr-assets.com/images/S/compressed.photo.goodreads.com/books/1593095775i/52089753._SY75_.jpg,0,305.0,cover_466.png
"Siege and Storm (The Shadow and Bone Trilogy, #2)",https://www.goodreads.com/book/show/14061955-siege-and-storm,Leigh Bardugo,3.80,700938,https://i.gr-assets.com/images/S/compressed.photo.goodreads.com/books/1362166252i/14061955._SX50_.jpg,0,435.0,cover_467.png
"From Blood and Ash (Blood and Ash, #1)",https://www.goodreads.com/book/show/52831200-from-blood-and-ash,Jennifer L. Armentrout,4.21,903117,https://i.gr-assets.com/images/S/compressed.photo.goodreads.com/books/1734440654i/52831200._SY75_.jpg,0,622.0,cover_468.png
"The Voyage of the Dawn Treader (Chronicles of Narnia, #3)",https://www.goodreads.com/book/show/140225.The_Voyage_of_the_Dawn_Treader,C.S. Lewis,4.09,519284,https://i.gr-assets.com/images/S/compressed.photo.goodreads.com/books/1661032500i/140225._SX50_.jpg,2,248.0,cover_469.png
The Last Letter,https://www.goodreads.com/book/show/40045986-the-last-letter,Rebecca Yarros,4.47,711417,https://i.gr-assets.com/images/S/compressed.photo.goodreads.com/books/1534177574i/40045986._SX50_.jpg,0,426.0,cover_470.png
"The Ballad of Never After (Once Upon a Broken Heart, #2)",https://www.goodreads.com/book/show/59808071-the-ballad-of-never-after,Stephanie Garber,4.48,550175,https://i.gr-assets.com/images/S/compressed.photo.goodreads.com/books/1716011416i/59808071._SY75_.jpg,0,416.0,cover_471.png
"The Right Move (Windy City, #2)",https://www.goodreads.com/book/show/84943172-the-right-move,Liz Tomforde,4.38,574027,https://i.gr-assets.com/images/S/compressed.photo.goodreads.com/books/1674590603i/84943172._SY75_.jpg,0,499.0,cover_472.png
Milk and honey,https://www.goodreads.com/book/show/23513349-milk-and-honey,Rupi Kaur,3.95,837406,https://i.gr-assets.com/images/S/compressed.photo.goodreads.com/books/1491595510i/23513349._SY75_.jpg,0,204.0,cover_473.png
"Crooked Kingdom (Six of Crows, #2)",https://www.goodreads.com/book/show/22299763-crooked-kingdom,Leigh Bardugo,4.56,805185,https://i.gr-assets.com/images/S/compressed.photo.goodreads.com/books/1456172607i/22299763._SY75_.jpg,0,561.0,cover_474.png
"Dungeon Crawler Carl (Dungeon Crawler Carl, #1)",https://www.goodreads.com/book/show/211721806-dungeon-crawler-carl,Matt Dinniman,4.44,583691,https://i.gr-assets.com/images/S/compressed.photo.goodreads.com/books/1715780755i/211721806._SY75_.jpg,0,450.0,cover_475.png
"The Cuckoo's Calling (Cormoran Strike, #1)",https://www.goodreads.com/book/show/16160797-the-cuckoo-s-calling,Robert Galbraith,3.89,639365,https://i.gr-assets.com/images/S/compressed.photo.goodreads.com/books/1540217136i/16160797._SY75_.jpg,0,456.0,cover_476.png
Is Everyone Hanging Out Without Me?,https://www.goodreads.com/book/show/10335308-is-everyone-hanging-out-without-me,Mindy Kaling,3.86,517884,https://i.gr-assets.com/images/S/compressed.photo.goodreads.com/books/1443264638i/10335308._SY75_.jpg,0,222.0,cover_477.png
"The Hero of Ages (Mistborn, #3)",https://www.goodreads.com/book/show/2767793-the-hero-of-ages,Brandon Sanderson,4.56,649948,https://i.gr-assets.com/images/S/compressed.photo.goodreads.com/books/1628563911i/2767793._SY75_.jpg,0,572.0,cover_478.png
Atonement,https://www.goodreads.com/book/show/6867.Atonement,Ian McEwan,3.96,577364,https://i.gr-assets.com/images/S/compressed.photo.goodreads.com/books/1773518365i/6867._SY75_.jpg,0,351.0,cover_479.png
"They Both Die at the End (They Both Die at the End, #1)",https://www.goodreads.com/book/show/33385229-they-both-die-at-the-end,Adam Silvera,3.75,905480,https://i.gr-assets.com/images/S/compressed.photo.goodreads.com/books/1494333138i/33385229._SY75_.jpg,0,389.0,cover_480.png
The Coworker,https://www.goodreads.com/book/show/123423832-the-coworker,Freida McFadden,3.73,652792,https://i.gr-assets.com/images/S/compressed.photo.goodreads.com/books/1685248649i/123423832._SY75_.jpg,0,362.0,cover_481.png
Pet Sematary,https://www.goodreads.com/book/show/33124137-pet-sematary,Stephen King,4.09,730277,https://i.gr-assets.com/images/S/compressed.photo.goodreads.com/books/1480069533i/33124137._SY75_.jpg,0,580.0,cover_482.png
"A Discovery of Witches (All Souls, #1)",https://www.goodreads.com/book/show/8667848-a-discovery-of-witches,Deborah Harkness,4.02,569549,https://i.gr-assets.com/images/S/compressed.photo.goodreads.com/books/1525097370i/8667848._SY75_.jpg,0,592.0,cover_483.png
"The Wonderful Wizard of Oz (Oz, #1)",https://www.goodreads.com/book/show/236093.The_Wonderful_Wizard_of_Oz,L. Frank Baum,4.00,524353,https://i.gr-assets.com/images/S/compressed.photo.goodreads.com/books/1398003737i/236093._SY75_.jpg,0,154.0,cover_484.png
Hello Beautiful,https://www.goodreads.com/book/show/61771675-hello-beautiful,Ann Napolitano,4.12,583125,https://i.gr-assets.com/images/S/compressed.photo.goodreads.com/books/1687803098i/61771675._SY75_.jpg,0,594.0,cover_485.png
"Beautiful World, Where Are You",https://www.goodreads.com/book/show/75555793-beautiful-world-where-are-you,Sally Rooney,3.52,517370,https://i.gr-assets.com/images/S/compressed.photo.goodreads.com/books/1672783505i/75555793._SY75_.jpg,2,337.0,cover_486.png
"The Bad Beginning (A Series of Unfortunate Events, #1)",https://www.goodreads.com/book/show/78411.The_Bad_Beginning,Lemony Snicket,4.03,585212,https://i.gr-assets.com/images/S/compressed.photo.goodreads.com/books/1436737029i/78411._SX50_.jpg,0,162.0,cover_487.png
"Lights Out (Into Darkness, #1)",https://www.goodreads.com/book/show/211200239-lights-out,Navessa Allen,4.07,741990,https://i.gr-assets.com/images/S/compressed.photo.goodreads.com/books/1761313129i/211200239._SX50_.jpg,0,416.0,cover_488.png
The Last Song,https://www.goodreads.com/book/show/6400090-the-last-song,Nicholas Sparks,4.16,576841,https://i.gr-assets.com/images/S/compressed.photo.goodreads.com/books/1286549186i/6400090._SY75_.jpg,0,390.0,cover_489.png
Kafka on the Shore,https://www.goodreads.com/book/show/239775146-kafka-on-the-shore,Haruki Murakami,4.11,574350,https://i.gr-assets.com/images/S/compressed.photo.goodreads.com/books/1754436219i/239775146._SY75_.jpg,4,467.0,cover_490.png
"The Secret (The Secret, #1)",https://www.goodreads.com/book/show/52529.The_Secret,Rhonda Byrne,3.74,547100,https://i.gr-assets.com/images/S/compressed.photo.goodreads.com/books/1659289885i/52529._SX50_.jpg,0,199.0,cover_491.png
"The Hawthorne Legacy (The Inheritance Games, #2)",https://www.goodreads.com/book/show/50531218-the-hawthorne-legacy,Jennifer Lynn Barnes,4.18,667040,https://i.gr-assets.com/images/S/compressed.photo.goodreads.com/books/1610493390i/50531218._SY75_.jpg,0,380.0,cover_492.png
"The Serpent and the Wings of Night (Crowns of Nyaxia, #1)",https://www.goodreads.com/book/show/60714999-the-serpent-and-the-wings-of-night,Carissa Broadbent,4.25,814712,https://i.gr-assets.com/images/S/compressed.photo.goodreads.com/books/1711665394i/60714999._SY75_.jpg,0,504.0,cover_493.png
"Foundation (Foundation, #1)",https://www.goodreads.com/book/show/29579.Foundation,Isaac Asimov,4.17,614069,https://i.gr-assets.com/images/S/compressed.photo.goodreads.com/books/1417900846i/29579._SX50_.jpg,0,244.0,cover_494.png
The Seven Year Slip,https://www.goodreads.com/book/show/62926938-the-seven-year-slip,Ashley Poston,4.14,698023,https://i.gr-assets.com/images/S/compressed.photo.goodreads.com/books/1685350807i/62926938._SX50_.jpg,0,336.0,cover_495.png
"Haunting Adeline (Cat and Mouse, #1)",https://www.goodreads.com/book/show/58763686-haunting-adeline,H.D. Carlton,3.94,968948,https://i.gr-assets.com/images/S/compressed.photo.goodreads.com/books/1628900532i/58763686._SX50_.jpg,0,629.0,cover_496.png
Love on the Brain,https://www.goodreads.com/book/show/59571699-love-on-the-brain,Ali Hazelwood,3.90,688361,https://i.gr-assets.com/images/S/compressed.photo.goodreads.com/books/1657897729i/59571699._SY75_.jpg,0,368.0,cover_497.png
"Twisted Lies (Twisted, #4)",https://www.goodreads.com/book/show/62058385-twisted-lies,Ana Huang,4.15,747025,https://i.gr-assets.com/images/S/compressed.photo.goodreads.com/books/1661225395i/62058385._SY75_.jpg,0,560.0,cover_498.png
"Flawless (Chestnut Springs, #1)",https://www.goodreads.com/book/show/60755618-flawless,Elsie Silver,4.00,756299,https://i.gr-assets.com/images/S/compressed.photo.goodreads.com/books/1750538912i/60755618._SY75_.jpg,0,424.0,cover_499.png
"If He Had Been With Me (If He Had Been with Me, #1)",https://www.goodreads.com/book/show/15835031-if-he-had-been-with-me,Laura Nowlin,3.78,631703,https://i.gr-assets.com/images/S/compressed.photo.goodreads.com/books/1348497394i/15835031._SX50_.jpg,0,336.0,cover_500.png
The Only One Left,https://www.goodreads.com/book/show/62703226-the-only-one-left,Riley Sager,4.12,724244,https://i.gr-assets.com/images/S/compressed.photo.goodreads.com/books/1668181003i/62703226._SY75_.jpg,0,383.0,cover_501.png
"Hunting Adeline (Cat and Mouse, #2)",https://www.goodreads.com/book/show/59050133-hunting-adeline,H.D. Carlton,4.07,656545,https://i.gr-assets.com/images/S/compressed.photo.goodreads.com/books/1639934603i/59050133._SY75_.jpg,0,684.0,cover_502.png
"Once Upon a Broken Heart (Once Upon a Broken Heart, #1)",https://www.goodreads.com/book/show/55987278-once-upon-a-broken-heart,Stephanie Garber,4.06,764429,https://i.gr-assets.com/images/S/compressed.photo.goodreads.com/books/1615486938i/55987278._SY75_.jpg,0,408.0,cover_503.png
Broken Country,https://www.goodreads.com/book/show/214151202-broken-country,Clare Leslie Hall,4.26,713288,https://i.gr-assets.com/images/S/compressed.photo.goodreads.com/books/1741267777i/214151202._SY75_.jpg,0,319.0,cover_504.png
World War Z: An Oral History of the Zombie War,https://www.goodreads.com/book/show/8908.World_War_Z,Max Brooks,4.02,580009,https://i.gr-assets.com/images/S/compressed.photo.goodreads.com/books/1528312647i/8908._SX50_.jpg,0,342.0,cover_505.png
Confess,https://www.goodreads.com/book/show/34324605-confess,Colleen Hoover,4.05,633449,https://i.gr-assets.com/images/S/compressed.photo.goodreads.com/books/1488107498i/34324605._SY75_.jpg,0,320.0,cover_506.png
"Bride (Bride, #1)",https://www.goodreads.com/book/show/181344829-bride,Ali Hazelwood,3.99,773945,https://i.gr-assets.com/images/S/compressed.photo.goodreads.com/books/1730451646i/181344829._SY75_.jpg,0,410.0,cover_507.png
"My Brilliant Friend (Neapolitan Novels, #1)",https://www.goodreads.com/book/show/35036409-my-brilliant-friend,Elena Ferrante,4.06,510168,https://i.gr-assets.com/images/S/compressed.photo.goodreads.com/books/1493655783i/35036409._SY75_.jpg,4,331.0,cover_508.png
"King of Wrath (Kings of Sin, #1)",https://www.goodreads.com/book/show/217206738-king-of-wrath,Ana Huang,4.03,693714,https://i.gr-assets.com/images/S/compressed.photo.goodreads.com/books/1742667348i/217206738._SY75_.jpg,0,398.0,cover_509.png
My Year of Rest and Relaxation,https://www.goodreads.com/book/show/44279110-my-year-of-rest-and-relaxation,Ottessa Moshfegh,3.59,616862,https://i.gr-assets.com/images/S/compressed.photo.goodreads.com/books/1597676656i/44279110._SY75_.jpg,0,289.0,cover_510.png
"A Kingdom of Flesh and Fire (Blood and Ash, #2)",https://www.goodreads.com/book/show/54319549-a-kingdom-of-flesh-and-fire,Jennifer L. Armentrout,4.31,628036,https://i.gr-assets.com/images/S/compressed.photo.goodreads.com/books/1734440592i/54319549._SY75_.jpg,0,637.0,cover_511.png
"Marked (House of Night, #1)",https://www.goodreads.com/book/show/30183.Marked,P.C. Cast,3.82,528814,https://i.gr-assets.com/images/S/compressed.photo.goodreads.com/books/1317067002i/30183._SX50_.jpg,0,306.0,cover_512.png
"House of Flame and Shadow (Crescent City, #3)",https://www.goodreads.com/book/show/52857700-house-of-flame-and-shadow,Sarah J. Maas,4.25,799813,https://i.gr-assets.com/images/S/compressed.photo.goodreads.com/books/1689809645i/52857700._SY75_.jpg,0,835.0,cover_513.png
"Say You'll Remember Me (Say You'll Remember Me, #1)",https://www.goodreads.com/book/show/216437557-say-you-ll-remember-me,Abby Jimenez,4.00,684587,https://i.gr-assets.com/images/S/compressed.photo.goodreads.com/books/1743281317i/216437557._SY75_.jpg,0,358.0,cover_514.png
Tom Lake,https://www.goodreads.com/book/show/63241104-tom-lake,Ann Patchett,3.92,544994,https://i.gr-assets.com/images/S/compressed.photo.goodreads.com/books/1691084837i/63241104._SY75_.jpg,4,320.0,cover_515.png
"Golden Son (Red Rising Saga, #2)",https://www.goodreads.com/book/show/18966819-golden-son,Pierce Brown,4.51,598286,https://i.gr-assets.com/images/S/compressed.photo.goodreads.com/books/1394684475i/18966819._SY75_.jpg,0,466.0,cover_516.png
"The Gunslinger (The Dark Tower, #1)",https://www.goodreads.com/book/show/43615.The_Gunslinger,Stephen King,3.90,679992,https://i.gr-assets.com/images/S/compressed.photo.goodreads.com/books/1554220416i/43615._SY75_.jpg,0,231.0,cover_517.png
Pretty Girls,https://www.goodreads.com/book/show/25574782-pretty-girls,Karin Slaughter,4.00,789256,https://i.gr-assets.com/images/S/compressed.photo.goodreads.com/books/1432205734i/25574782._SY75_.jpg,0,432.0,cover_518.png
Who Moved My Cheese?,https://www.goodreads.com/book/show/4894.Who_Moved_My_Cheese_,Spencer Johnson,3.87,521006,https://i.gr-assets.com/images/S/compressed.photo.goodreads.com/books/1388639717i/4894._SY75_.jpg,0,98.0,cover_519.png
Too Late,https://www.goodreads.com/book/show/127555313-too-late,Colleen Hoover,4.03,580797,https://i.gr-assets.com/images/S/compressed.photo.goodreads.com/books/1683212089i/127555313._SY75_.jpg,0,357.0,cover_520.png
The Unbearable Lightness of Being,https://www.goodreads.com/book/show/9717.The_Unbearable_Lightness_of_Being,Milan Kundera,4.10,566720,https://i.gr-assets.com/images/S/compressed.photo.goodreads.com/books/1265401884i/9717._SY75_.jpg,4,314.0,cover_521.png
"As Good As Dead (A Good Girl's Guide to Murder, #3)",https://www.goodreads.com/book/show/56905097-as-good-as-dead,Holly Jackson,4.19,619390,https://i.gr-assets.com/images/S/compressed.photo.goodreads.com/books/1623112782i/56905097._SY75_.jpg,0,459.0,cover_522.png
James,https://www.goodreads.com/book/show/173754979-james,Percival Everett,4.41,595746,https://i.gr-assets.com/images/S/compressed.photo.goodreads.com/books/1704107491i/173754979._SX50_.jpg,4,303.0,cover_523.png
"All Your Perfects (Hopeless, #3)",https://www.goodreads.com/book/show/38926487-all-your-perfects,Colleen Hoover,3.99,725104,https://i.gr-assets.com/images/S/compressed.photo.goodreads.com/books/1531682842i/38926487._SY75_.jpg,0,305.0,cover_524.png
"Butcher & Blackbird (The Ruinous Love Trilogy, #1)",https://www.goodreads.com/book/show/196915235-butcher-blackbird,Brynne Weaver,4.00,689955,https://i.gr-assets.com/images/S/compressed.photo.goodreads.com/books/1692113493i/196915235._SY75_.jpg,0,355.0,cover_525.png
"Caraval (Caraval, #1)",https://www.goodreads.com/book/show/27883214-caraval,Stephanie Garber,3.97,971647,https://i.gr-assets.com/images/S/compressed.photo.goodreads.com/books/1465563623i/27883214._SY75_.jpg,0,407.0,cover_526.png
The Locked Door,https://www.goodreads.com/book/show/57795665-the-locked-door,Freida McFadden,3.97,740739,https://i.gr-assets.com/images/S/compressed.photo.goodreads.com/books/1618859577i/57795665._SY75_.jpg,0,313.0,cover_527.png
Hidden Pictures,https://www.goodreads.com/book/show/58724923-hidden-pictures,Jason Rekulak,4.14,684804,https://i.gr-assets.com/images/S/compressed.photo.goodreads.com/books/1635260162i/58724923._SY75_.jpg,0,372.0,cover_528.png
The Giver of Stars,https://www.goodreads.com/book/show/43925876-the-giver-of-stars,Jojo Moyes,4.29,534005,https://i.gr-assets.com/images/S/compressed.photo.goodreads.com/books/1572879113i/43925876._SX50_.jpg,0,390.0,cover_529.png
"The Mistake (Off-Campus, #2)",https://www.goodreads.com/book/show/45756920-the-mistake,Elle Kennedy,3.91,828746,https://i.gr-assets.com/images/S/compressed.photo.goodreads.com/books/1557835772i/45756920._SY75_.jpg,0,283.0,cover_530.png
The Paris Apartment,https://www.goodreads.com/book/show/58468990-the-paris-apartment,Lucy Foley,3.64,758387,https://i.gr-assets.com/images/S/compressed.photo.goodreads.com/books/1645550948i/58468990._SY75_.jpg,0,360.0,cover_531.png
"House of Sky and Breath (Crescent City, #2)",https://www.goodreads.com/book/show/40132775-house-of-sky-and-breath,Sarah J. Maas,4.41,943092,https://i.gr-assets.com/images/S/compressed.photo.goodreads.com/books/1633097753i/40132775._SY75_.jpg,0,805.0,cover_532.png
"Better Than the Movies (Better Than the Movies, #1)",https://www.goodreads.com/book/show/55710822-better-than-the-movies,Lynn Painter,4.25,896198,https://i.gr-assets.com/images/S/compressed.photo.goodreads.com/books/1618150545i/55710822._SY75_.jpg,0,356.0,cover_533.png
"Ignite Me (Shatter Me, #3)",https://www.goodreads.com/book/show/13188676-ignite-me,Tahereh Mafi,4.44,724058,https://i.gr-assets.com/images/S/compressed.photo.goodreads.com/books/1375972497i/13188676._SY75_.jpg,0,408.0,cover_534.png
"The Screwtape Letters (Screwtape, #1)",https://www.goodreads.com/book/show/8130077-the-screwtape-letters,C.S. Lewis,4.27,549455,https://i.gr-assets.com/images/S/compressed.photo.goodreads.com/books/1760782828i/8130077._SY75_.jpg,0,222.0,cover_535.png
"Crazy Rich Asians (Crazy Rich Asians, #1)",https://www.goodreads.com/book/show/16085481-crazy-rich-asians,Kevin Kwan,3.91,561758,https://i.gr-assets.com/images/S/compressed.photo.goodreads.com/books/1364852559i/16085481._SY75_.jpg,0,403.0,cover_536.png
"Twisted Hate (Twisted, #3)",https://www.goodreads.com/book/show/56688531-twisted-hate,Ana Huang,3.93,865997,https://i.gr-assets.com/images/S/compressed.photo.goodreads.com/books/1641478689i/56688531._SY75_.jpg,0,522.0,cover_537.png
Ward D,https://www.goodreads.com/book/show/214298301-ward-d,Freida McFadden,3.96,748505,https://i.gr-assets.com/images/S/compressed.photo.goodreads.com/books/1725682420i/214298301._SY75_.jpg,0,320.0,cover_538.png
Crying in H Mart,https://www.goodreads.com/book/show/54814676-crying-in-h-mart,Michelle Zauner,4.22,643930,https://i.gr-assets.com/images/S/compressed.photo.goodreads.com/books/1601937850i/54814676._SX50_.jpg,0,256.0,cover_539.png
"Things We Hide from the Light (Knockemout, #2)",https://www.goodreads.com/book/show/62022434-things-we-hide-from-the-light,Lucy Score,4.03,549730,https://i.gr-assets.com/images/S/compressed.photo.goodreads.com/books/1718386717i/62022434._SY75_.jpg,0,594.0,cover_540.png
"The House of Hades (Heroes of Olympus, #4)",https://www.goodreads.com/book/show/20246699-the-house-of-hades,Rick Riordan,4.57,500965,https://i.gr-assets.com/images/S/compressed.photo.goodreads.com/books/1764590185i/20246699._SY75_.jpg,0,609.0,cover_541.png
"Ruin and Rising (Shadow and Bone, #3)",https://www.goodreads.com/book/show/14061957-ruin-and-rising,Leigh Bardugo,3.97,606561,https://i.gr-assets.com/images/S/compressed.photo.goodreads.com/books/1392398530i/14061957._SX50_.jpg,0,432.0,cover_542.png
A Flicker in the Dark,https://www.goodreads.com/book/show/57693172-a-flicker-in-the-dark,Stacy Willingham,3.96,645024,https://i.gr-assets.com/images/S/compressed.photo.goodreads.com/books/1621347398i/57693172._SY75_.jpg,0,357.0,cover_543.png
Listen for the Lie,https://www.goodreads.com/book/show/127279000-listen-for-the-lie,Amy Tintera,4.06,630353,https://i.gr-assets.com/images/S/compressed.photo.goodreads.com/books/1711398419i/127279000._SY75_.jpg,0,336.0,cover_544.png
"It Happened One Summer (Bellinger Sisters, #1)",https://www.goodreads.com/book/show/55659629-it-happened-one-summer,Tessa Bailey,3.88,757417,https://i.gr-assets.com/images/S/compressed.photo.goodreads.com/books/1604991895i/55659629._SY75_.jpg,0,397.0,cover_545.png
Conversations with Friends,https://www.goodreads.com/book/show/32187419-conversations-with-friends,Sally Rooney,3.73,631631,https://i.gr-assets.com/images/S/compressed.photo.goodreads.com/books/1638729263i/32187419._SY75_.jpg,0,304.0,cover_546.png
Mad Honey,https://www.goodreads.com/book/show/59912428-mad-honey,Jodi Picoult,4.06,610295,https://i.gr-assets.com/images/S/compressed.photo.goodreads.com/books/1642705453i/59912428._SY75_.jpg,0,464.0,cover_547.png
"One Dark Window (The Shepherd King, #1)",https://www.goodreads.com/book/show/58340706-one-dark-window,Rachel Gillig,4.25,759627,https://i.gr-assets.com/images/S/compressed.photo.goodreads.com/books/1734440714i/58340706._SY75_.jpg,0,432.0,cover_548.png
The 7½ Deaths of Evelyn Hardcastle,https://www.goodreads.com/book/show/36337550-the-7-deaths-of-evelyn-hardcastle,Stuart Turton,3.77,510777,https://i.gr-assets.com/images/S/compressed.photo.goodreads.com/books/1506896221i/36337550._SY75_.jpg,0,432.0,cover_549.png
Blink: The Power of Thinking Without Thinking,https://www.goodreads.com/book/show/40102.Blink,Malcolm Gladwell,3.96,630346,https://i.gr-assets.com/images/S/compressed.photo.goodreads.com/books/1440763417i/40102._SX50_.jpg,0,296.0,cover_550.png
Such a Fun Age,https://www.goodreads.com/book/show/43923951-such-a-fun-age,Kiley Reid,3.77,588550,https://i.gr-assets.com/images/S/compressed.photo.goodreads.com/books/1557181911i/43923951._SY75_.jpg,0,310.0,cover_551.png
Great Big Beautiful Life,https://www.goodreads.com/book/show/218559595-great-big-beautiful-life,Emily Henry,3.95,871278,https://i.gr-assets.com/images/S/compressed.photo.goodreads.com/books/1729098091i/218559595._SY75_.jpg,0,432.0,cover_552.png
"Thinking, Fast and Slow",https://www.goodreads.com/book/show/11468377-thinking-fast-and-slow,Daniel Kahneman,4.17,614445,https://i.gr-assets.com/images/S/compressed.photo.goodreads.com/books/1317793965i/11468377._SX50_.jpg,0,499.0,cover_553.png
Pachinko,https://www.goodreads.com/book/show/34051011-pachinko,Min Jin Lee,4.34,686419,https://i.gr-assets.com/images/S/compressed.photo.goodreads.com/books/1766879949i/34051011._SY75_.jpg,0,496.0,cover_554.png
"Love, Theoretically",https://www.goodreads.com/book/show/61326735-love-theoretically,Ali Hazelwood,4.08,732781,https://i.gr-assets.com/images/S/compressed.photo.goodreads.com/books/1681476644i/61326735._SY75_.jpg,0,389.0,cover_555.png
"The Death Cure (The Maze Runner, #3)",https://www.goodreads.com/book/show/7864437-the-death-cure,James Dashner,3.78,515512,https://i.gr-assets.com/images/S/compressed.photo.goodreads.com/books/1303997647i/7864437._SY75_.jpg,2,325.0,cover_556.png
"Part of Your World (Part of Your World, #1)",https://www.goodreads.com/book/show/58684524-part-of-your-world,Abby Jimenez,4.25,985027,https://i.gr-assets.com/images/S/compressed.photo.goodreads.com/books/1634649284i/58684524._SX50_.jpg,0,389.0,cover_557.png
The Four Agreements: A Practical Guide to Personal Freedom,https://www.goodreads.com/book/show/6596.The_Four_Agreements,Miguel Ruiz,4.19,548140,https://i.gr-assets.com/images/S/compressed.photo.goodreads.com/books/1630664059i/6596._SY75_.jpg,0,152.0,cover_558.png
"Words of Radiance (The Stormlight Archive, #2)",https://www.goodreads.com/book/show/17332218-words-of-radiance,Brandon Sanderson,4.76,528604,https://i.gr-assets.com/images/S/compressed.photo.goodreads.com/books/1728768241i/17332218._SY75_.jpg,0,1088.0,cover_559.png
"The Pumpkin Spice Café (Dream Harbor, #1)",https://www.goodreads.com/book/show/139391940-the-pumpkin-spice-caf,Laurie Gilmore,3.36,615359,https://i.gr-assets.com/images/S/compressed.photo.goodreads.com/books/1688031846i/139391940._SY75_.jpg,0,376.0,cover_560.png
Do Androids Dream of Electric Sheep?,https://www.goodreads.com/book/show/36402034-do-androids-dream-of-electric-sheep,Philip K. Dick,4.09,533094,https://i.gr-assets.com/images/S/compressed.photo.goodreads.com/books/1507838927i/36402034._SY75_.jpg,0,258.0,cover_561.png
The Lost Apothecary,https://www.goodreads.com/book/show/53288434-the-lost-apothecary,Sarah Penner,3.76,522699,https://i.gr-assets.com/images/S/compressed.photo.goodreads.com/books/1593013000i/53288434._SY75_.jpg,0,301.0,cover_562.png
The Sun Also Rises,https://www.goodreads.com/book/show/3876.The_Sun_Also_Rises,Ernest Hemingway,3.78,509964,https://i.gr-assets.com/images/S/compressed.photo.goodreads.com/books/1509802323i/3876._SY75_.jpg,0,189.0,cover_563.png
"Keeping 13 (Boys of Tommen, #2)",https://www.goodreads.com/book/show/52511432-keeping-13,Chloe Walsh,4.52,558894,https://i.gr-assets.com/images/S/compressed.photo.goodreads.com/books/1688188137i/52511432._SY75_.jpg,0,937.0,cover_564.png
"Something Borrowed (Darcy & Rachel, #1)",https://www.goodreads.com/book/show/42156.Something_Borrowed,Emily Giffin,3.89,618824,https://i.gr-assets.com/images/S/compressed.photo.goodreads.com/books/1305063535i/42156._SY75_.jpg,0,336.0,cover_565.png
Sarah's Key,https://www.goodreads.com/book/show/556602.Sarah_s_Key,Tatiana de Rosnay,4.18,501763,https://i.gr-assets.com/images/S/compressed.photo.goodreads.com/books/1438863728i/556602._SX50_.jpg,0,294.0,cover_566.png
’Salem’s Lot,https://www.goodreads.com/book/show/11590._Salem_s_Lot,Stephen King,4.10,682966,https://i.gr-assets.com/images/S/compressed.photo.goodreads.com/books/1738025067i/11590._SY75_.jpg,0,483.0,cover_567.png
The Correspondent,https://www.goodreads.com/book/show/223001257-the-correspondent,Virginia Evans,4.44,845949,https://i.gr-assets.com/images/S/compressed.photo.goodreads.com/books/1735235942i/223001257._SY75_.jpg,0,285.0,cover_568.png
"The Scorch Trials (The Maze Runner, #2)",https://www.goodreads.com/book/show/7631105-the-scorch-trials,James Dashner,3.90,666840,https://i.gr-assets.com/images/S/compressed.photo.goodreads.com/books/1388240248i/7631105._SY75_.jpg,3,362.0,cover_569.png
Love and Other Words,https://www.goodreads.com/book/show/36206591-love-and-other-words,Christina Lauren,4.19,865405,https://i.gr-assets.com/images/S/compressed.photo.goodreads.com/books/1667534514i/36206591._SY75_.jpg,0,432.0,cover_570.png
Birthday Girl,https://www.goodreads.com/book/show/39555142-birthday-girl,Penelope Douglas,3.91,527805,https://i.gr-assets.com/images/S/compressed.photo.goodreads.com/books/1523361696i/39555142._SY75_.jpg,0,349.0,cover_571.png
Dear Debbie,https://www.goodreads.com/book/show/238365535-dear-debbie,Freida McFadden,3.93,610413,https://i.gr-assets.com/images/S/compressed.photo.goodreads.com/books/1774686324i/238365535._SY75_.jpg,0,327.0,cover_572.png
Beloved,https://www.goodreads.com/book/show/6149.Beloved,Toni Morrison,3.99,512517,https://i.gr-assets.com/images/S/compressed.photo.goodreads.com/books/1722944318i/6149._SY75_.jpg,3,325.0,cover_573.png
"Maybe Someday (Maybe, #1)",https://www.goodreads.com/book/show/62967882-maybe-someday,Colleen Hoover,3.96,681452,https://i.gr-assets.com/images/S/compressed.photo.goodreads.com/books/1666362550i/62967882._SY75_.jpg,0,367.0,cover_574.png
Local Woman Missing,https://www.goodreads.com/book/show/57361474-local-woman-missing,Mary Kubica,4.11,841962,https://i.gr-assets.com/images/S/compressed.photo.goodreads.com/books/1629480107i/57361474._SX50_.jpg,0,356.0,cover_575.png
"The Tales of Beedle the Bard (Hogwarts Library, #3)",https://www.goodreads.com/book/show/3950967-the-tales-of-beedle-the-bard,J.K. Rowling,4.03,517352,https://i.gr-assets.com/images/S/compressed.photo.goodreads.com/books/1630876355i/3950967._SX50_.jpg,0,105.0,cover_576.png
"Inferno (Robert Langdon, #4)",https://www.goodreads.com/book/show/17212231-inferno,Dan Brown,3.91,609101,https://i.gr-assets.com/images/S/compressed.photo.goodreads.com/books/1534070896i/17212231._SY75_.jpg,0,463.0,cover_577.png
"Yours Truly (Part of Your World, #2)",https://www.goodreads.com/book/show/61918816-yours-truly,Abby Jimenez,4.29,959142,https://i.gr-assets.com/images/S/compressed.photo.goodreads.com/books/1751917536i/61918816._SY75_.jpg,0,398.0,cover_578.png
A Tree Grows in Brooklyn,https://www.goodreads.com/book/show/14891.A_Tree_Grows_in_Brooklyn,Betty Smith,4.31,531759,https://i.gr-assets.com/images/S/compressed.photo.goodreads.com/books/1327883484i/14891._SY75_.jpg,4,496.0,cover_579.png
The Art of Racing in the Rain,https://www.goodreads.com/book/show/3153910-the-art-of-racing-in-the-rain,Garth Stein,4.24,566001,https://i.gr-assets.com/images/S/compressed.photo.goodreads.com/books/1377206302i/3153910._SY75_.jpg,0,336.0,cover_580.png
One True Loves,https://www.goodreads.com/book/show/27189194-one-true-loves,Taylor Jenkins Reid,4.01,785716,https://i.gr-assets.com/images/S/compressed.photo.goodreads.com/books/1559960507i/27189194._SY75_.jpg,0,352.0,cover_581.png
Fight Club,https://www.goodreads.com/book/show/36236124-fight-club,Chuck Palahniuk,4.18,662756,https://i.gr-assets.com/images/S/compressed.photo.goodreads.com/books/1558216416i/36236124._SY75_.jpg,4,224.0,cover_582.png
"The Maid (Molly the Maid, #1)",https://www.goodreads.com/book/show/55196813-the-maid,Nita Prose,3.74,738320,https://i.gr-assets.com/images/S/compressed.photo.goodreads.com/books/1643228739i/55196813._SY75_.jpg,0,289.0,cover_583.png
"The Spanish Love Deception (Love Deception, #1)",https://www.goodreads.com/book/show/54189398-the-spanish-love-deception,Elena Armas,3.79,844863,https://i.gr-assets.com/images/S/compressed.photo.goodreads.com/books/1610900883i/54189398._SY75_.jpg,0,487.0,cover_584.png
My Friends,https://www.goodreads.com/book/show/217163697-my-friends,Fredrik Backman,4.31,596386,https://i.gr-assets.com/images/S/compressed.photo.goodreads.com/books/1734625930i/217163697._SY75_.jpg,0,436.0,cover_585.png
All the Colors of the Dark,https://www.goodreads.com/book/show/215153740-all-the-colors-of-the-dark,Chris Whitaker,4.23,528081,https://i.gr-assets.com/images/S/compressed.photo.goodreads.com/books/1719171667i/215153740._SY75_.jpg,0,597.0,cover_586.png
"Shiver (The Wolves of Mercy Falls, #1)",https://www.goodreads.com/book/show/6068551-shiver,Maggie Stiefvater,3.76,500077,https://i.gr-assets.com/images/S/compressed.photo.goodreads.com/books/1409283154i/6068551._SX50_.jpg,0,392.0,cover_587.png
Wild Dark Shore,https://www.goodreads.com/book/show/231127223-wild-dark-shore,Charlotte McConaghy,4.06,601439,https://i.gr-assets.com/images/S/compressed.photo.goodreads.com/books/1747583366i/231127223._SY75_.jpg,0,320.0,cover_588.png
One by One,https://www.goodreads.com/book/show/54197718-one-by-one,Freida McFadden,3.83,530149,https://i.gr-assets.com/images/S/compressed.photo.goodreads.com/books/1592705582i/54197718._SY75_.jpg,0,295.0,cover_589.png
"Firefly Lane (Firefly Lane, #1)",https://www.goodreads.com/book/show/1472878.Firefly_Lane,Kristin Hannah,4.20,506539,https://i.gr-assets.com/images/S/compressed.photo.goodreads.com/books/1362435448i/1472878._SY75_.jpg,0,479.0,cover_590.png
Deep End,https://www.goodreads.com/book/show/212808709-deep-end,Ali Hazelwood,3.84,518426,https://i.gr-assets.com/images/S/compressed.photo.goodreads.com/books/1718998299i/212808709._SX50_.jpg,0,464.0,cover_591.png
Yesteryear,https://www.goodreads.com/book/show/238226942-yesteryear,Caro Claire Burke,3.89,823348,https://i.gr-assets.com/images/S/compressed.photo.goodreads.com/books/1753932705i/238226942._SY75_.jpg,0,400.0,cover_592.png
"Legendary (Caraval, #2)",https://www.goodreads.com/book/show/36329818-legendary,Stephanie Garber,4.08,510214,https://i.gr-assets.com/images/S/compressed.photo.goodreads.com/books/1506803153i/36329818._SY75_.jpg,0,451.0,cover_593.png
The Paradise Problem,https://www.goodreads.com/book/show/199797582-the-paradise-problem,Christina Lauren,4.05,508917,https://i.gr-assets.com/images/S/compressed.photo.goodreads.com/books/1697744363i/199797582._SY75_.jpg,0,352.0,cover_594.png
"The Ashes & the Star-Cursed King (Crowns of Nyaxia, #2)",https://www.goodreads.com/book/show/62335396-the-ashes-the-star-cursed-king,Carissa Broadbent,4.05,517941,https://i.gr-assets.com/images/S/compressed.photo.goodreads.com/books/1711665192i/62335396._SY75_.jpg,0,626.0,cover_595.png
Hamnet,https://www.goodreads.com/book/show/43890641-hamnet,Maggie O'Farrell,4.20,507733,https://i.gr-assets.com/images/S/compressed.photo.goodreads.com/books/1574943819i/43890641._SY75_.jpg,4,372.0,cover_596.png
The Things We Leave Unfinished,https://www.goodreads.com/book/show/53137938-the-things-we-leave-unfinished,Rebecca Yarros,4.31,525118,https://i.gr-assets.com/images/S/compressed.photo.goodreads.com/books/1588868282i/53137938._SX50_.jpg,0,448.0,cover_597.png
"Wild Love (Rose Hill, #1)",https://www.goodreads.com/book/show/195645746-wild-love,Elsie Silver,3.98,512577,https://i.gr-assets.com/images/S/compressed.photo.goodreads.com/books/1706143801i/195645746._SY75_.jpg,0,455.0,cover_598.png
Theo of Golden,https://www.goodreads.com/book/show/242376245-theo-of-golden,Allen Levi,4.44,577899,https://i.gr-assets.com/images/S/compressed.photo.goodreads.com/books/1761744192i/242376245._SY75_.jpg,0,387.0,cover_599.png
"The Final Gambit (The Inheritance Games, #3)",https://www.goodreads.com/book/show/58658940-the-final-gambit,Jennifer Lynn Barnes,4.10,501071,https://i.gr-assets.com/images/S/compressed.photo.goodreads.com/books/1634068536i/58658940._SY75_.jpg,0,400.0,cover_600.png
How the Grinch Stole Christmas!,https://www.goodreads.com/book/show/113946.How_the_Grinch_Stole_Christmas_,Dr. Seuss,4.39,455208,https://i.gr-assets.com/images/S/compressed.photo.goodreads.com/books/1771151369i/113946._SX50_.jpg,0,64.0,cover_601.png
"The Godfather (The Godfather, #1)",https://www.goodreads.com/book/show/22034.The_Godfather,Mario Puzo,4.40,477666,https://i.gr-assets.com/images/S/compressed.photo.goodreads.com/books/1394988109i/22034._SY75_.jpg,0,428.0,cover_602.png
The Importance of Being Earnest,https://www.goodreads.com/book/show/92303.The_Importance_of_Being_Earnest,Oscar Wilde,4.17,415237,https://i.gr-assets.com/images/S/compressed.photo.goodreads.com/books/1298438452i/92303._SY75_.jpg,0,89.0,cover_603.png
"The Hunt for Red October (Jack Ryan, #3)",https://www.goodreads.com/book/show/19691.The_Hunt_for_Red_October,Tom Clancy,4.12,392833,https://i.gr-assets.com/images/S/compressed.photo.goodreads.com/books/1281995542i/19691._SX50_.jpg,0,432.0,cover_604.png
"Prince Caspian (Chronicles of Narnia, #2)",https://www.goodreads.com/book/show/121749.Prince_Caspian,C.S. Lewis,3.98,498885,https://i.gr-assets.com/images/S/compressed.photo.goodreads.com/books/1308814880i/121749._SY75_.jpg,3,240.0,cover_605.png
Robinson Crusoe,https://www.goodreads.com/book/show/2932.Robinson_Crusoe,Daniel Defoe,3.68,338421,https://i.gr-assets.com/images/S/compressed.photo.goodreads.com/books/1682976488i/2932._SY75_.jpg,0,320.0,cover_606.png
"The Color of Magic (Discworld, #1; Rincewind, #1)",https://www.goodreads.com/book/show/34497.The_Color_of_Magic,Terry Pratchett,3.99,432363,https://i.gr-assets.com/images/S/compressed.photo.goodreads.com/books/1407111017i/34497._SY75_.jpg,0,228.0,cover_607.png
The Call of the Wild,https://www.goodreads.com/book/show/1852.The_Call_of_the_Wild,Jack London,3.92,486371,https://i.gr-assets.com/images/S/compressed.photo.goodreads.com/books/1452291694i/1852._SY75_.jpg,4,172.0,cover_608.png
The Thorn Birds,https://www.goodreads.com/book/show/3412.The_Thorn_Birds,Colleen McCullough,4.25,369869,https://i.gr-assets.com/images/S/compressed.photo.goodreads.com/books/1548530867i/3412._SY75_.jpg,0,692.0,cover_609.png
Northanger Abbey,https://www.goodreads.com/book/show/50398.Northanger_Abbey,Jane Austen,3.85,470351,https://i.gr-assets.com/images/S/compressed.photo.goodreads.com/books/1388201718i/50398._SY75_.jpg,0,260.0,cover_610.png
The Prince,https://www.goodreads.com/book/show/28862.The_Prince,Niccolò Machiavelli,3.84,399416,https://i.gr-assets.com/images/S/compressed.photo.goodreads.com/books/1390055828i/28862._SY75_.jpg,0,144.0,cover_611.png
Oliver Twist,https://www.goodreads.com/book/show/18254.Oliver_Twist,Charles Dickens,3.88,437004,https://i.gr-assets.com/images/S/compressed.photo.goodreads.com/books/1327868529i/18254._SY75_.jpg,0,608.0,cover_612.png
"Winnie-the-Pooh (Winnie-the-Pooh, #1)",https://www.goodreads.com/book/show/99107.Winnie_the_Pooh,A.A. Milne,4.37,358887,https://i.gr-assets.com/images/S/compressed.photo.goodreads.com/books/1298440130i/99107._SY75_.jpg,0,161.0,cover_613.png
The Lorax,https://www.goodreads.com/book/show/7784.The_Lorax,Dr. Seuss,4.35,376443,https://i.gr-assets.com/images/S/compressed.photo.goodreads.com/books/1705520064i/7784._SX50_.jpg,0,72.0,cover_614.png
Alice in Wonderland,https://www.goodreads.com/book/show/13023.Alice_in_Wonderland,Jane Carruth,4.03,397887,https://i.gr-assets.com/images/S/compressed.photo.goodreads.com/books/1391458382i/13023._SX50_.jpg,0,96.0,cover_615.png
"The Ultimate Hitchhiker’s Guide to the Galaxy (Hitchhiker's Guide to the Galaxy, #1-5)",https://www.goodreads.com/book/show/13.The_Ultimate_Hitchhiker_s_Guide_to_the_Galaxy,Douglas Adams,4.38,343673,https://i.gr-assets.com/images/S/compressed.photo.goodreads.com/books/1404613595i/13._SY75_.jpg,0,815.0,cover_616.png
The Pelican Brief,https://www.goodreads.com/book/show/32499.The_Pelican_Brief,John Grisham,4.06,453951,https://i.gr-assets.com/images/S/compressed.photo.goodreads.com/books/1389486877i/32499._SY75_.jpg,0,400.0,cover_617.png
Othello,https://www.goodreads.com/book/show/12996.Othello,William Shakespeare,3.89,447874,https://i.gr-assets.com/images/S/compressed.photo.goodreads.com/books/1459795105i/12996._SY75_.jpg,0,319.0,cover_618.png
"Peter Pan (Peter Pan, #2)",https://www.goodreads.com/book/show/34268.Peter_Pan,J.M. Barrie,4.03,378895,https://i.gr-assets.com/images/S/compressed.photo.goodreads.com/books/1337714526i/34268._SX50_.jpg,0,155.0,cover_619.png
The Three Musketeers,https://www.goodreads.com/book/show/7190.The_Three_Musketeers,Alexandre Dumas,4.10,354617,https://i.gr-assets.com/images/S/compressed.photo.goodreads.com/books/1630475503i/7190._SX50_.jpg,4,625.0,cover_620.png
The Name of the Rose,https://www.goodreads.com/book/show/119073.The_Name_of_the_Rose,Umberto Eco,4.14,406088,https://i.gr-assets.com/images/S/compressed.photo.goodreads.com/books/1415375471i/119073._SY75_.jpg,0,552.0,cover_621.png
Stardust,https://www.goodreads.com/book/show/16793.Stardust,Neil Gaiman,4.09,488506,https://i.gr-assets.com/images/S/compressed.photo.goodreads.com/books/1459127484i/16793._SY75_.jpg,4,248.0,cover_622.png
"Oh, the Places You’ll Go!",https://www.goodreads.com/book/show/191139.Oh_the_Places_You_ll_Go_,Dr. Seuss,4.37,450853,https://i.gr-assets.com/images/S/compressed.photo.goodreads.com/books/1630510695l/191139._SX50_SY75_.jpg,0,44.0,cover_623.png
A Little Princess,https://www.goodreads.com/book/show/3008.A_Little_Princess,Frances Hodgson Burnett,4.23,335042,https://i.gr-assets.com/images/S/compressed.photo.goodreads.com/books/1327868556i/3008._SY75_.jpg,0,242.0,cover_624.png
The Fountainhead,https://www.goodreads.com/book/show/2122.The_Fountainhead,Ayn Rand,3.89,341389,https://i.gr-assets.com/images/S/compressed.photo.goodreads.com/books/1491163636i/2122._SY75_.jpg,0,704.0,cover_625.png
A Short History of Nearly Everything,https://www.goodreads.com/book/show/21.A_Short_History_of_Nearly_Everything,Bill Bryson,4.21,434716,https://i.gr-assets.com/images/S/compressed.photo.goodreads.com/books/1433086293i/21._SY75_.jpg,0,544.0,cover_626.png
"The Subtle Knife (His Dark Materials, #2)",https://www.goodreads.com/book/show/41637836-the-subtle-knife,Philip Pullman,4.15,467635,https://i.gr-assets.com/images/S/compressed.photo.goodreads.com/books/1535965085i/41637836._SY75_.jpg,4,370.0,cover_627.png
"Ella Enchanted (Ella Enchanted, #1)",https://www.goodreads.com/book/show/24337.Ella_Enchanted,Gail Carson Levine,4.02,427256,https://i.gr-assets.com/images/S/compressed.photo.goodreads.com/books/1410727190i/24337._SY75_.jpg,0,240.0,cover_628.png
Goodnight Moon,https://www.goodreads.com/book/show/32929.Goodnight_Moon,Margaret Wise Brown,4.32,400767,https://i.gr-assets.com/images/S/compressed.photo.goodreads.com/books/1439223893i/32929._SX50_.jpg,0,32.0,cover_629.png
"The Hound of the Baskervilles (Sherlock Holmes, #5)",https://www.goodreads.com/book/show/8921.The_Hound_of_the_Baskervilles,Arthur Conan Doyle,4.13,402321,https://i.gr-assets.com/images/S/compressed.photo.goodreads.com/books/1355929358i/8921._SX50_.jpg,0,256.0,cover_630.png
A Brief History of Time,https://www.goodreads.com/book/show/3869.A_Brief_History_of_Time,Stephen W. Hawking,4.21,492560,https://i.gr-assets.com/images/S/compressed.photo.goodreads.com/books/1333578746i/3869._SX50_.jpg,0,226.0,cover_631.png
The Crucible,https://www.goodreads.com/book/show/17250.The_Crucible,Arthur Miller,3.61,475873,https://i.gr-assets.com/images/S/compressed.photo.goodreads.com/books/1547467608i/17250._SX50_.jpg,0,143.0,cover_632.png
"The Restaurant at the End of the Universe (The Hitchhiker's Guide to the Galaxy, #2)",https://www.goodreads.com/book/show/8695.The_Restaurant_at_the_End_of_the_Universe,Douglas Adams,4.19,324410,https://i.gr-assets.com/images/S/compressed.photo.goodreads.com/books/1521213881i/8695._SY75_.jpg,4,250.0,cover_633.png
Mansfield Park,https://www.goodreads.com/book/show/45032.Mansfield_Park,Jane Austen,3.86,389242,https://i.gr-assets.com/images/S/compressed.photo.goodreads.com/books/1397063295i/45032._SY75_.jpg,0,488.0,cover_634.png
Madame Bovary,https://www.goodreads.com/book/show/2175.Madame_Bovary,Gustave Flaubert,3.71,388707,https://i.gr-assets.com/images/S/compressed.photo.goodreads.com/books/1741368185i/2175._SY75_.jpg,0,329.0,cover_635.png
"Little House on the Prairie (Little House, #3)",https://www.goodreads.com/book/show/77767.Little_House_on_the_Prairie,Laura Ingalls Wilder,4.21,306166,https://i.gr-assets.com/images/S/compressed.photo.goodreads.com/books/1559209202i/77767._SX50_.jpg,0,335.0,cover_636.png
A Streetcar Named Desire,https://www.goodreads.com/book/show/12220.A_Streetcar_Named_Desire,Tennessee Williams,3.98,341090,https://i.gr-assets.com/images/S/compressed.photo.goodreads.com/books/1389153133i/12220._SX50_.jpg,0,107.0,cover_637.png
Kitchen Confidential: Adventures in the Culinary Underbelly,https://www.goodreads.com/book/show/33313.Kitchen_Confidential,Anthony Bourdain,4.20,402774,https://i.gr-assets.com/images/S/compressed.photo.goodreads.com/books/1433739086i/33313._SY75_.jpg,0,312.0,cover_638.png
"Graceling (Graceling Realm, #1)",https://www.goodreads.com/book/show/3236307-graceling,Kristin Cashore,4.06,484301,https://i.gr-assets.com/images/S/compressed.photo.goodreads.com/books/1331548394i/3236307._SY75_.jpg,0,471.0,cover_639.png
"Little House in the Big Woods (Little House, #1)",https://www.goodreads.com/book/show/8337.Little_House_in_the_Big_Woods,Laura Ingalls Wilder,4.21,292158,https://i.gr-assets.com/images/S/compressed.photo.goodreads.com/books/1743630755i/8337._SY75_.jpg,0,224.0,cover_640.png
Gulliver’s Travels,https://www.goodreads.com/book/show/7733.Gulliver_s_Travels,Jonathan Swift,3.59,304721,https://i.gr-assets.com/images/S/compressed.photo.goodreads.com/books/1427829692i/7733._SY75_.jpg,5,306.0,cover_641.png
Snow Flower and the Secret Fan,https://www.goodreads.com/book/show/40873273-snow-flower-and-the-secret-fan,Lisa See,4.09,392615,https://i.gr-assets.com/images/S/compressed.photo.goodreads.com/books/1532005164i/40873273._SY75_.jpg,0,288.0,cover_642.png
The Martian Chronicles,https://www.goodreads.com/book/show/76778.The_Martian_Chronicles,Ray Bradbury,4.16,293143,https://i.gr-assets.com/images/S/compressed.photo.goodreads.com/books/1661016554i/76778._SY75_.jpg,0,182.0,cover_643.png
Madeline,https://www.goodreads.com/book/show/475339.Madeline,Ludwig Bemelmans,4.27,220744,https://i.gr-assets.com/images/S/compressed.photo.goodreads.com/books/1175060644i/475339._SX50_.jpg,0,44.0,cover_644.png
V for Vendetta,https://www.goodreads.com/book/show/5805.V_for_Vendetta,Alan Moore,4.26,330665,https://i.gr-assets.com/images/S/compressed.photo.goodreads.com/books/1343668985i/5805._SY75_.jpg,0,296.0,cover_645.png
Tess of the D’Urbervilles,https://www.goodreads.com/book/show/32261.Tess_of_the_D_Urbervilles,Thomas Hardy,3.85,308837,https://i.gr-assets.com/images/S/compressed.photo.goodreads.com/books/1633063778i/32261._SY75_.jpg,0,518.0,cover_646.png
The War of the Worlds,https://www.goodreads.com/book/show/8909.The_War_of_the_Worlds,H.G. Wells,3.83,360842,https://i.gr-assets.com/images/S/compressed.photo.goodreads.com/books/1320391644i/8909._SY75_.jpg,4,192.0,cover_647.png
Black Beauty,https://www.goodreads.com/book/show/3685.Black_Beauty,Anna Sewell,4.01,303425,https://i.gr-assets.com/images/S/compressed.photo.goodreads.com/books/1578265482i/3685._SY75_.jpg,4,245.0,cover_648.png
The Polar Express,https://www.goodreads.com/book/show/420282.The_Polar_Express,Chris Van Allsburg,4.32,250237,https://i.gr-assets.com/images/S/compressed.photo.goodreads.com/books/1638557399i/420282._SX50_.jpg,0,32.0,cover_649.png
Candide,https://www.goodreads.com/book/show/19380.Candide,Voltaire,3.76,309658,https://i.gr-assets.com/images/S/compressed.photo.goodreads.com/books/1345060082i/19380._SY75_.jpg,0,129.0,cover_650.png
Cloud Atlas,https://www.goodreads.com/book/show/49628.Cloud_Atlas,David Mitchell,4.01,274701,https://i.gr-assets.com/images/S/compressed.photo.goodreads.com/books/1563042852i/49628._SX50_.jpg,3,509.0,cover_651.png
"I, Robot (Robot, #0.1)",https://www.goodreads.com/book/show/41804.I_Robot,Isaac Asimov,4.21,389443,https://i.gr-assets.com/images/S/compressed.photo.goodreads.com/books/1609035271i/41804._SY75_.jpg,0,224.0,cover_652.png
"The Horse and His Boy (Chronicles of Narnia, #5)",https://www.goodreads.com/book/show/84119.The_Horse_and_His_Boy,C.S. Lewis,3.91,404387,https://i.gr-assets.com/images/S/compressed.photo.goodreads.com/books/1703358949i/84119._SX50_.jpg,3,224.0,cover_653.png
"Maus I: A Survivor's Tale: My Father Bleeds History (Maus, #1)",https://www.goodreads.com/book/show/15196.Maus_I,Art Spiegelman,4.39,385567,https://i.gr-assets.com/images/S/compressed.photo.goodreads.com/books/1633636988i/15196._SX50_.jpg,0,159.0,cover_654.png
The Velveteen Rabbit,https://www.goodreads.com/book/show/144974.The_Velveteen_Rabbit,Margery Williams Bianco,4.31,277103,https://i.gr-assets.com/images/S/compressed.photo.goodreads.com/books/1347748913i/144974._SX50_.jpg,0,40.0,cover_655.png
"Things Fall Apart (The African Trilogy, #1)",https://www.goodreads.com/book/show/37781.Things_Fall_Apart,Chinua Achebe,3.75,425353,https://i.gr-assets.com/images/S/compressed.photo.goodreads.com/books/1708114013i/37781._SY75_.jpg,0,215.0,cover_656.png
"Guns, Germs, and Steel: The Fates of Human Societies",https://www.goodreads.com/book/show/1842.Guns_Germs_and_Steel,Jared Diamond,4.04,471742,https://i.gr-assets.com/images/S/compressed.photo.goodreads.com/books/1453215833i/1842._SY75_.jpg,0,498.0,cover_657.png
The Hiding Place: The Triumphant True Story of Corrie Ten Boom,https://www.goodreads.com/book/show/561909.The_Hiding_Place,Corrie ten Boom,4.48,366779,https://i.gr-assets.com/images/S/compressed.photo.goodreads.com/books/1320418824i/561909._SY75_.jpg,0,242.0,cover_658.png
The God of Small Things,https://www.goodreads.com/book/show/9777.The_God_of_Small_Things,Arundhati Roy,3.96,340568,https://i.gr-assets.com/images/S/compressed.photo.goodreads.com/books/1767305433i/9777._SY75_.jpg,0,321.0,cover_659.png
Are You My Mother?,https://www.goodreads.com/book/show/197084.Are_You_My_Mother_,P.D. Eastman,4.22,255118,https://i.gr-assets.com/images/S/compressed.photo.goodreads.com/books/1389098758i/197084._SX50_.jpg,0,64.0,cover_660.png
Because of Winn-Dixie,https://www.goodreads.com/book/show/357664.Because_of_Winn_Dixie,Kate DiCamillo,4.11,285722,https://i.gr-assets.com/images/S/compressed.photo.goodreads.com/books/1456871914i/357664._SX50_.jpg,0,182.0,cover_661.png
Atlas Shrugged,https://www.goodreads.com/book/show/662.Atlas_Shrugged,Ayn Rand,3.69,411693,https://i.gr-assets.com/images/S/compressed.photo.goodreads.com/books/1405868167i/662._SY75_.jpg,0,1168.0,cover_662.png
Island of the Blue Dolphins,https://www.goodreads.com/book/show/41044096-island-of-the-blue-dolphins,Scott O'Dell,3.88,354867,https://i.gr-assets.com/images/S/compressed.photo.goodreads.com/books/1533405446i/41044096._SX50_.jpg,0,194.0,cover_663.png
American Psycho,https://www.goodreads.com/book/show/28676.American_Psycho,Bret Easton Ellis,3.80,380556,https://i.gr-assets.com/images/S/compressed.photo.goodreads.com/books/1436934349i/28676._SY75_.jpg,0,399.0,cover_664.png
"The Silver Chair (Chronicles of Narnia, #4)",https://www.goodreads.com/book/show/65641.The_Silver_Chair,C.S. Lewis,3.95,340443,https://i.gr-assets.com/images/S/compressed.photo.goodreads.com/books/1661032839i/65641._SY75_.jpg,3,243.0,cover_665.png
War and Peace,https://www.goodreads.com/book/show/656.War_and_Peace,Leo Tolstoy,4.17,377035,https://i.gr-assets.com/images/S/compressed.photo.goodreads.com/books/1413215930i/656._SY75_.jpg,0,1392.0,cover_666.png
Extremely Loud & Incredibly Close,https://www.goodreads.com/book/show/4588.Extremely_Loud_Incredibly_Close,Jonathan Safran Foer,3.97,439730,https://i.gr-assets.com/images/S/compressed.photo.goodreads.com/books/1327879967i/4588._SY75_.jpg,0,326.0,cover_667.png
Quiet: The Power of Introverts in a World That Can't Stop Talking,https://www.goodreads.com/book/show/8520610-quiet,Susan Cain,4.07,484828,https://i.gr-assets.com/images/S/compressed.photo.goodreads.com/books/1328562861i/8520610._SY75_.jpg,0,333.0,cover_668.png
"The Adventures of Sherlock Holmes (Sherlock Holmes, #3)",https://www.goodreads.com/book/show/3590.The_Adventures_of_Sherlock_Holmes,Arthur Conan Doyle,4.30,333518,https://i.gr-assets.com/images/S/compressed.photo.goodreads.com/books/1164045516i/3590._SY75_.jpg,4,389.0,cover_669.png
"Cress (The Lunar Chronicles, #3)",https://www.goodreads.com/book/show/13206828-cress,Marissa Meyer,4.40,413985,https://i.gr-assets.com/images/S/compressed.photo.goodreads.com/books/1470057005i/13206828._SY75_.jpg,0,552.0,cover_670.png
Like Water for Chocolate,https://www.goodreads.com/book/show/6952.Like_Water_for_Chocolate,Laura Esquivel,3.95,404818,https://i.gr-assets.com/images/S/compressed.photo.goodreads.com/books/1550721459i/6952._SY75_.jpg,0,258.0,cover_671.png
The Green Mile,https://www.goodreads.com/book/show/11566.The_Green_Mile,Stephen King,4.49,377703,https://i.gr-assets.com/images/S/compressed.photo.goodreads.com/books/1373903563i/11566._SY75_.jpg,0,592.0,cover_672.png
Corduroy,https://www.goodreads.com/book/show/231850.Corduroy,Don Freeman,4.33,231893,https://i.gr-assets.com/images/S/compressed.photo.goodreads.com/books/1347517273i/231850._SX50_.jpg,0,32.0,cover_673.png
The Thirteenth Tale,https://www.goodreads.com/book/show/40440.The_Thirteenth_Tale,Diane Setterfield,3.98,330726,https://i.gr-assets.com/images/S/compressed.photo.goodreads.com/books/1346267826i/40440._SX50_.jpg,0,406.0,cover_674.png
"The Tale of Peter Rabbit (World of Beatrix Potter, #1)",https://www.goodreads.com/book/show/19321.The_Tale_of_Peter_Rabbit,Beatrix Potter,4.23,262986,https://i.gr-assets.com/images/S/compressed.photo.goodreads.com/books/1485118382i/19321._SX50_.jpg,0,72.0,cover_675.png
"Howl's Moving Castle (Howl's Moving Castle, #1)",https://www.goodreads.com/book/show/6294.Howl_s_Moving_Castle,Diana Wynne Jones,4.28,470968,https://i.gr-assets.com/images/S/compressed.photo.goodreads.com/books/1630502935i/6294._SX50_.jpg,0,448.0,cover_676.png
"The Bourne Identity (Jason Bourne, #1)",https://www.goodreads.com/book/show/7869.The_Bourne_Identity,Robert Ludlum,4.05,444012,https://i.gr-assets.com/images/S/compressed.photo.goodreads.com/books/1335860740i/7869._SY75_.jpg,0,566.0,cover_677.png
Twenty Thousand Leagues Under the Sea,https://www.goodreads.com/book/show/33507.Twenty_Thousand_Leagues_Under_the_Sea,Jules Verne,3.88,284056,https://i.gr-assets.com/images/S/compressed.photo.goodreads.com/books/1494979127i/33507._SX50_.jpg,0,269.0,cover_678.png
"Inkheart (Inkworld, #1)",https://www.goodreads.com/book/show/28194.Inkheart,Cornelia Funke,3.93,447398,https://i.gr-assets.com/images/S/compressed.photo.goodreads.com/books/1538266636i/28194._SX50_.jpg,0,563.0,cover_679.png
"The Last Battle (Chronicles of Narnia, #7)",https://www.goodreads.com/book/show/84369.The_Last_Battle,C.S. Lewis,4.01,314584,https://i.gr-assets.com/images/S/compressed.photo.goodreads.com/books/1308814830i/84369._SY75_.jpg,2,288.0,cover_680.png
Fear and Loathing in Las Vegas: A Savage Journey to the Heart of the American Dream,https://www.goodreads.com/book/show/7745.Fear_and_Loathing_in_Las_Vegas,Hunter S. Thompson,4.06,388035,https://i.gr-assets.com/images/S/compressed.photo.goodreads.com/books/1703312483i/7745._SY75_.jpg,0,204.0,cover_681.png
"Dark Lover (Black Dagger Brotherhood, #1)",https://www.goodreads.com/book/show/42899.Dark_Lover,J.R. Ward,4.15,359162,https://i.gr-assets.com/images/S/compressed.photo.goodreads.com/books/1429676285i/42899._SY75_.jpg,0,393.0,cover_682.png
I'll Give You the Sun,https://www.goodreads.com/book/show/20820994-i-ll-give-you-the-sun,Jandy Nelson,4.15,362666,https://i.gr-assets.com/images/S/compressed.photo.goodreads.com/books/1608612077i/20820994._SX50_.jpg,0,371.0,cover_683.png
Beneath a Scarlet Sky,https://www.goodreads.com/book/show/32487617-beneath-a-scarlet-sky,Mark T. Sullivan,4.44,408432,https://i.gr-assets.com/images/S/compressed.photo.goodreads.com/books/1485303988i/32487617._SY75_.jpg,0,509.0,cover_684.png
A Wizard of Earthsea,https://www.goodreads.com/book/show/13642.A_Wizard_of_Earthsea,Ursula K. Le Guin,4.01,375589,https://i.gr-assets.com/images/S/compressed.photo.goodreads.com/books/1353424536i/13642._SY75_.jpg,0,183.0,cover_685.png
The Master and Margarita,https://www.goodreads.com/book/show/117833.The_Master_and_Margarita,Mikhail Bulgakov,4.28,447469,https://i.gr-assets.com/images/S/compressed.photo.goodreads.com/books/1327867963i/117833._SY75_.jpg,4,372.0,cover_686.png
"A Child Called ""It"" (Dave Pelzer, #1)",https://www.goodreads.com/book/show/60748.A_Child_Called_It_,Dave Pelzer,4.14,467098,https://i.gr-assets.com/images/S/compressed.photo.goodreads.com/books/1438400434i/60748._SY75_.jpg,0,184.0,cover_687.png
She’s Come Undone,https://www.goodreads.com/book/show/5203.She_s_Come_Undone,Wally Lamb,3.92,371359,https://i.gr-assets.com/images/S/compressed.photo.goodreads.com/books/1543505339i/5203._SX50_.jpg,0,465.0,cover_688.png
"Origin (Robert Langdon, #5)",https://www.goodreads.com/book/show/32283133-origin,Dan Brown,3.90,380909,https://i.gr-assets.com/images/S/compressed.photo.goodreads.com/books/1576370917i/32283133._SY75_.jpg,0,461.0,cover_689.png
"Simon vs. the Homo Sapiens Agenda (Simonverse, #1)",https://www.goodreads.com/book/show/19547856-simon-vs-the-homo-sapiens-agenda,Becky Albertalli,4.13,473354,https://i.gr-assets.com/images/S/compressed.photo.goodreads.com/books/1402915678i/19547856._SY75_.jpg,0,320.0,cover_690.png
The Silmarillion,https://www.goodreads.com/book/show/7332.The_Silmarillion,J.R.R. Tolkien,4.04,348385,https://i.gr-assets.com/images/S/compressed.photo.goodreads.com/books/1610045590i/7332._SX50_.jpg,0,386.0,cover_691.png
A Prayer for Owen Meany,https://www.goodreads.com/book/show/4473.A_Prayer_for_Owen_Meany,John Irving,4.24,343898,https://i.gr-assets.com/images/S/compressed.photo.goodreads.com/books/1260470010i/4473._SY75_.jpg,0,637.0,cover_692.png
The Phantom Tollbooth,https://www.goodreads.com/book/show/378.The_Phantom_Tollbooth,Norton Juster,4.20,313073,https://i.gr-assets.com/images/S/compressed.photo.goodreads.com/books/1558858485i/378._SX50_.jpg,0,256.0,cover_693.png
Cat’s Cradle,https://www.goodreads.com/book/show/135479.Cat_s_Cradle,Kurt Vonnegut Jr.,4.15,448346,https://i.gr-assets.com/images/S/compressed.photo.goodreads.com/books/1327867150i/135479._SY75_.jpg,0,306.0,cover_694.png
"The Amber Spyglass (His Dark Materials, #3)",https://www.goodreads.com/book/show/18122.The_Amber_Spyglass,Philip Pullman,4.11,390649,https://i.gr-assets.com/images/S/compressed.photo.goodreads.com/books/1329189152i/18122._SY75_.jpg,4,465.0,cover_695.png
"Alice's Adventures in Wonderland (Alice's Adventures in Wonderland, #1)",https://www.goodreads.com/book/show/6324090-alice-s-adventures-in-wonderland,Lewis Carroll,3.99,451918,https://i.gr-assets.com/images/S/compressed.photo.goodreads.com/books/1391204048i/6324090._SX50_.jpg,0,96.0,cover_696.png
For Whom the Bell Tolls,https://www.goodreads.com/book/show/46170.For_Whom_the_Bell_Tolls,Ernest Hemingway,3.99,326798,https://i.gr-assets.com/images/S/compressed.photo.goodreads.com/books/1492591524i/46170._SY75_.jpg,5,471.0,cover_697.png
Cutting for Stone,https://www.goodreads.com/book/show/3591262-cutting-for-stone,Abraham Verghese,4.34,438316,https://i.gr-assets.com/images/S/compressed.photo.goodreads.com/books/1553715166i/3591262._SX50_.jpg,0,560.0,cover_698.png
The Last Lecture,https://www.goodreads.com/book/show/40611510-the-last-lecture,Randy Pausch,4.26,368329,https://i.gr-assets.com/images/S/compressed.photo.goodreads.com/books/1529682044i/40611510._SX50_.jpg,0,217.0,cover_699.png
Hotel on the Corner of Bitter and Sweet,https://www.goodreads.com/book/show/3367956-hotel-on-the-corner-of-bitter-and-sweet,Jamie Ford,4.05,320037,https://i.gr-assets.com/images/S/compressed.photo.goodreads.com/books/1348332221i/3367956._SX50_.jpg,0,290.0,cover_700.png
Don Quixote,https://www.goodreads.com/book/show/3836.Don_Quixote,Miguel de Cervantes Saavedra,3.92,314519,https://i.gr-assets.com/images/S/compressed.photo.goodreads.com/books/1546112331i/3836._SX50_.jpg,5,1023.0,cover_701.png
Marley and Me: Life and Love With the World’s Worst Dog,https://www.goodreads.com/book/show/12691.Marley_and_Me,John Grogan,4.15,478795,https://i.gr-assets.com/images/S/compressed.photo.goodreads.com/books/1308858322i/12691._SY75_.jpg,0,291.0,cover_702.png
"The Good Earth (House of Earth, #1)",https://www.goodreads.com/book/show/1078.The_Good_Earth,Pearl S. Buck,4.01,264516,https://i.gr-assets.com/images/S/compressed.photo.goodreads.com/books/1312497600i/1078._SY75_.jpg,0,418.0,cover_703.png
"Life, the Universe and Everything (The Hitchhiker's Guide to the Galaxy, #3)",https://www.goodreads.com/book/show/8694.Life_the_Universe_and_Everything,Douglas Adams,4.16,255763,https://i.gr-assets.com/images/S/compressed.photo.goodreads.com/books/1333577589i/8694._SX50_.jpg,2,224.0,cover_704.png
"The Andromeda Strain (Andromeda, #1)",https://www.goodreads.com/book/show/7670.The_Andromeda_Strain,Michael Crichton,3.91,276656,https://i.gr-assets.com/images/S/compressed.photo.goodreads.com/books/1587497243i/7670._SY75_.jpg,0,327.0,cover_705.png
A Confederacy of Dunces,https://www.goodreads.com/book/show/310612.A_Confederacy_of_Dunces,John Kennedy Toole,3.89,307553,https://i.gr-assets.com/images/S/compressed.photo.goodreads.com/books/1562554946i/310612._SY75_.jpg,0,394.0,cover_706.png
Bel Canto,https://www.goodreads.com/book/show/113333.Bel_Canto,Ann Patchett,3.94,337184,https://i.gr-assets.com/images/S/compressed.photo.goodreads.com/books/1434217098i/113333._SY75_.jpg,0,318.0,cover_707.png
The 5 Love Languages: The Secret to Love That Lasts,https://www.goodreads.com/book/show/23878688-the-5-love-languages,Gary Chapman,4.27,491859,https://i.gr-assets.com/images/S/compressed.photo.goodreads.com/books/1432487272i/23878688._SY75_.jpg,0,232.0,cover_708.png
A Walk in the Woods: Rediscovering America on the Appalachian Trail,https://www.goodreads.com/book/show/9791.A_Walk_in_the_Woods,Bill Bryson,4.07,457611,https://i.gr-assets.com/images/S/compressed.photo.goodreads.com/books/1388189974i/9791._SY75_.jpg,0,397.0,cover_709.png
"Postmortem (Kay Scarpetta, #1)",https://www.goodreads.com/book/show/6534.Postmortem,Patricia Daniels Cornwell,4.02,269095,https://i.gr-assets.com/images/S/compressed.photo.goodreads.com/books/1341835831i/6534._SY75_.jpg,0,342.0,cover_710.png
Mere Christianity,https://www.goodreads.com/book/show/40792344-mere-christianity,C.S. Lewis,4.37,472558,https://i.gr-assets.com/images/S/compressed.photo.goodreads.com/books/1531409863i/40792344._SX50_.jpg,0,98.0,cover_711.png
Snow Crash,https://www.goodreads.com/book/show/40651883-snow-crash,Neal Stephenson,4.01,303110,https://i.gr-assets.com/images/S/compressed.photo.goodreads.com/books/1589842551i/40651883._SX50_.jpg,0,559.0,cover_712.png
"Along Came a Spider (Alex Cross, #1)",https://www.goodreads.com/book/show/13145.Along_Came_a_Spider,James Patterson,4.13,499484,https://i.gr-assets.com/images/S/compressed.photo.goodreads.com/books/1388272560i/13145._SY75_.jpg,0,449.0,cover_713.png
The Boys in the Boat: Nine Americans and Their Epic Quest for Gold at the 1936 Berlin Olympics,https://www.goodreads.com/book/show/16158542-the-boys-in-the-boat,Daniel James Brown,4.39,370908,https://i.gr-assets.com/images/S/compressed.photo.goodreads.com/books/1354683116i/16158542._SY75_.jpg,0,404.0,cover_714.png
The Things They Carried,https://www.goodreads.com/book/show/133518.The_Things_They_Carried,Tim O'Brien,4.15,355459,https://i.gr-assets.com/images/S/compressed.photo.goodreads.com/books/1424663847i/133518._SY75_.jpg,0,246.0,cover_715.png
Remember Me?,https://www.goodreads.com/book/show/1358844.Remember_Me_,Sophie Kinsella,3.81,268459,https://i.gr-assets.com/images/S/compressed.photo.goodreads.com/books/1276963901i/1358844._SY75_.jpg,0,352.0,cover_716.png
Their Eyes Were Watching God,https://www.goodreads.com/book/show/37415.Their_Eyes_Were_Watching_God,Zora Neale Hurston,4.00,399770,https://i.gr-assets.com/images/S/compressed.photo.goodreads.com/books/1368072803i/37415._SY75_.jpg,0,238.0,cover_717.png
Cujo,https://www.goodreads.com/book/show/10603.Cujo,Stephen King,3.81,331244,https://i.gr-assets.com/images/S/compressed.photo.goodreads.com/books/1394208144i/10603._SY75_.jpg,0,432.0,cover_718.png
The Wife Between Us,https://www.goodreads.com/book/show/34189556-the-wife-between-us,Greer Hendricks,3.82,460087,https://i.gr-assets.com/images/S/compressed.photo.goodreads.com/books/1496862122i/34189556._SY75_.jpg,0,346.0,cover_719.png
"The Clan of the Cave Bear (Earth's Children, #1)",https://www.goodreads.com/book/show/40611463-the-clan-of-the-cave-bear,Jean M. Auel,4.11,287633,https://i.gr-assets.com/images/S/compressed.photo.goodreads.com/books/1760432374i/40611463._SY75_.jpg,0,516.0,cover_720.png
"Inheritance (The Inheritance Cycle, #4)",https://www.goodreads.com/book/show/7664041-inheritance,Christopher Paolini,4.17,320259,https://i.gr-assets.com/images/S/compressed.photo.goodreads.com/books/1390886502i/7664041._SX50_.jpg,0,849.0,cover_721.png
"Club Dead (Sookie Stackhouse, #3)",https://www.goodreads.com/book/show/140082.Club_Dead,Charlaine Harris,4.02,246905,https://i.gr-assets.com/images/S/compressed.photo.goodreads.com/books/1329501590i/140082._SY75_.jpg,0,274.0,cover_722.png
"The 100-Year-Old Man Who Climbed Out the Window and Disappeared (Hundred-Year-Old Man, #1)",https://www.goodreads.com/book/show/36578942-the-100-year-old-man-who-climbed-out-the-window-and-disappeared,Jonas Jonasson,3.82,311364,https://i.gr-assets.com/images/S/compressed.photo.goodreads.com/books/1510447566i/36578942._SY75_.jpg,4,396.0,cover_723.png
"The Princess Diaries (The Princess Diaries, #1)",https://www.goodreads.com/book/show/38980.The_Princess_Diaries,Meg Cabot,3.81,264634,https://i.gr-assets.com/images/S/compressed.photo.goodreads.com/books/1355011082i/38980._SY75_.jpg,0,283.0,cover_724.png
"Killing Floor (Jack Reacher, #1)",https://www.goodreads.com/book/show/78129.Killing_Floor,Lee Child,4.08,360006,https://i.gr-assets.com/images/S/compressed.photo.goodreads.com/books/1399313258i/78129._SY75_.jpg,0,474.0,cover_725.png
The Holy Bible: King James Version,https://www.goodreads.com/book/show/1923820.The_Holy_Bible,Anonymous,4.45,328177,https://i.gr-assets.com/images/S/compressed.photo.goodreads.com/books/1631816305i/1923820._SY75_.jpg,0,1590.0,cover_726.png
"The Lies of Locke Lamora (Gentleman Bastard, #1)",https://www.goodreads.com/book/show/127455.The_Lies_of_Locke_Lamora,Scott Lynch,4.30,358339,https://i.gr-assets.com/images/S/compressed.photo.goodreads.com/books/1769466689i/127455._SY75_.jpg,0,499.0,cover_727.png
The Remains of the Day,https://www.goodreads.com/book/show/28921.The_Remains_of_the_Day,Kazuo Ishiguro,4.14,383808,https://i.gr-assets.com/images/S/compressed.photo.goodreads.com/books/1327128714i/28921._SY75_.jpg,3,258.0,cover_728.png
The World According to Garp,https://www.goodreads.com/book/show/7069.The_World_According_to_Garp,John Irving,4.11,242387,https://i.gr-assets.com/images/S/compressed.photo.goodreads.com/books/1447234581i/7069._SY75_.jpg,0,610.0,cover_729.png
"The Drawing of the Three (Dark Tower, #2)",https://www.goodreads.com/book/show/5094.The_Drawing_of_the_Three,Stephen King,4.24,299764,https://i.gr-assets.com/images/S/compressed.photo.goodreads.com/books/1370918050i/5094._SY75_.jpg,0,463.0,cover_730.png
"Will Grayson, Will Grayson",https://www.goodreads.com/book/show/6567017-will-grayson-will-grayson,John Green,3.69,415510,https://i.gr-assets.com/images/S/compressed.photo.goodreads.com/books/1660273765i/6567017._SY75_.jpg,0,320.0,cover_731.png
Jonathan Livingston Seagull,https://www.goodreads.com/book/show/71728.Jonathan_Livingston_Seagull,Richard Bach,3.86,279127,https://i.gr-assets.com/images/S/compressed.photo.goodreads.com/books/1432222358i/71728._SX50_.jpg,4,112.0,cover_732.png
"2001: A Space Odyssey (Space Odyssey, #1)",https://www.goodreads.com/book/show/70535.2001,Arthur C. Clarke,4.18,343508,https://i.gr-assets.com/images/S/compressed.photo.goodreads.com/books/1432468943i/70535._SY75_.jpg,0,297.0,cover_733.png
"Anna and the French Kiss (Anna and the French Kiss, #1)",https://www.goodreads.com/book/show/6936382-anna-and-the-french-kiss,Stephanie Perkins,3.95,467307,https://i.gr-assets.com/images/S/compressed.photo.goodreads.com/books/1358271931i/6936382._SY75_.jpg,0,372.0,cover_734.png
Still Alice,https://www.goodreads.com/book/show/2153405.Still_Alice,Lisa Genova,4.33,366147,https://i.gr-assets.com/images/S/compressed.photo.goodreads.com/books/1236089972i/2153405._SY75_.jpg,0,292.0,cover_735.png
"The Red Pyramid (The Kane Chronicles, #1)",https://www.goodreads.com/book/show/7090447-the-red-pyramid,Rick Riordan,4.10,433745,https://i.gr-assets.com/images/S/compressed.photo.goodreads.com/books/1661018382i/7090447._SY75_.jpg,0,528.0,cover_736.png
"Dead to the World (Sookie Stackhouse, #4)",https://www.goodreads.com/book/show/140077.Dead_to_the_World,Charlaine Harris,4.12,269031,https://i.gr-assets.com/images/S/compressed.photo.goodreads.com/books/1468561630i/140077._SY75_.jpg,0,291.0,cover_737.png
On Writing: A Memoir of the Craft,https://www.goodreads.com/book/show/10569.On_Writing,Stephen King,4.34,327105,https://i.gr-assets.com/images/S/compressed.photo.goodreads.com/books/1436735207i/10569._SY75_.jpg,0,320.0,cover_738.png
Tuck Everlasting,https://www.goodreads.com/book/show/84981.Tuck_Everlasting,Natalie Babbitt,3.91,302063,https://i.gr-assets.com/images/S/compressed.photo.goodreads.com/books/1661030663i/84981._SY75_.jpg,0,148.0,cover_739.png
"Red Dragon (Hannibal Lecter, #1)",https://www.goodreads.com/book/show/28877.Red_Dragon,Thomas Harris,4.07,383419,https://i.gr-assets.com/images/S/compressed.photo.goodreads.com/books/1593241110i/28877._SY75_.jpg,0,454.0,cover_740.png
Around the World in Eighty Days,https://www.goodreads.com/book/show/54479.Around_the_World_in_Eighty_Days,Jules Verne,3.95,291666,https://i.gr-assets.com/images/S/compressed.photo.goodreads.com/books/1684014860i/54479._SY75_.jpg,4,252.0,cover_741.png
Breakfast at Tiffany’s and Three Stories,https://www.goodreads.com/book/show/251688.Breakfast_at_Tiffany_s_and_Three_Stories,Truman Capote,3.85,256744,https://i.gr-assets.com/images/S/compressed.photo.goodreads.com/books/1739711613i/251688._SY75_.jpg,0,142.0,cover_742.png
"Chosen (House of Night, #3)",https://www.goodreads.com/book/show/1326258.Chosen,P.C. Cast,3.91,257607,https://i.gr-assets.com/images/S/compressed.photo.goodreads.com/books/1393192825i/1326258._SX50_.jpg,0,307.0,cover_743.png
The Prophet,https://www.goodreads.com/book/show/2547.The_Prophet,Kahlil Gibran,4.23,338259,https://i.gr-assets.com/images/S/compressed.photo.goodreads.com/books/1355046521i/2547._SY75_.jpg,4,127.0,cover_744.png
A Farewell to Arms,https://www.goodreads.com/book/show/10799.A_Farewell_to_Arms,Ernest Hemingway,3.82,366186,https://i.gr-assets.com/images/S/compressed.photo.goodreads.com/books/1313714836i/10799._SY75_.jpg,3,304.0,cover_745.png
"Scarlet (The Lunar Chronicles, #2)",https://www.goodreads.com/book/show/13206760-scarlet,Marissa Meyer,4.23,471702,https://i.gr-assets.com/images/S/compressed.photo.goodreads.com/books/1470056982i/13206760._SY75_.jpg,0,454.0,cover_746.png
"A Great and Terrible Beauty (Gemma Doyle, #1)",https://www.goodreads.com/book/show/3682.A_Great_and_Terrible_Beauty,Libba Bray,3.80,226295,https://i.gr-assets.com/images/S/compressed.photo.goodreads.com/books/1284558475i/3682._SY75_.jpg,0,403.0,cover_747.png
The Brothers Karamazov,https://www.goodreads.com/book/show/4934.The_Brothers_Karamazov,Fyodor Dostoevsky,4.40,412551,https://i.gr-assets.com/images/S/compressed.photo.goodreads.com/books/1427728126i/4934._SX50_.jpg,0,796.0,cover_748.png
On the Road,https://www.goodreads.com/book/show/70401.On_the_Road,Jack Kerouac,3.61,459308,https://i.gr-assets.com/images/S/compressed.photo.goodreads.com/books/1658929891i/70401._SY75_.jpg,0,307.0,cover_749.png
Go Set a Watchman,https://www.goodreads.com/book/show/24817626-go-set-a-watchman,Harper Lee,3.31,296213,https://i.gr-assets.com/images/S/compressed.photo.goodreads.com/books/1451442088i/24817626._SY75_.jpg,0,278.0,cover_750.png
Three Cups of Tea: One Man's Mission to Promote Peace ... One School at a Time,https://www.goodreads.com/book/show/49436.Three_Cups_of_Tea,Greg Mortenson,3.66,359418,https://i.gr-assets.com/images/S/compressed.photo.goodreads.com/books/1395407074i/49436._SY75_.jpg,0,349.0,cover_751.png
The Witches,https://www.goodreads.com/book/show/6327.The_Witches,Roald Dahl,4.18,437193,https://i.gr-assets.com/images/S/compressed.photo.goodreads.com/books/1351707720i/6327._SY75_.jpg,0,208.0,cover_752.png
The Complete Stories and Poems,https://www.goodreads.com/book/show/23919.The_Complete_Stories_and_Poems,Edgar Allan Poe,4.40,300648,https://i.gr-assets.com/images/S/compressed.photo.goodreads.com/books/1327942676i/23919._SY75_.jpg,0,821.0,cover_753.png
"City of Heavenly Fire (The Mortal Instruments, #6)",https://www.goodreads.com/book/show/8755785-city-of-heavenly-fire,Cassandra Clare,4.38,423596,https://i.gr-assets.com/images/S/compressed.photo.goodreads.com/books/1460477794i/8755785._SY75_.jpg,0,725.0,cover_754.png
"Frostbite (Vampire Academy, #2)",https://www.goodreads.com/book/show/2282133.Frostbite,Richelle Mead,4.25,375573,https://i.gr-assets.com/images/S/compressed.photo.goodreads.com/books/1361098960i/2282133._SY75_.jpg,0,327.0,cover_755.png
Can You Keep a Secret?,https://www.goodreads.com/book/show/33724.Can_You_Keep_a_Secret_,Sophie Kinsella,3.82,484549,https://i.gr-assets.com/images/S/compressed.photo.goodreads.com/books/1330464293i/33724._SY75_.jpg,0,374.0,cover_756.png
If You Give a Mouse a Cookie,https://www.goodreads.com/book/show/767680.If_You_Give_a_Mouse_a_Cookie,Laura Joffe Numeroff,4.30,319154,https://i.gr-assets.com/images/S/compressed.photo.goodreads.com/books/1276046901i/767680._SX50_.jpg,0,40.0,cover_757.png
The Client,https://www.goodreads.com/book/show/5359.The_Client,John Grisham,4.06,468128,https://i.gr-assets.com/images/S/compressed.photo.goodreads.com/books/1554192326i/5359._SY75_.jpg,0,483.0,cover_758.png
"Untamed (House of Night, #4)",https://www.goodreads.com/book/show/2866718-untamed,P.C. Cast,3.94,246873,https://i.gr-assets.com/images/S/compressed.photo.goodreads.com/books/1438037020i/2866718._SY75_.jpg,0,338.0,cover_759.png
"In a Dark, Dark Wood",https://www.goodreads.com/book/show/23346377-in-a-dark-dark-wood,Ruth Ware,3.71,410710,https://i.gr-assets.com/images/S/compressed.photo.goodreads.com/books/1429521615i/23346377._SY75_.jpg,0,352.0,cover_760.png
One Day,https://www.goodreads.com/book/show/6280118-one-day,David Nicholls,3.88,421394,https://i.gr-assets.com/images/S/compressed.photo.goodreads.com/books/1327873020i/6280118._SY75_.jpg,0,435.0,cover_761.png
White Oleander,https://www.goodreads.com/book/show/32234.White_Oleander,Janet Fitch,4.01,370919,https://i.gr-assets.com/images/S/compressed.photo.goodreads.com/books/1501159524i/32234._SY75_.jpg,0,446.0,cover_762.png
"Dragonfly in Amber (Outlander, #2)",https://www.goodreads.com/book/show/5364.Dragonfly_in_Amber,Diana Gabaldon,4.34,394087,https://i.gr-assets.com/images/S/compressed.photo.goodreads.com/books/1456114344i/5364._SY75_.jpg,0,947.0,cover_763.png
Much Ado About Nothing,https://www.goodreads.com/book/show/12957.Much_Ado_About_Nothing,William Shakespeare,4.06,263023,https://i.gr-assets.com/images/S/compressed.photo.goodreads.com/books/1327885569i/12957._SY75_.jpg,0,249.0,cover_764.png
Magic Hour,https://www.goodreads.com/book/show/1470232.Magic_Hour,Kristin Hannah,4.16,270228,https://i.gr-assets.com/images/S/compressed.photo.goodreads.com/books/1320542057i/1470232._SY75_.jpg,0,451.0,cover_765.png
The Paris Wife,https://www.goodreads.com/book/show/8683812-the-paris-wife,Paula McLain,3.82,308009,https://i.gr-assets.com/images/S/compressed.photo.goodreads.com/books/1320545874i/8683812._SX50_.jpg,0,336.0,cover_766.png
A Million Little Pieces,https://www.goodreads.com/book/show/1241.A_Million_Little_Pieces,James Frey,3.70,266400,https://i.gr-assets.com/images/S/compressed.photo.goodreads.com/books/1483206985i/1241._SY75_.jpg,0,515.0,cover_767.png
"Shadow Kiss (Vampire Academy, #3)",https://www.goodreads.com/book/show/2802316-shadow-kiss,Richelle Mead,4.33,384176,https://i.gr-assets.com/images/S/compressed.photo.goodreads.com/books/1361099049i/2802316._SY75_.jpg,0,443.0,cover_768.png
The God Delusion: A Study of Religious Belief and Skepticism,https://www.goodreads.com/book/show/14743.The_God_Delusion,Richard Dawkins,3.90,287861,https://i.gr-assets.com/images/S/compressed.photo.goodreads.com/books/1347220693i/14743._SY75_.jpg,0,374.0,cover_769.png
"Daughter of Smoke & Bone (Daughter of Smoke & Bone, #1)",https://www.goodreads.com/book/show/8490112-daughter-of-smoke-bone,Laini Taylor,3.99,388301,https://i.gr-assets.com/images/S/compressed.photo.goodreads.com/books/1461353773i/8490112._SY75_.jpg,0,418.0,cover_770.png
Nineteen Minutes,https://www.goodreads.com/book/show/14866.Nineteen_Minutes,Jodi Picoult,4.18,436577,https://i.gr-assets.com/images/S/compressed.photo.goodreads.com/books/1348577596i/14866._SY75_.jpg,0,440.0,cover_771.png
"In the Woods (Dublin Murder Squad, #1)",https://www.goodreads.com/book/show/2459785.In_the_Woods,Tana French,3.78,452499,https://i.gr-assets.com/images/S/compressed.photo.goodreads.com/books/1562761513i/2459785._SY75_.jpg,0,448.0,cover_772.png
From the Mixed-up Files of Mrs. Basil E. Frankweiler,https://www.goodreads.com/book/show/3980.From_the_Mixed_up_Files_of_Mrs_Basil_E_Frankweiler,E.L. Konigsburg,4.16,222044,https://i.gr-assets.com/images/S/compressed.photo.goodreads.com/books/1327784751i/3980._SY75_.jpg,0,159.0,cover_773.png
"Brutal Prince (Brutal Birthright, #1)",https://www.goodreads.com/book/show/195580026-brutal-prince,Sophie Lark,3.72,204662,https://i.gr-assets.com/images/S/compressed.photo.goodreads.com/books/1690982632i/195580026._SY75_.jpg,0,376.0,cover_774.png
The Paper Palace,https://www.goodreads.com/book/show/55994372-the-paper-palace,Miranda Cowley Heller,3.77,420918,https://i.gr-assets.com/images/S/compressed.photo.goodreads.com/books/1607320833i/55994372._SY75_.jpg,0,400.0,cover_775.png
The Wall of Winnipeg and Me,https://www.goodreads.com/book/show/29367958-the-wall-of-winnipeg-and-me,Mariana Zapata,4.14,314846,https://i.gr-assets.com/images/S/compressed.photo.goodreads.com/books/1456774327i/29367958._SY75_.jpg,0,475.0,cover_776.png
"The Naturals (The Naturals, #1)",https://www.goodreads.com/book/show/13597723-the-naturals,Jennifer Lynn Barnes,4.23,406892,https://i.gr-assets.com/images/S/compressed.photo.goodreads.com/books/1620015246i/13597723._SY75_.jpg,0,308.0,cover_777.png
The Story of Art,https://www.goodreads.com/book/show/222078.The_Story_of_Art,E.H. Gombrich,3.96,479022,https://i.gr-assets.com/images/S/compressed.photo.goodreads.com/books/1389274650i/222078._SX50_.jpg,0,688.0,cover_778.png
Wall and Piece,https://www.goodreads.com/book/show/114683.Wall_and_Piece,Banksy,3.85,238046,https://i.gr-assets.com/images/S/compressed.photo.goodreads.com/books/1327904853i/114683._SX50_.jpg,0,240.0,cover_779.png
"I Am Number Four (Lorien Legacies, #1)",https://www.goodreads.com/book/show/7747374-i-am-number-four,Pittacus Lore,3.93,354831,https://i.gr-assets.com/images/S/compressed.photo.goodreads.com/books/1305807140i/7747374._SY75_.jpg,0,440.0,cover_780.png
Think and Grow Rich,https://www.goodreads.com/book/show/30186948-think-and-grow-rich,Napoleon Hill,4.16,394187,https://i.gr-assets.com/images/S/compressed.photo.goodreads.com/books/1463241782i/30186948._SY75_.jpg,0,233.0,cover_781.png
"Vicious (Villains, #1)",https://www.goodreads.com/book/show/40874032-vicious,V.E. Schwab,4.17,342468,https://i.gr-assets.com/images/S/compressed.photo.goodreads.com/books/1670752670i/40874032._SY75_.jpg,0,402.0,cover_782.png
"Speaker for the Dead (Ender's Saga, #2)",https://www.goodreads.com/book/show/7967.Speaker_for_the_Dead,Orson Scott Card,4.12,277486,https://i.gr-assets.com/images/S/compressed.photo.goodreads.com/books/1295660894i/7967._SY75_.jpg,0,382.0,cover_783.png
The Grace Year,https://www.goodreads.com/book/show/43263520-the-grace-year,Kim Liggett,4.12,263564,https://i.gr-assets.com/images/S/compressed.photo.goodreads.com/books/1548518877i/43263520._SY75_.jpg,0,416.0,cover_784.png
"The Raven Boys (The Raven Cycle, #1)",https://www.goodreads.com/book/show/17675462-the-raven-boys,Maggie Stiefvater,4.05,410480,https://i.gr-assets.com/images/S/compressed.photo.goodreads.com/books/1573508485i/17675462._SY75_.jpg,0,409.0,cover_785.png
I Know This Much Is True,https://www.goodreads.com/book/show/227711.I_Know_This_Much_Is_True,Wally Lamb,4.21,333984,https://i.gr-assets.com/images/S/compressed.photo.goodreads.com/books/1373532198i/227711._SY75_.jpg,0,897.0,cover_786.png
The Trial,https://www.goodreads.com/book/show/17690.The_Trial,Franz Kafka,3.93,419772,https://i.gr-assets.com/images/S/compressed.photo.goodreads.com/books/1320399438i/17690._SY75_.jpg,4,255.0,cover_787.png
"Always and Forever, Lara Jean (To All the Boys I've Loved Before, #3)",https://www.goodreads.com/book/show/35247769-always-and-forever-lara-jean,Jenny Han,3.99,298737,https://i.gr-assets.com/images/S/compressed.photo.goodreads.com/books/1495992139i/35247769._SY75_.jpg,0,325.0,cover_788.png
The Merchant of Venice,https://www.goodreads.com/book/show/24128.The_Merchant_of_Venice,William Shakespeare,3.77,207050,https://i.gr-assets.com/images/S/compressed.photo.goodreads.com/books/1327871054i/24128._SY75_.jpg,0,249.0,cover_789.png
Beowulf,https://www.goodreads.com/book/show/52357.Beowulf,Seamus Heaney,3.50,355719,https://i.gr-assets.com/images/S/compressed.photo.goodreads.com/books/1327878125i/52357._SY75_.jpg,0,259.0,cover_790.png
Into the Water,https://www.goodreads.com/book/show/33151805-into-the-water,Paula Hawkins,3.58,427140,https://i.gr-assets.com/images/S/compressed.photo.goodreads.com/books/1494055413i/33151805._SY75_.jpg,0,386.0,cover_791.png
Colorless Tsukuru Tazaki and His Years of Pilgrimage,https://www.goodreads.com/book/show/41022133-colorless-tsukuru-tazaki-and-his-years-of-pilgrimage,Haruki Murakami,3.87,209958,https://i.gr-assets.com/images/S/compressed.photo.goodreads.com/books/1533141634i/41022133._SY75_.jpg,4,308.0,cover_792.png
"All In (The Naturals, #3)",https://www.goodreads.com/book/show/24849026-all-in,Jennifer Lynn Barnes,4.35,215998,https://i.gr-assets.com/images/S/compressed.photo.goodreads.com/books/1446265230i/24849026._SY75_.jpg,0,378.0,cover_793.png
Stranger in a Strange Land,https://www.goodreads.com/book/show/350.Stranger_in_a_Strange_Land,Robert A. Heinlein,3.92,330496,https://i.gr-assets.com/images/S/compressed.photo.goodreads.com/books/1156897088i/350._SY75_.jpg,0,525.0,cover_794.png
"Nothing Like the Movies (Better Than the Movies, #2)",https://www.goodreads.com/book/show/207293948-nothing-like-the-movies,Lynn Painter,3.99,270100,https://i.gr-assets.com/images/S/compressed.photo.goodreads.com/books/1707242121i/207293948._SY75_.jpg,0,442.0,cover_795.png
Dress Your Family in Corduroy and Denim,https://www.goodreads.com/book/show/10176.Dress_Your_Family_in_Corduroy_and_Denim,David Sedaris,4.12,292521,https://i.gr-assets.com/images/S/compressed.photo.goodreads.com/books/1352983006i/10176._SY75_.jpg,0,257.0,cover_796.png
Midnight in the Garden of Good and Evil,https://www.goodreads.com/book/show/386187.Midnight_in_the_Garden_of_Good_and_Evil,John Berendt,3.91,305067,https://i.gr-assets.com/images/S/compressed.photo.goodreads.com/books/1427166915i/386187._SY75_.jpg,0,386.0,cover_797.png
"Smile (Smile, #1)",https://www.goodreads.com/book/show/6393631-smile,Raina Telgemeier,4.22,318435,https://i.gr-assets.com/images/S/compressed.photo.goodreads.com/books/1531595478i/6393631._SX50_.jpg,0,214.0,cover_798.png
Homegoing,https://www.goodreads.com/book/show/27071490-homegoing,Yaa Gyasi,4.47,426739,https://i.gr-assets.com/images/S/compressed.photo.goodreads.com/books/1448108591i/27071490._SY75_.jpg,4,305.0,cover_799.png
The Undomestic Goddess,https://www.goodreads.com/book/show/33722.The_Undomestic_Goddess,Sophie Kinsella,3.87,318226,https://i.gr-assets.com/images/S/compressed.photo.goodreads.com/books/1546431135i/33722._SY75_.jpg,0,404.0,cover_800.png
"Easy (Contours of the Heart, #1)",https://www.goodreads.com/book/show/16056408-easy,Tammara Webber,4.07,229773,https://i.gr-assets.com/images/S/compressed.photo.goodreads.com/books/1349370267i/16056408._SY75_.jpg,0,336.0,cover_801.png
Breakfast of Champions,https://www.goodreads.com/book/show/4980.Breakfast_of_Champions,Kurt Vonnegut Jr.,4.06,285817,https://i.gr-assets.com/images/S/compressed.photo.goodreads.com/books/1327934446i/4980._SY75_.jpg,0,303.0,cover_802.png
"Assassin's Apprentice (Farseer Trilogy, #1)",https://www.goodreads.com/book/show/77197.Assassin_s_Apprentice,Robin Hobb,4.20,441748,https://i.gr-assets.com/images/S/compressed.photo.goodreads.com/books/1673728072i/77197._SY75_.jpg,0,435.0,cover_803.png
"Darkly Dreaming Dexter (Dexter, #1)",https://www.goodreads.com/book/show/17231.Darkly_Dreaming_Dexter,Jeff Lindsay,3.90,225932,https://i.gr-assets.com/images/S/compressed.photo.goodreads.com/books/1557598685i/17231._SY75_.jpg,0,288.0,cover_804.png
Love You Forever,https://www.goodreads.com/book/show/310259.Love_You_Forever,Robert Munsch,4.38,250400,https://i.gr-assets.com/images/S/compressed.photo.goodreads.com/books/1348832754i/310259._SX50_.jpg,0,32.0,cover_805.png
A Light in the Attic,https://www.goodreads.com/book/show/30118.A_Light_in_the_Attic,Shel Silverstein,4.37,482856,https://i.gr-assets.com/images/S/compressed.photo.goodreads.com/books/1427169918i/30118._SX50_.jpg,0,176.0,cover_806.png
"The Murder of Roger Ackroyd (Hercule Poirot, #4)",https://www.goodreads.com/book/show/16328.The_Murder_of_Roger_Ackroyd,Agatha Christie,4.26,371679,https://i.gr-assets.com/images/S/compressed.photo.goodreads.com/books/1389734015i/16328._SY75_.jpg,5,288.0,cover_807.png
Lady Tan's Circle of Women,https://www.goodreads.com/book/show/62919732-lady-tan-s-circle-of-women,Lisa See,4.35,229479,https://i.gr-assets.com/images/S/compressed.photo.goodreads.com/books/1683735261i/62919732._SY75_.jpg,0,352.0,cover_808.png
The Light Between Oceans,https://www.goodreads.com/book/show/13158800-the-light-between-oceans,M.L. Stedman,4.05,490519,https://i.gr-assets.com/images/S/compressed.photo.goodreads.com/books/1336683021i/13158800._SY75_.jpg,0,362.0,cover_809.png
Salt to the Sea,https://www.goodreads.com/book/show/25614492-salt-to-the-sea,Ruta Sepetys,4.35,269677,https://i.gr-assets.com/images/S/compressed.photo.goodreads.com/books/1437084512i/25614492._SY75_.jpg,0,391.0,cover_810.png
"After You (Me Before You, #2)",https://www.goodreads.com/book/show/27774596-after-you,Jojo Moyes,3.75,427559,https://i.gr-assets.com/images/S/compressed.photo.goodreads.com/books/1539892322i/27774596._SY75_.jpg,0,352.0,cover_811.png
Maybe in Another Life,https://www.goodreads.com/book/show/23492661-maybe-in-another-life,Taylor Jenkins Reid,3.78,422610,https://i.gr-assets.com/images/S/compressed.photo.goodreads.com/books/1424970519i/23492661._SY75_.jpg,0,342.0,cover_812.png
"Betrayed (House of Night, #2)",https://www.goodreads.com/book/show/676924.Betrayed,P.C. Cast,3.92,282249,https://i.gr-assets.com/images/S/compressed.photo.goodreads.com/books/1406941788i/676924._SX50_.jpg,0,310.0,cover_813.png
The Elegance of the Hedgehog,https://www.goodreads.com/book/show/2967752-the-elegance-of-the-hedgehog,Muriel Barbery,3.81,205658,https://i.gr-assets.com/images/S/compressed.photo.goodreads.com/books/1347755370i/2967752._SY75_.jpg,4,325.0,cover_814.png
"Wizard's First Rule (Sword of Truth, #1)",https://www.goodreads.com/book/show/43889.Wizard_s_First_Rule,Terry Goodkind,4.12,255399,https://i.gr-assets.com/images/S/compressed.photo.goodreads.com/books/1385248539i/43889._SY75_.jpg,0,836.0,cover_815.png
"If Only I Had Told Her (If He Had Been with Me, #2)",https://www.goodreads.com/book/show/64645812-if-only-i-had-told-her,Laura Nowlin,3.85,216651,https://i.gr-assets.com/images/S/compressed.photo.goodreads.com/books/1670530488i/64645812._SX50_.jpg,0,416.0,cover_816.png
"The Passage (The Passage, #1)",https://www.goodreads.com/book/show/6690798-the-passage,Justin Cronin,4.05,226829,https://i.gr-assets.com/images/S/compressed.photo.goodreads.com/books/1327874267i/6690798._SY75_.jpg,0,766.0,cover_817.png
"The Sandman, Vol. 1: Preludes & Nocturnes",https://www.goodreads.com/book/show/23754.The_Sandman_Vol_1,Neil Gaiman,4.25,276244,https://i.gr-assets.com/images/S/compressed.photo.goodreads.com/books/1411609637i/23754._SY75_.jpg,0,240.0,cover_818.png
"Restore Me (Shatter Me, #4)",https://www.goodreads.com/book/show/34992929-restore-me,Tahereh Mafi,4.13,455663,https://i.gr-assets.com/images/S/compressed.photo.goodreads.com/books/1507232049i/34992929._SY75_.jpg,0,448.0,cover_819.png
Just Listen,https://www.goodreads.com/book/show/51738.Just_Listen,Sarah Dessen,4.05,251444,https://i.gr-assets.com/images/S/compressed.photo.goodreads.com/books/1358270741i/51738._SY75_.jpg,0,371.0,cover_820.png
"Harry Potter Series Box Set (Harry Potter, #1-7)",https://www.goodreads.com/book/show/862041.Harry_Potter_Series_Box_Set,J.K. Rowling,4.73,306221,https://i.gr-assets.com/images/S/compressed.photo.goodreads.com/books/1534298934i/862041._SX50_.jpg,0,4100.0,cover_821.png
The Long Walk,https://www.goodreads.com/book/show/9014.The_Long_Walk,Richard Bachman,3.98,309264,https://i.gr-assets.com/images/S/compressed.photo.goodreads.com/books/1309212400i/9014._SY75_.jpg,0,370.0,cover_822.png
"Delirium (Delirium, #1)",https://www.goodreads.com/book/show/11614718-delirium,Lauren Oliver,3.95,482046,https://i.gr-assets.com/images/S/compressed.photo.goodreads.com/books/1327890411i/11614718._SX50_.jpg,0,441.0,cover_823.png
Fantastic Beasts and Where to Find Them,https://www.goodreads.com/book/show/41899.Fantastic_Beasts_and_Where_to_Find_Them,Newt Scamander,3.95,422232,https://i.gr-assets.com/images/S/compressed.photo.goodreads.com/books/1303738520i/41899._SX50_.jpg,0,128.0,cover_824.png
The Runaway Jury,https://www.goodreads.com/book/show/24192.The_Runaway_Jury,John Grisham,4.03,318259,https://i.gr-assets.com/images/S/compressed.photo.goodreads.com/books/1388444668i/24192._SY75_.jpg,0,464.0,cover_825.png
"The Silkworm (Cormoran Strike, #2)",https://www.goodreads.com/book/show/18214414-the-silkworm,Robert Galbraith,4.05,301123,https://i.gr-assets.com/images/S/compressed.photo.goodreads.com/books/1540217126i/18214414._SY75_.jpg,0,464.0,cover_826.png
The Nickel Boys,https://www.goodreads.com/book/show/42270835-the-nickel-boys,Colson Whitehead,4.25,324301,https://i.gr-assets.com/images/S/compressed.photo.goodreads.com/books/1593115396i/42270835._SY75_.jpg,5,213.0,cover_827.png
The Pact,https://www.goodreads.com/book/show/10916.The_Pact,Jodi Picoult,4.03,332123,https://i.gr-assets.com/images/S/compressed.photo.goodreads.com/books/1410754561i/10916._SY75_.jpg,0,512.0,cover_828.png
The Historian,https://www.goodreads.com/book/show/30236962-the-historian,Elizabeth Kostova,3.80,280960,https://i.gr-assets.com/images/S/compressed.photo.goodreads.com/books/1717145561i/30236962._SY75_.jpg,0,704.0,cover_829.png
Just Mercy,https://www.goodreads.com/book/show/20342617-just-mercy,Bryan Stevenson,4.62,271515,https://i.gr-assets.com/images/S/compressed.photo.goodreads.com/books/1635827409i/20342617._SY75_.jpg,0,336.0,cover_830.png
The Forty Rules of Love,https://www.goodreads.com/book/show/6642715-the-forty-rules-of-love,Elif Shafak,4.10,215175,https://i.gr-assets.com/images/S/compressed.photo.goodreads.com/books/1442161289i/6642715._SY75_.jpg,0,354.0,cover_831.png
"When in Rome (When in Rome, #1)",https://www.goodreads.com/book/show/60092579-when-in-rome,Sarah Adams,3.86,246937,https://i.gr-assets.com/images/S/compressed.photo.goodreads.com/books/1649953470i/60092579._SY75_.jpg,0,320.0,cover_832.png
David Copperfield,https://www.goodreads.com/book/show/58696.David_Copperfield,Charles Dickens,4.05,265954,https://i.gr-assets.com/images/S/compressed.photo.goodreads.com/books/1461452762i/58696._SY75_.jpg,0,882.0,cover_833.png
The House of the Spirits,https://www.goodreads.com/book/show/9328.The_House_of_the_Spirits,Isabel Allende,4.31,345446,https://i.gr-assets.com/images/S/compressed.photo.goodreads.com/books/1621672028i/9328._SY75_.jpg,0,512.0,cover_834.png
The Dead Zone,https://www.goodreads.com/book/show/11573.The_Dead_Zone,Stephen King,3.97,253742,https://i.gr-assets.com/images/S/compressed.photo.goodreads.com/books/1283509622i/11573._SY75_.jpg,0,402.0,cover_835.png
Heaven is for Real: A Little Boy's Astounding Story of His Trip to Heaven and Back,https://www.goodreads.com/book/show/7933292-heaven-is-for-real,Todd Burpo,4.04,342381,https://i.gr-assets.com/images/S/compressed.photo.goodreads.com/books/1348467278i/7933292._SY75_.jpg,0,162.0,cover_836.png
"Brisingr (The Inheritance Cycle, #3)",https://www.goodreads.com/book/show/2248573.Brisingr,Christopher Paolini,4.12,425893,https://i.gr-assets.com/images/S/compressed.photo.goodreads.com/books/1661030683i/2248573._SX50_.jpg,0,748.0,cover_837.png
"Hyperbole and a Half: Unfortunate Situations, Flawed Coping Mechanisms, Mayhem, and Other Things That Happened",https://www.goodreads.com/book/show/17571564-hyperbole-and-a-half,Allie Brosh,4.17,218339,https://i.gr-assets.com/images/S/compressed.photo.goodreads.com/books/1409522492i/17571564._SY75_.jpg,0,371.0,cover_838.png
"Last Sacrifice (Vampire Academy, #6)",https://www.goodreads.com/book/show/6527740-last-sacrifice,Richelle Mead,4.36,302130,https://i.gr-assets.com/images/S/compressed.photo.goodreads.com/books/1319850978i/6527740._SX50_.jpg,0,594.0,cover_839.png
"Torment (Fallen, #2)",https://www.goodreads.com/book/show/7740152-torment,Lauren Kate,3.84,247090,https://i.gr-assets.com/images/S/compressed.photo.goodreads.com/books/1362339749i/7740152._SY75_.jpg,0,452.0,cover_840.png
"The Boy, the Mole, the Fox and the Horse",https://www.goodreads.com/book/show/43708884-the-boy-the-mole-the-fox-and-the-horse,Charlie Mackesy,4.55,250855,https://i.gr-assets.com/images/S/compressed.photo.goodreads.com/books/1579017235i/43708884._SX50_.jpg,0,128.0,cover_841.png
"The Dragon Reborn (The Wheel of Time, #3)",https://www.goodreads.com/book/show/34897.The_Dragon_Reborn,Robert Jordan,4.28,333444,https://i.gr-assets.com/images/S/compressed.photo.goodreads.com/books/1659905781i/34897._SX50_.jpg,0,624.0,cover_842.png
"The Testaments (The Handmaid's Tale, #2)",https://www.goodreads.com/book/show/42975172-the-testaments,Margaret Atwood,4.20,462460,https://i.gr-assets.com/images/S/compressed.photo.goodreads.com/books/1549292344i/42975172._SY75_.jpg,0,422.0,cover_843.png
Norse Mythology,https://www.goodreads.com/book/show/37903770-norse-mythology,Neil Gaiman,4.09,348439,https://i.gr-assets.com/images/S/compressed.photo.goodreads.com/books/1516128292i/37903770._SX50_.jpg,5,301.0,cover_844.png
"One Fish, Two Fish, Red Fish, Blue Fish",https://www.goodreads.com/book/show/7770.One_Fish_Two_Fish_Red_Fish_Blue_Fish,Dr. Seuss,4.19,219148,https://i.gr-assets.com/images/S/compressed.photo.goodreads.com/books/1165640023i/7770._SX50_.jpg,0,64.0,cover_845.png
"Living Dead in Dallas (Sookie Stackhouse, #2)",https://www.goodreads.com/book/show/110494.Living_Dead_in_Dallas,Charlaine Harris,3.96,265212,https://i.gr-assets.com/images/S/compressed.photo.goodreads.com/books/1329501808i/110494._SY75_.jpg,0,291.0,cover_846.png
Under the Dome,https://www.goodreads.com/book/show/6320534-under-the-dome,Stephen King,3.93,331193,https://i.gr-assets.com/images/S/compressed.photo.goodreads.com/books/1511289992i/6320534._SY75_.jpg,0,1074.0,cover_847.png
In a Holidaze,https://www.goodreads.com/book/show/50892287-in-a-holidaze,Christina Lauren,3.65,254874,https://i.gr-assets.com/images/S/compressed.photo.goodreads.com/books/1601590329i/50892287._SY75_.jpg,0,307.0,cover_848.png
How to Stop Time,https://www.goodreads.com/book/show/45152372-how-to-stop-time,Matt Haig,3.82,233982,https://i.gr-assets.com/images/S/compressed.photo.goodreads.com/books/1645729201i/45152372._SY75_.jpg,3,339.0,cover_849.png
The Prince of Tides,https://www.goodreads.com/book/show/16735.The_Prince_of_Tides,Pat Conroy,4.26,220970,https://i.gr-assets.com/images/S/compressed.photo.goodreads.com/books/1512744907i/16735._SY75_.jpg,0,679.0,cover_850.png
"When the Moon Hatched (Moonfall, #1)",https://www.goodreads.com/book/show/202507554-when-the-moon-hatched,Sarah A. Parker,4.01,364125,https://i.gr-assets.com/images/S/compressed.photo.goodreads.com/books/1734440766i/202507554._SY75_.jpg,0,562.0,cover_851.png
Bright Young Women,https://www.goodreads.com/book/show/101124639-bright-young-women,Jessica Knoll,3.98,246935,https://i.gr-assets.com/images/S/compressed.photo.goodreads.com/books/1676221840i/101124639._SX50_.jpg,0,384.0,cover_852.png
"1Q84 (1Q84, #1-3)",https://www.goodreads.com/book/show/10357575-1q84,Haruki Murakami,3.95,348676,https://i.gr-assets.com/images/S/compressed.photo.goodreads.com/books/1483103331i/10357575._SX50_.jpg,3,944.0,cover_853.png
How My Neighbor Stole Christmas,https://www.goodreads.com/book/show/211148021-how-my-neighbor-stole-christmas,Meghan Quinn,3.69,201792,https://i.gr-assets.com/images/S/compressed.photo.goodreads.com/books/1727468750i/211148021._SY75_.jpg,0,480.0,cover_854.png
"Clockwork Princess (The Infernal Devices, #3)",https://www.goodreads.com/book/show/18335634-clockwork-princess,Cassandra Clare,4.55,485725,https://i.gr-assets.com/images/S/compressed.photo.goodreads.com/books/1436788488i/18335634._SY75_.jpg,0,567.0,cover_855.png
Let's Pretend This Never Happened: A Mostly True Memoir,https://www.goodreads.com/book/show/12868761-let-s-pretend-this-never-happened,Jenny Lawson,3.90,203990,https://i.gr-assets.com/images/S/compressed.photo.goodreads.com/books/1489415716i/12868761._SY75_.jpg,0,318.0,cover_856.png
"Those Who Leave and Those Who Stay (Neapolitan Novels, #3)",https://www.goodreads.com/book/show/23156040-those-who-leave-and-those-who-stay,Elena Ferrante,4.36,211724,https://i.gr-assets.com/images/S/compressed.photo.goodreads.com/books/1411338052i/23156040._SY75_.jpg,4,418.0,cover_857.png
"The Magicians (The Magicians, #1)",https://www.goodreads.com/book/show/6101718-the-magicians,Lev Grossman,3.53,282463,https://i.gr-assets.com/images/S/compressed.photo.goodreads.com/books/1313772941i/6101718._SY75_.jpg,0,402.0,cover_858.png
The Autobiography of Malcolm X,https://www.goodreads.com/book/show/92057.The_Autobiography_of_Malcolm_X,Malcolm X,4.37,299150,https://i.gr-assets.com/images/S/compressed.photo.goodreads.com/books/1434682864i/92057._SY75_.jpg,0,466.0,cover_859.png
"Zero to One: Notes on Startups, or How to Build the Future",https://www.goodreads.com/book/show/18050143-zero-to-one,Peter Thiel,4.14,417678,https://i.gr-assets.com/images/S/compressed.photo.goodreads.com/books/1630663027i/18050143._SY75_.jpg,0,195.0,cover_860.png
Shoe Dog: A Memoir by the Creator of Nike,https://www.goodreads.com/book/show/27220736-shoe-dog,Phil Knight,4.45,387886,https://i.gr-assets.com/images/S/compressed.photo.goodreads.com/books/1457284880i/27220736._SY75_.jpg,0,400.0,cover_861.png
Redeeming Love,https://www.goodreads.com/book/show/11422.Redeeming_Love,Francine Rivers,4.51,387163,https://i.gr-assets.com/images/S/compressed.photo.goodreads.com/books/1550053167i/11422._SX50_.jpg,0,479.0,cover_862.png
"The Blood of Olympus (The Heroes of Olympus, #5)",https://www.goodreads.com/book/show/18705209-the-blood-of-olympus,Rick Riordan,4.43,407625,https://i.gr-assets.com/images/S/compressed.photo.goodreads.com/books/1464201441i/18705209._SY75_.jpg,0,516.0,cover_863.png
"The Dry (Aaron Falk, #1)",https://www.goodreads.com/book/show/27824826-the-dry,Jane Harper,4.06,276244,https://i.gr-assets.com/images/S/compressed.photo.goodreads.com/books/1456113132i/27824826._SY75_.jpg,0,336.0,cover_864.png
"Annihilation (Southern Reach, #1)",https://www.goodreads.com/book/show/17934530-annihilation,Jeff Vandermeer,3.80,331136,https://i.gr-assets.com/images/S/compressed.photo.goodreads.com/books/1403941587i/17934530._SX50_.jpg,4,195.0,cover_865.png
The Westing Game,https://www.goodreads.com/book/show/902.The_Westing_Game,Ellen Raskin,3.98,241004,https://i.gr-assets.com/images/S/compressed.photo.goodreads.com/books/1356850909i/902._SX50_.jpg,0,182.0,cover_866.png
"The Nanny Diaries (Nanny, #1)",https://www.goodreads.com/book/show/228333.The_Nanny_Diaries,Emma McLaughlin,3.47,391609,https://i.gr-assets.com/images/S/compressed.photo.goodreads.com/books/1390018191i/228333._SY75_.jpg,0,306.0,cover_867.png
Batman: Year One,https://www.goodreads.com/book/show/59980.Batman,Frank Miller,4.25,281166,https://i.gr-assets.com/images/S/compressed.photo.goodreads.com/books/1574630214i/59980._SY75_.jpg,0,136.0,cover_868.png
"Moon Called (Mercy Thompson, #1)",https://www.goodreads.com/book/show/71811.Moon_Called,Patricia Briggs,4.14,221787,https://i.gr-assets.com/images/S/compressed.photo.goodreads.com/books/1743122298i/71811._SY75_.jpg,0,289.0,cover_869.png
"The Bear and the Nightingale (The Winternight Trilogy, #1)",https://www.goodreads.com/book/show/25489134-the-bear-and-the-nightingale,Katherine Arden,4.08,244704,https://i.gr-assets.com/images/S/compressed.photo.goodreads.com/books/1611440212i/25489134._SX50_.jpg,0,319.0,cover_870.png
"Silence (Hush, Hush, #3)",https://www.goodreads.com/book/show/10637766-silence,Becca Fitzpatrick,4.06,298174,https://i.gr-assets.com/images/S/compressed.photo.goodreads.com/books/1362408152i/10637766._SY75_.jpg,0,440.0,cover_871.png
"The Friend Zone (The Friend Zone, #1)",https://www.goodreads.com/book/show/41945163-the-friend-zone,Abby Jimenez,3.90,489970,https://i.gr-assets.com/images/S/compressed.photo.goodreads.com/books/1553782196i/41945163._SY75_.jpg,0,372.0,cover_872.png
"Assassin's Quest (Farseer Trilogy, #3)",https://www.goodreads.com/book/show/33396914-assassin-s-quest,Robin Hobb,4.22,213153,https://i.gr-assets.com/images/S/compressed.photo.goodreads.com/books/1481883253i/33396914._SY75_.jpg,0,757.0,cover_873.png
Where the Red Fern Grows,https://www.goodreads.com/book/show/10365.Where_the_Red_Fern_Grows,Wilson Rawls,4.13,450039,https://i.gr-assets.com/images/S/compressed.photo.goodreads.com/books/1518702249i/10365._SY75_.jpg,0,272.0,cover_874.png
Message in a Bottle,https://www.goodreads.com/book/show/3478.Message_in_a_Bottle,Nicholas Sparks,3.98,250883,https://i.gr-assets.com/images/S/compressed.photo.goodreads.com/books/1163789140i/3478._SY75_.jpg,0,342.0,cover_875.png
"Death on the Nile (Hercule Poirot, #18)",https://www.goodreads.com/book/show/131359.Death_on_the_Nile,Agatha Christie,4.12,322259,https://i.gr-assets.com/images/S/compressed.photo.goodreads.com/books/1486837149i/131359._SY75_.jpg,4,352.0,cover_876.png
The Wife Upstairs,https://www.goodreads.com/book/show/53137893-the-wife-upstairs,Rachel Hawkins,3.71,331849,https://i.gr-assets.com/images/S/compressed.photo.goodreads.com/books/1609506208i/53137893._SY75_.jpg,0,290.0,cover_877.png
Sophie’s World,https://www.goodreads.com/book/show/10959.Sophie_s_World,Jostein Gaarder,3.97,291039,https://i.gr-assets.com/images/S/compressed.photo.goodreads.com/books/1343459906i/10959._SY75_.jpg,0,403.0,cover_878.png
Nine Perfect Strangers,https://www.goodreads.com/book/show/39280445-nine-perfect-strangers,Liane Moriarty,3.56,492770,https://i.gr-assets.com/images/S/compressed.photo.goodreads.com/books/1529076901i/39280445._SY75_.jpg,0,453.0,cover_879.png
The Sun Is Also a Star,https://www.goodreads.com/book/show/28763485-the-sun-is-also-a-star,Nicola Yoon,3.95,364501,https://i.gr-assets.com/images/S/compressed.photo.goodreads.com/books/1459793538i/28763485._SY75_.jpg,0,344.0,cover_880.png
Cold Mountain,https://www.goodreads.com/book/show/10920.Cold_Mountain,Charles Frazier,3.89,252410,https://i.gr-assets.com/images/S/compressed.photo.goodreads.com/books/1442416348i/10920._SY75_.jpg,0,449.0,cover_881.png
"Born to Run: A Hidden Tribe, Superathletes, and the Greatest Race the World Has Never Seen",https://www.goodreads.com/book/show/6289283-born-to-run,Christopher McDougall,4.30,239592,https://i.gr-assets.com/images/S/compressed.photo.goodreads.com/books/1631519495i/6289283._SY75_.jpg,0,287.0,cover_882.png
"Murder at the Vicarage (Miss Marple, #1)",https://www.goodreads.com/book/show/16331.Murder_at_the_Vicarage,Agatha Christie,4.03,222819,https://i.gr-assets.com/images/S/compressed.photo.goodreads.com/books/1388386575i/16331._SX50_.jpg,3,288.0,cover_883.png
Inferno,https://www.goodreads.com/book/show/15645.Inferno,Dante Alighieri,4.03,212602,https://i.gr-assets.com/images/S/compressed.photo.goodreads.com/books/1520255019i/15645._SY75_.jpg,0,490.0,cover_884.png
The Invention of Wings,https://www.goodreads.com/book/show/18079776-the-invention-of-wings,Sue Monk Kidd,4.26,338490,https://i.gr-assets.com/images/S/compressed.photo.goodreads.com/books/1386699861i/18079776._SY75_.jpg,0,384.0,cover_885.png
The Haunting of Hill House,https://www.goodreads.com/book/show/89717.The_Haunting_of_Hill_House,Shirley Jackson,3.81,421188,https://i.gr-assets.com/images/S/compressed.photo.goodreads.com/books/1327871336i/89717._SY75_.jpg,3,182.0,cover_886.png
The Storyteller,https://www.goodreads.com/book/show/15753740-the-storyteller,Jodi Picoult,4.30,286309,https://i.gr-assets.com/images/S/compressed.photo.goodreads.com/books/1356328634i/15753740._SY75_.jpg,0,461.0,cover_887.png
The Hotel Nantucket,https://www.goodreads.com/book/show/59227941-the-hotel-nantucket,Elin Hilderbrand,4.05,334104,https://i.gr-assets.com/images/S/compressed.photo.goodreads.com/books/1634954735i/59227941._SY75_.jpg,0,416.0,cover_888.png
The Good Girl,https://www.goodreads.com/book/show/18812405-the-good-girl,Mary Kubica,3.80,295200,https://i.gr-assets.com/images/S/compressed.photo.goodreads.com/books/1388340126i/18812405._SY75_.jpg,0,352.0,cover_889.png
"Sabriel (Abhorsen, #1)",https://www.goodreads.com/book/show/518848.Sabriel,Garth Nix,4.16,221601,https://i.gr-assets.com/images/S/compressed.photo.goodreads.com/books/1293655399i/518848._SY75_.jpg,0,496.0,cover_890.png
The Heart's Invisible Furies,https://www.goodreads.com/book/show/33253215-the-heart-s-invisible-furies,John Boyne,4.51,229595,https://i.gr-assets.com/images/S/compressed.photo.goodreads.com/books/1490803456i/33253215._SY75_.jpg,0,582.0,cover_891.png
"The Wager: A Tale of Shipwreck, Mutiny and Murder",https://www.goodreads.com/book/show/61714633-the-wager,David Grann,4.17,237901,https://i.gr-assets.com/images/S/compressed.photo.goodreads.com/books/1659407155i/61714633._SY75_.jpg,0,329.0,cover_892.png
And the Mountains Echoed,https://www.goodreads.com/book/show/16115612-and-the-mountains-echoed,Khaled Hosseini,4.08,416137,https://i.gr-assets.com/images/S/compressed.photo.goodreads.com/books/1358190204i/16115612._SY75_.jpg,0,404.0,cover_893.png
The Plague,https://www.goodreads.com/book/show/11989.The_Plague,Albert Camus,4.02,331378,https://i.gr-assets.com/images/S/compressed.photo.goodreads.com/books/1503362434i/11989._SY75_.jpg,5,308.0,cover_894.png
"The Hunger Games Trilogy Boxset (The Hunger Games, #1-3)",https://www.goodreads.com/book/show/7938275-the-hunger-games-trilogy-boxset,Suzanne Collins,4.50,238309,https://i.gr-assets.com/images/S/compressed.photo.goodreads.com/books/1360094673i/7938275._SY75_.jpg,0,1155.0,cover_895.png
Talking to Strangers: What We Should Know About the People We Don't Know,https://www.goodreads.com/book/show/43848929-talking-to-strangers,Malcolm Gladwell,4.00,343960,https://i.gr-assets.com/images/S/compressed.photo.goodreads.com/books/1549393502i/43848929._SX50_.jpg,0,388.0,cover_896.png
Along for the Ride,https://www.goodreads.com/book/show/5664985-along-for-the-ride,Sarah Dessen,4.03,213769,https://i.gr-assets.com/images/S/compressed.photo.goodreads.com/books/1479692098i/5664985._SX50_.jpg,0,383.0,cover_897.png
"Oedipus Rex (The Theban Plays, #1)",https://www.goodreads.com/book/show/1554.Oedipus_Rex,Sophocles,3.73,243298,https://i.gr-assets.com/images/S/compressed.photo.goodreads.com/books/1388182316i/1554._SY75_.jpg,0,75.0,cover_898.png
On Earth We're Briefly Gorgeous,https://www.goodreads.com/book/show/41880609-on-earth-we-re-briefly-gorgeous,Ocean Vuong,3.99,441025,https://i.gr-assets.com/images/S/compressed.photo.goodreads.com/books/1615580168i/41880609._SX50_.jpg,0,246.0,cover_899.png
"The Obelisk Gate (The Broken Earth, #2)",https://www.goodreads.com/book/show/26228034-the-obelisk-gate,N.K. Jemisin,4.28,206304,https://i.gr-assets.com/images/S/compressed.photo.goodreads.com/books/1660867781i/26228034._SY75_.jpg,0,410.0,cover_900.png
"Kiss the Girls (Alex Cross, #2)",https://www.goodreads.com/book/show/13148.Kiss_the_Girls,James Patterson,4.01,359175,https://i.gr-assets.com/images/S/compressed.photo.goodreads.com/books/1390010470i/13148._SY75_.jpg,0,481.0,cover_901.png
Wrong Place Wrong Time,https://www.goodreads.com/book/show/59947696-wrong-place-wrong-time,Gillian McAllister,3.95,497121,https://i.gr-assets.com/images/S/compressed.photo.goodreads.com/books/1659457434i/59947696._SY75_.jpg,0,416.0,cover_902.png
The Complete Grimm's Fairy Tales,https://www.goodreads.com/book/show/22917.The_Complete_Grimm_s_Fairy_Tales,Jacob Grimm,4.23,223464,https://i.gr-assets.com/images/S/compressed.photo.goodreads.com/books/1369540060i/22917._SY75_.jpg,0,880.0,cover_903.png
"Heartless Hunter (The Crimson Moth, #1)",https://www.goodreads.com/book/show/127305713-heartless-hunter,Kristen Ciccarelli,4.16,455543,https://i.gr-assets.com/images/S/compressed.photo.goodreads.com/books/1683734080i/127305713._SY75_.jpg,0,406.0,cover_904.png
"Voyager (Outlander, #3)",https://www.goodreads.com/book/show/10987.Voyager,Diana Gabaldon,4.39,337476,https://i.gr-assets.com/images/S/compressed.photo.goodreads.com/books/1483278195i/10987._SY75_.jpg,0,870.0,cover_905.png
Brain on Fire: My Month of Madness,https://www.goodreads.com/book/show/63221207-brain-on-fire,Susannah Cahalan,4.09,242878,https://i.gr-assets.com/images/S/compressed.photo.goodreads.com/books/1667594294i/63221207._SY75_.jpg,0,300.0,cover_906.png
The Night She Disappeared,https://www.goodreads.com/book/show/55922299-the-night-she-disappeared,Lisa Jewell,4.08,347928,https://i.gr-assets.com/images/S/compressed.photo.goodreads.com/books/1628703473i/55922299._SY75_.jpg,0,416.0,cover_907.png
"Zen and the Art of Motorcycle Maintenance: An Inquiry Into Values (Phaedrus, #1)",https://www.goodreads.com/book/show/629.Zen_and_the_Art_of_Motorcycle_Maintenance,Robert M. Pirsig,3.78,250162,https://i.gr-assets.com/images/S/compressed.photo.goodreads.com/books/1410136019i/629._SY75_.jpg,0,540.0,cover_908.png
The Ministry of Time,https://www.goodreads.com/book/show/199798179-the-ministry-of-time,Kaliane Bradley,3.55,265497,https://i.gr-assets.com/images/S/compressed.photo.goodreads.com/books/1716480921i/199798179._SY75_.jpg,0,339.0,cover_909.png
West with Giraffes,https://www.goodreads.com/book/show/56449476-west-with-giraffes,Lynda Rutledge,4.31,217654,https://i.gr-assets.com/images/S/compressed.photo.goodreads.com/books/1609183326i/56449476._SY75_.jpg,0,346.0,cover_910.png
The Namesake,https://www.goodreads.com/book/show/33917.The_Namesake,Jhumpa Lahiri,4.02,288988,https://i.gr-assets.com/images/S/compressed.photo.goodreads.com/books/1480106986i/33917._SY75_.jpg,0,304.0,cover_911.png
Luckiest Girl Alive,https://www.goodreads.com/book/show/22609317-luckiest-girl-alive,Jessica Knoll,3.54,261166,https://i.gr-assets.com/images/S/compressed.photo.goodreads.com/books/1425975301i/22609317._SY75_.jpg,0,338.0,cover_912.png
Start with Why: How Great Leaders Inspire Everyone to Take Action,https://www.goodreads.com/book/show/7108725-start-with-why,Simon Sinek,4.09,280708,https://i.gr-assets.com/images/S/compressed.photo.goodreads.com/books/1360936414i/7108725._SY75_.jpg,0,256.0,cover_913.png
"The Henna Artist (The Jaipur Trilogy, #1)",https://www.goodreads.com/book/show/50607466-the-henna-artist,Alka Joshi,4.18,227914,https://i.gr-assets.com/images/S/compressed.photo.goodreads.com/books/1588690086i/50607466._SX50_.jpg,0,384.0,cover_914.png
Fried Green Tomatoes at the Whistle Stop Cafe,https://www.goodreads.com/book/show/9375.Fried_Green_Tomatoes_at_the_Whistle_Stop_Cafe,Fannie Flagg,4.27,334295,https://i.gr-assets.com/images/S/compressed.photo.goodreads.com/books/1165961740i/9375._SY75_.jpg,0,416.0,cover_915.png
All Good People Here,https://www.goodreads.com/book/show/60142750-all-good-people-here,Ashley Flowers,3.82,358638,https://i.gr-assets.com/images/S/compressed.photo.goodreads.com/books/1642984407i/60142750._SY75_.jpg,0,312.0,cover_916.png
The Personal Librarian,https://www.goodreads.com/book/show/55333938-the-personal-librarian,Marie Benedict,4.04,247075,https://i.gr-assets.com/images/S/compressed.photo.goodreads.com/books/1610646708i/55333938._SY75_.jpg,0,341.0,cover_917.png
Heart the Lover,https://www.goodreads.com/book/show/228110489-heart-the-lover,Lily King,4.17,454936,https://i.gr-assets.com/images/S/compressed.photo.goodreads.com/books/1745508457i/228110489._SY75_.jpg,0,256.0,cover_918.png
"P.S. I Love You (P.S. I Love You, #1)",https://www.goodreads.com/book/show/366522.P_S_I_Love_You,Cecelia Ahern,4.04,401803,https://i.gr-assets.com/images/S/compressed.photo.goodreads.com/books/1392344536i/366522._SX50_.jpg,0,501.0,cover_919.png
The Canterbury Tales,https://www.goodreads.com/book/show/2696.The_Canterbury_Tales,Geoffrey Chaucer,3.53,241628,https://i.gr-assets.com/images/S/compressed.photo.goodreads.com/books/1261208589i/2696._SY75_.jpg,0,504.0,cover_920.png
The Starless Sea,https://www.goodreads.com/book/show/43575115-the-starless-sea,Erin Morgenstern,3.84,242280,https://i.gr-assets.com/images/S/compressed.photo.goodreads.com/books/1617715077i/43575115._SY75_.jpg,0,498.0,cover_921.png
Jonathan Strange & Mr Norrell,https://www.goodreads.com/book/show/14201.Jonathan_Strange_Mr_Norrell,Susanna Clarke,3.88,262260,https://i.gr-assets.com/images/S/compressed.photo.goodreads.com/books/1743119988i/14201._SY75_.jpg,0,1006.0,cover_922.png
Cell,https://www.goodreads.com/book/show/10567.Cell,Stephen King,3.65,241236,https://i.gr-assets.com/images/S/compressed.photo.goodreads.com/books/1432828013i/10567._SY75_.jpg,0,449.0,cover_923.png
The It Girl,https://www.goodreads.com/book/show/59345249-the-it-girl,Ruth Ware,3.84,307361,https://i.gr-assets.com/images/S/compressed.photo.goodreads.com/books/1671400977i/59345249._SY75_.jpg,0,423.0,cover_924.png
"Daughter of the Pirate King (Daughter of the Pirate King, #1)",https://www.goodreads.com/book/show/33643994-daughter-of-the-pirate-king,Tricia Levenseller,3.92,249737,https://i.gr-assets.com/images/S/compressed.photo.goodreads.com/books/1483132546i/33643994._SY75_.jpg,0,308.0,cover_925.png
"The Good Daughter (Good Daughter, #1)",https://www.goodreads.com/book/show/33230889-the-good-daughter,Karin Slaughter,4.12,266557,https://i.gr-assets.com/images/S/compressed.photo.goodreads.com/books/1502131816i/33230889._SY75_.jpg,0,519.0,cover_926.png
"Still Me (Me Before You, #3)",https://www.goodreads.com/book/show/41839602-still-me,Jojo Moyes,4.11,240124,https://i.gr-assets.com/images/S/compressed.photo.goodreads.com/books/1537058720i/41839602._SY75_.jpg,0,469.0,cover_927.png
Steppenwolf,https://www.goodreads.com/book/show/16631.Steppenwolf,Hermann Hesse,4.13,225754,https://i.gr-assets.com/images/S/compressed.photo.goodreads.com/books/1389332672i/16631._SY75_.jpg,4,256.0,cover_928.png
"Spirit Bound (Vampire Academy, #5)",https://www.goodreads.com/book/show/6479259-spirit-bound,Richelle Mead,4.32,310184,https://i.gr-assets.com/images/S/compressed.photo.goodreads.com/books/1291168967i/6479259._SY75_.jpg,0,489.0,cover_929.png
The Wind-Up Bird Chronicle,https://www.goodreads.com/book/show/11275.The_Wind_Up_Bird_Chronicle,Haruki Murakami,4.14,324873,https://i.gr-assets.com/images/S/compressed.photo.goodreads.com/books/1327872639i/11275._SY75_.jpg,0,607.0,cover_930.png
Home Is Where the Bodies Are,https://www.goodreads.com/book/show/194020321-home-is-where-the-bodies-are,Jeneva Rose,3.80,331977,https://i.gr-assets.com/images/S/compressed.photo.goodreads.com/books/1699642386i/194020321._SY75_.jpg,0,256.0,cover_931.png
Naked,https://www.goodreads.com/book/show/4138.Naked,David Sedaris,4.10,275975,https://i.gr-assets.com/images/S/compressed.photo.goodreads.com/books/1394178867i/4138._SY75_.jpg,0,304.0,cover_932.png
This is Going to Hurt: Secret Diaries of a Junior Doctor,https://www.goodreads.com/book/show/35510008-this-is-going-to-hurt,Adam Kay,4.39,342823,https://i.gr-assets.com/images/S/compressed.photo.goodreads.com/books/1498340278i/35510008._SY75_.jpg,0,285.0,cover_933.png
"The Last Devil to Die (Thursday Murder Club, #4)",https://www.goodreads.com/book/show/62226126-the-last-devil-to-die,Richard Osman,4.45,257051,https://i.gr-assets.com/images/S/compressed.photo.goodreads.com/books/1680740298i/62226126._SY75_.jpg,0,421.0,cover_934.png
Where the Heart Is,https://www.goodreads.com/book/show/5168.Where_the_Heart_Is,Billie Letts,4.04,254073,https://i.gr-assets.com/images/S/compressed.photo.goodreads.com/books/1327959469i/5168._SY75_.jpg,0,376.0,cover_935.png
"Champion (Legend, #3)",https://www.goodreads.com/book/show/14290364-champion,Marie Lu,4.30,237727,https://i.gr-assets.com/images/S/compressed.photo.goodreads.com/books/1382652310i/14290364._SY75_.jpg,0,369.0,cover_936.png
The Casual Vacancy,https://www.goodreads.com/book/show/13497818-the-casual-vacancy,J.K. Rowling,3.31,339261,https://i.gr-assets.com/images/S/compressed.photo.goodreads.com/books/1509893913i/13497818._SY75_.jpg,0,503.0,cover_937.png
Little Bee,https://www.goodreads.com/book/show/6948436-little-bee,Chris Cleave,3.72,250539,https://i.gr-assets.com/images/S/compressed.photo.goodreads.com/books/1344401905i/6948436._SY75_.jpg,0,271.0,cover_938.png
"The Outsider (Holly Gibney, #1)",https://www.goodreads.com/book/show/36124936-the-outsider,Stephen King,4.02,399180,https://i.gr-assets.com/images/S/compressed.photo.goodreads.com/books/1524596540i/36124936._SY75_.jpg,0,561.0,cover_939.png
"The Last Mrs. Parrish (Mrs. Parrish, #1)",https://www.goodreads.com/book/show/34043643-the-last-mrs-parrish,Liv Constantine,3.95,491916,https://i.gr-assets.com/images/S/compressed.photo.goodreads.com/books/1486501028i/34043643._SY75_.jpg,0,560.0,cover_940.png
The Reader,https://www.goodreads.com/book/show/101299.The_Reader,Bernhard Schlink,3.79,237607,https://i.gr-assets.com/images/S/compressed.photo.goodreads.com/books/1735039201i/101299._SY75_.jpg,0,216.0,cover_941.png
The House Across the Lake,https://www.goodreads.com/book/show/58909880-the-house-across-the-lake,Riley Sager,3.57,488117,https://i.gr-assets.com/images/S/compressed.photo.goodreads.com/books/1639618949i/58909880._SY75_.jpg,0,369.0,cover_942.png
The Republic,https://www.goodreads.com/book/show/30289.The_Republic,Plato,3.97,232411,https://i.gr-assets.com/images/S/compressed.photo.goodreads.com/books/1386925655i/30289._SY75_.jpg,0,416.0,cover_943.png
"Oryx and Crake (MaddAddam, #1)",https://www.goodreads.com/book/show/46756.Oryx_and_Crake,Margaret Atwood,4.00,294703,https://i.gr-assets.com/images/S/compressed.photo.goodreads.com/books/1668379066i/46756._SY75_.jpg,0,389.0,cover_944.png
"Carry On (Simon Snow, #1)",https://www.goodreads.com/book/show/32768522-carry-on,Rainbow Rowell,4.15,338783,https://i.gr-assets.com/images/S/compressed.photo.goodreads.com/books/1481729252i/32768522._SX50_.jpg,0,521.0,cover_945.png
"In the Garden of Beasts: Love, Terror, and an American Family in Hitler's Berlin",https://www.goodreads.com/book/show/9938498-in-the-garden-of-beasts,Erik Larson,3.90,225899,https://i.gr-assets.com/images/S/compressed.photo.goodreads.com/books/1327864303i/9938498._SY75_.jpg,0,448.0,cover_946.png
Heartless,https://www.goodreads.com/book/show/18584855-heartless,Marissa Meyer,4.08,280196,https://i.gr-assets.com/images/S/compressed.photo.goodreads.com/books/1477740245i/18584855._SY75_.jpg,0,453.0,cover_947.png
Darling Girls,https://www.goodreads.com/book/show/127280429-darling-girls,Sally Hepworth,3.98,242264,https://i.gr-assets.com/images/S/compressed.photo.goodreads.com/books/1688420257i/127280429._SY75_.jpg,0,359.0,cover_948.png
Leaving Time,https://www.goodreads.com/book/show/18816603-leaving-time,Jodi Picoult,4.00,209215,https://i.gr-assets.com/images/S/compressed.photo.goodreads.com/books/1394487223i/18816603._SY75_.jpg,0,398.0,cover_949.png
"Pretties (Uglies, #2)",https://www.goodreads.com/book/show/24768.Pretties,Scott Westerfeld,3.83,283332,https://i.gr-assets.com/images/S/compressed.photo.goodreads.com/books/1388314207i/24768._SX50_.jpg,0,370.0,cover_950.png
"The War of Two Queens (Blood and Ash, #4)",https://www.goodreads.com/book/show/57815107-the-war-of-two-queens,Jennifer L. Armentrout,4.08,338470,https://i.gr-assets.com/images/S/compressed.photo.goodreads.com/books/1635174962i/57815107._SY75_.jpg,0,628.0,cover_951.png
"Obsidian (Lux, #1)",https://www.goodreads.com/book/show/12578077-obsidian,Jennifer L. Armentrout,4.12,299422,https://i.gr-assets.com/images/S/compressed.photo.goodreads.com/books/1328275091i/12578077._SY75_.jpg,0,335.0,cover_952.png
The Underground Railroad,https://www.goodreads.com/book/show/30555488-the-underground-railroad,Colson Whitehead,4.06,458529,https://i.gr-assets.com/images/S/compressed.photo.goodreads.com/books/1493178362i/30555488._SX50_.jpg,3,306.0,cover_953.png
King Lear,https://www.goodreads.com/book/show/12938.King_Lear,William Shakespeare,3.91,243533,https://i.gr-assets.com/images/S/compressed.photo.goodreads.com/books/1331563731i/12938._SY75_.jpg,0,339.0,cover_954.png
The Hunchback of Notre-Dame,https://www.goodreads.com/book/show/30597.The_Hunchback_of_Notre_Dame,Victor Hugo,4.02,224632,https://i.gr-assets.com/images/S/compressed.photo.goodreads.com/books/1388342667i/30597._SY75_.jpg,4,510.0,cover_955.png
"The Book of Life (All Souls, #3)",https://www.goodreads.com/book/show/18892998-the-book-of-life,Deborah Harkness,4.21,224432,https://i.gr-assets.com/images/S/compressed.photo.goodreads.com/books/1391546498i/18892998._SY75_.jpg,0,564.0,cover_956.png
Truly Madly Guilty,https://www.goodreads.com/book/show/26247008-truly-madly-guilty,Liane Moriarty,3.60,322562,https://i.gr-assets.com/images/S/compressed.photo.goodreads.com/books/1491249206i/26247008._SY75_.jpg,0,432.0,cover_957.png
Dreams from My Father: A Story of Race and Inheritance,https://www.goodreads.com/book/show/88061.Dreams_from_My_Father,Barack Obama,3.94,233148,https://i.gr-assets.com/images/S/compressed.photo.goodreads.com/books/1352340675i/88061._SY75_.jpg,0,453.0,cover_958.png
Veronika Decides to Die,https://www.goodreads.com/book/show/1431.Veronika_Decides_to_Die,Paulo Coelho,3.74,248925,https://i.gr-assets.com/images/S/compressed.photo.goodreads.com/books/1348139939i/1431._SY75_.jpg,3,285.0,cover_959.png
The Kitchen House,https://www.goodreads.com/book/show/6837103-the-kitchen-house,Kathleen Grissom,4.24,311584,https://i.gr-assets.com/images/S/compressed.photo.goodreads.com/books/1463229128i/6837103._SX50_.jpg,0,369.0,cover_960.png
"A Touch of Darkness (Hades x Persephone, #1)",https://www.goodreads.com/book/show/55215339-a-touch-of-darkness,Scarlett St. Clair,3.80,448176,https://i.gr-assets.com/images/S/compressed.photo.goodreads.com/books/1611948296i/55215339._SY75_.jpg,0,379.0,cover_961.png
"Heidi (Heidi, #1-2)",https://www.goodreads.com/book/show/93.Heidi,Johanna Spyri,4.05,214797,https://i.gr-assets.com/images/S/compressed.photo.goodreads.com/books/1388462714i/93._SX50_.jpg,0,352.0,cover_962.png
"The Graham Effect (Campus Diaries, #1)",https://www.goodreads.com/book/show/123255391-the-graham-effect,Elle Kennedy,4.18,284437,https://i.gr-assets.com/images/S/compressed.photo.goodreads.com/books/1700730648i/123255391._SY75_.jpg,0,498.0,cover_963.png
The Virgin Suicides,https://www.goodreads.com/book/show/10956.The_Virgin_Suicides,Jeffrey Eugenides,3.78,438991,https://i.gr-assets.com/images/S/compressed.photo.goodreads.com/books/1319032910i/10956._SY75_.jpg,0,250.0,cover_964.png
"Oathbringer (The Stormlight Archive, #3)",https://www.goodreads.com/book/show/34002132-oathbringer,Brandon Sanderson,4.60,389903,https://i.gr-assets.com/images/S/compressed.photo.goodreads.com/books/1654573897i/34002132._SY75_.jpg,0,1248.0,cover_965.png
Journey to the Center of the Earth,https://www.goodreads.com/book/show/32829.Journey_to_the_Center_of_the_Earth,Jules Verne,3.85,232649,https://i.gr-assets.com/images/S/compressed.photo.goodreads.com/books/1389754903i/32829._SY75_.jpg,0,240.0,cover_966.png
Astrophysics for People in a Hurry,https://www.goodreads.com/book/show/32191710-astrophysics-for-people-in-a-hurry,Neil deGrasse Tyson,4.08,216063,https://i.gr-assets.com/images/S/compressed.photo.goodreads.com/books/1562761669i/32191710._SY75_.jpg,0,223.0,cover_967.png
John Adams,https://www.goodreads.com/book/show/2203.John_Adams,David McCullough,4.09,383810,https://i.gr-assets.com/images/S/compressed.photo.goodreads.com/books/1478144278i/2203._SX50_.jpg,0,751.0,cover_968.png
"Unwind (Unwind, #1)",https://www.goodreads.com/book/show/764347.Unwind,Neal Shusterman,4.17,255041,https://i.gr-assets.com/images/S/compressed.photo.goodreads.com/books/1297677706i/764347._SX50_.jpg,0,337.0,cover_969.png
"Girl, Woman, Other",https://www.goodreads.com/book/show/41081373-girl-woman-other,Bernardine Evaristo,4.25,272969,https://i.gr-assets.com/images/S/compressed.photo.goodreads.com/books/1542296262i/41081373._SY75_.jpg,0,453.0,cover_970.png
"All Systems Red (The Murderbot Diaries, #1)",https://www.goodreads.com/book/show/32758901-all-systems-red,Martha Wells,4.10,406910,https://i.gr-assets.com/images/S/compressed.photo.goodreads.com/books/1631585309i/32758901._SY75_.jpg,0,144.0,cover_971.png
"Bunny (Bunny, #1)",https://www.goodreads.com/book/show/53285047-bunny,Mona Awad,3.44,368010,https://i.gr-assets.com/images/S/compressed.photo.goodreads.com/books/1588043687i/53285047._SX50_.jpg,0,305.0,cover_972.png
"Artificial Condition (The Murderbot Diaries, #2)",https://www.goodreads.com/book/show/36223860-artificial-condition,Martha Wells,4.24,234412,https://i.gr-assets.com/images/S/compressed.photo.goodreads.com/books/1505590203i/36223860._SY75_.jpg,0,158.0,cover_973.png
"If You Tell: A True Story of Murder, Family Secrets, and the Unbreakable Bond of Sisterhood",https://www.goodreads.com/book/show/45299992-if-you-tell,Gregg Olsen,3.97,373046,https://i.gr-assets.com/images/S/compressed.photo.goodreads.com/books/1556171767i/45299992._SY75_.jpg,0,431.0,cover_974.png
"Blood Promise (Vampire Academy, #4)",https://www.goodreads.com/book/show/5996153-blood-promise,Richelle Mead,4.30,329768,https://i.gr-assets.com/images/S/compressed.photo.goodreads.com/books/1442530605i/5996153._SY75_.jpg,0,503.0,cover_975.png
Needful Things,https://www.goodreads.com/book/show/107291.Needful_Things,Stephen King,3.99,287111,https://i.gr-assets.com/images/S/compressed.photo.goodreads.com/books/1315767817i/107291._SY75_.jpg,0,790.0,cover_976.png
We Should All Be Feminists,https://www.goodreads.com/book/show/22738563-we-should-all-be-feminists,Chimamanda Ngozi Adichie,4.39,340877,https://i.gr-assets.com/images/S/compressed.photo.goodreads.com/books/1430821222i/22738563._SX50_.jpg,5,52.0,cover_977.png
The Tempest,https://www.goodreads.com/book/show/12985.The_Tempest,William Shakespeare,3.78,234192,https://i.gr-assets.com/images/S/compressed.photo.goodreads.com/books/1546081115i/12985._SY75_.jpg,0,218.0,cover_978.png
No Exit,https://www.goodreads.com/book/show/35522836-no-exit,Taylor Adams,3.97,227706,https://i.gr-assets.com/images/S/compressed.photo.goodreads.com/books/1498539883i/35522836._SY75_.jpg,0,287.0,cover_979.png
Alchemised,https://www.goodreads.com/book/show/222490389-alchemised,SenLinYu,4.30,353045,https://i.gr-assets.com/images/S/compressed.photo.goodreads.com/books/1737131981i/222490389._SY75_.jpg,0,1030.0,cover_980.png
"P.S. I Still Love You (To All the Boys I've Loved Before, #2)",https://www.goodreads.com/book/show/20698530-p-s-i-still-love-you,Jenny Han,4.00,437114,https://i.gr-assets.com/images/S/compressed.photo.goodreads.com/books/1422881430i/20698530._SY75_.jpg,0,337.0,cover_981.png
The Omnivore's Dilemma: A Natural History of Four Meals,https://www.goodreads.com/book/show/3109.The_Omnivore_s_Dilemma,Michael Pollan,4.19,212239,https://i.gr-assets.com/images/S/compressed.photo.goodreads.com/books/1393804353i/3109._SY75_.jpg,0,450.0,cover_982.png
"Losing Hope (Hopeless, #2)",https://www.goodreads.com/book/show/17340050-losing-hope,Colleen Hoover,4.09,282248,https://i.gr-assets.com/images/S/compressed.photo.goodreads.com/books/1368348507i/17340050._SY75_.jpg,0,321.0,cover_983.png
"The Knight and the Moth (The Stonewater Kingdom, #1)",https://www.goodreads.com/book/show/205335957-the-knight-and-the-moth,Rachel Gillig,4.21,270050,https://i.gr-assets.com/images/S/compressed.photo.goodreads.com/books/1729088690i/205335957._SY75_.jpg,0,385.0,cover_984.png
"Elon Musk: Tesla, SpaceX, and the Quest for a Fantastic Future",https://www.goodreads.com/book/show/25541028-elon-musk,Ashlee Vance,4.12,455311,https://i.gr-assets.com/images/S/compressed.photo.goodreads.com/books/1518291452i/25541028._SY75_.jpg,0,392.0,cover_985.png
Anansi Boys,https://www.goodreads.com/book/show/2744.Anansi_Boys,Neil Gaiman,4.04,231192,https://i.gr-assets.com/images/S/compressed.photo.goodreads.com/books/1479778049i/2744._SY75_.jpg,4,387.0,cover_986.png
"Defy Me (Shatter Me, #5)",https://www.goodreads.com/book/show/34992959-defy-me,Tahereh Mafi,4.27,396156,https://i.gr-assets.com/images/S/compressed.photo.goodreads.com/books/1548349704i/34992959._SX50_.jpg,0,357.0,cover_987.png
High Fidelity,https://www.goodreads.com/book/show/285092.High_Fidelity,Nick Hornby,3.89,219421,https://i.gr-assets.com/images/S/compressed.photo.goodreads.com/books/1327928082i/285092._SY75_.jpg,0,323.0,cover_988.png
"How the King of Elfhame Learned to Hate Stories (The Folk of the Air, #3.5)",https://www.goodreads.com/book/show/53439886-how-the-king-of-elfhame-learned-to-hate-stories,Holly Black,4.13,286186,https://i.gr-assets.com/images/S/compressed.photo.goodreads.com/books/1589827409i/53439886._SY75_.jpg,0,200.0,cover_989.png
The Huntress,https://www.goodreads.com/book/show/40245700-the-huntress,Kate Quinn,4.30,227740,https://i.gr-assets.com/images/S/compressed.photo.goodreads.com/books/1669655519i/40245700._SY75_.jpg,0,560.0,cover_990.png
The Pearl,https://www.goodreads.com/book/show/5308.The_Pearl,John Steinbeck,3.59,289157,https://i.gr-assets.com/images/S/compressed.photo.goodreads.com/books/1437234939i/5308._SY75_.jpg,4,96.0,cover_991.png
"Imagine Me (Shatter Me, #6)",https://www.goodreads.com/book/show/44054122-imagine-me,Tahereh Mafi,4.02,338122,https://i.gr-assets.com/images/S/compressed.photo.goodreads.com/books/1563815428i/44054122._SY75_.jpg,0,450.0,cover_992.png
The House in the Pines,https://www.goodreads.com/book/show/61251242-the-house-in-the-pines,Ana Reyes,3.09,205664,https://i.gr-assets.com/images/S/compressed.photo.goodreads.com/books/1672766705i/61251242._SY75_.jpg,0,321.0,cover_993.png
Variation,https://www.goodreads.com/book/show/210482187-variation,Rebecca Yarros,4.16,211667,https://i.gr-assets.com/images/S/compressed.photo.goodreads.com/books/1767732633i/210482187._SY75_.jpg,0,459.0,cover_994.png
Running with Scissors,https://www.goodreads.com/book/show/242006.Running_with_Scissors,Augusten Burroughs,3.77,407943,https://i.gr-assets.com/images/S/compressed.photo.goodreads.com/books/1690319656i/242006._SY75_.jpg,0,336.0,cover_995.png
"Good in Bed (Cannie Shapiro, #1)",https://www.goodreads.com/book/show/14748.Good_in_Bed,Jennifer Weiner,3.76,317423,https://i.gr-assets.com/images/S/compressed.photo.goodreads.com/books/1327936464i/14748._SY75_.jpg,0,376.0,cover_996.png
The New Drawing on the Right Side of the Brain,https://www.goodreads.com/book/show/627206.The_New_Drawing_on_the_Right_Side_of_the_Brain,Betty Edwards,3.87,387432,https://i.gr-assets.com/images/S/compressed.photo.goodreads.com/books/1348133732i/627206._SX50_.jpg,0,291.0,cover_997.png
Final Girls,https://www.goodreads.com/book/show/32796253-final-girls,Riley Sager,3.81,282059,https://i.gr-assets.com/images/S/compressed.photo.goodreads.com/books/1496658340i/32796253._SY75_.jpg,0,352.0,cover_998.png
"Storm Front (The Dresden Files, #1)",https://www.goodreads.com/book/show/47212.Storm_Front,Jim Butcher,3.97,390491,https://i.gr-assets.com/images/S/compressed.photo.goodreads.com/books/1572991273i/47212._SY75_.jpg,0,372.0,cover_999.png
"Slammed (Slammed, #1)",https://www.goodreads.com/book/show/13372690-slammed,Colleen Hoover,4.13,463224,https://i.gr-assets.com/images/S/compressed.photo.goodreads.com/books/1328530463i/13372690._SY75_.jpg,0,317.0,cover_1000.png
Stiff: The Curious Lives of Human Cadavers,https://www.goodreads.com/book/show/56769575-stiff,Mary Roach,4.06,248116,https://i.gr-assets.com/images/S/compressed.photo.goodreads.com/books/1625851259i/56769575._SY75_.jpg,0,320.0,cover_1001.png
The Man in the High Castle,https://www.goodreads.com/book/show/216363.The_Man_in_the_High_Castle,Philip K. Dick,3.59,243909,https://i.gr-assets.com/images/S/compressed.photo.goodreads.com/books/1448756803i/216363._SY75_.jpg,0,259.0,cover_1002.png
"Life’s Too Short (The Friend Zone, #3)",https://www.goodreads.com/book/show/54377375-life-s-too-short,Abby Jimenez,4.14,330544,https://i.gr-assets.com/images/S/compressed.photo.goodreads.com/books/1593802541i/54377375._SY75_.jpg,0,384.0,cover_1003.png
"Vera Wong's Unsolicited Advice for Murderers (Vera Wong, #1)",https://www.goodreads.com/book/show/61827543-vera-wong-s-unsolicited-advice-for-murderers,Jesse Q. Sutanto,4.01,235670,https://i.gr-assets.com/images/S/compressed.photo.goodreads.com/books/1671523771i/61827543._SY75_.jpg,0,339.0,cover_1004.png
Steal Like an Artist: 10 Things Nobody Told You About Being Creative,https://www.goodreads.com/book/show/13099738-steal-like-an-artist,Austin Kleon,3.97,350189,https://i.gr-assets.com/images/S/compressed.photo.goodreads.com/books/1404576602i/13099738._SX50_.jpg,0,160.0,cover_1005.png
"Ask for Andrea (Ask for Andrea, #1)",https://www.goodreads.com/book/show/219407654-ask-for-andrea,Noelle W. Ihli,4.07,296625,https://i.gr-assets.com/images/S/compressed.photo.goodreads.com/books/1726907884i/219407654._SY75_.jpg,0,295.0,cover_1006.png
Britt-Marie Was Here,https://www.goodreads.com/book/show/27406704-britt-marie-was-here,Fredrik Backman,4.09,212079,https://i.gr-assets.com/images/S/compressed.photo.goodreads.com/books/1460442061i/27406704._SY75_.jpg,0,324.0,cover_1007.png
We Were the Lucky Ones,https://www.goodreads.com/book/show/30267929-we-were-the-lucky-ones,Georgia Hunter,4.42,207681,https://i.gr-assets.com/images/S/compressed.photo.goodreads.com/books/1471282781i/30267929._SY75_.jpg,0,403.0,cover_1008.png
The Wind in the Willows,https://www.goodreads.com/book/show/5659.The_Wind_in_the_Willows,Kenneth Grahame,4.02,247844,https://i.gr-assets.com/images/S/compressed.photo.goodreads.com/books/1731896433i/5659._SY75_.jpg,0,197.0,cover_1009.png
The Maidens,https://www.goodreads.com/book/show/45300567-the-maidens,Alex Michaelides,3.61,466335,https://i.gr-assets.com/images/S/compressed.photo.goodreads.com/books/1608557750i/45300567._SY75_.jpg,0,337.0,cover_1010.png
"Maybe Now (Maybe, #2)",https://www.goodreads.com/book/show/42657538-maybe-now,Colleen Hoover,3.86,220309,https://i.gr-assets.com/images/S/compressed.photo.goodreads.com/books/1541746506i/42657538._SY75_.jpg,0,414.0,cover_1011.png
"Dance of Thieves (Dance of Thieves, #1)",https://www.goodreads.com/book/show/35796008-dance-of-thieves,Mary E. Pearson,4.09,208732,https://i.gr-assets.com/images/S/compressed.photo.goodreads.com/books/1505930101i/35796008._SY75_.jpg,0,512.0,cover_1012.png
"The Angel Experiment (Maximum Ride, #1)",https://www.goodreads.com/book/show/13152.The_Angel_Experiment,James Patterson,4.07,235004,https://i.gr-assets.com/images/S/compressed.photo.goodreads.com/books/1339277875i/13152._SY75_.jpg,0,445.0,cover_1013.png
It's Kind of a Funny Story,https://www.goodreads.com/book/show/248704.It_s_Kind_of_a_Funny_Story,Ned Vizzini,4.07,264506,https://i.gr-assets.com/images/S/compressed.photo.goodreads.com/books/1420629730i/248704._SX50_.jpg,0,444.0,cover_1014.png
The Measure,https://www.goodreads.com/book/show/58884736-the-measure,Nikki Erlick,3.96,416800,https://i.gr-assets.com/images/S/compressed.photo.goodreads.com/books/1656427584i/58884736._SY75_.jpg,0,353.0,cover_1015.png
"The Psychology of Money: Timeless Lessons on Wealth, Greed, and Happiness",https://www.goodreads.com/book/show/41881472-the-psychology-of-money,Morgan Housel,4.27,360990,https://i.gr-assets.com/images/S/compressed.photo.goodreads.com/books/1581527774i/41881472._SY75_.jpg,0,242.0,cover_1016.png
The Lean Startup,https://www.goodreads.com/book/show/10127019-the-lean-startup,Eric Ries,4.11,373323,https://i.gr-assets.com/images/S/compressed.photo.goodreads.com/books/1629999184i/10127019._SY75_.jpg,0,299.0,cover_1017.png
"Daughter of No Worlds (The War of Lost Hearts, #1)",https://www.goodreads.com/book/show/49826643-daughter-of-no-worlds,Carissa Broadbent,4.02,244582,https://i.gr-assets.com/images/S/compressed.photo.goodreads.com/books/1577198904i/49826643._SY75_.jpg,0,520.0,cover_1018.png
"Emily Wilde's Encyclopaedia of Faeries (Emily Wilde, #1)",https://www.goodreads.com/book/show/60657589-emily-wilde-s-encyclopaedia-of-faeries,Heather Fawcett,3.95,236724,https://i.gr-assets.com/images/S/compressed.photo.goodreads.com/books/1651622856i/60657589._SY75_.jpg,0,336.0,cover_1019.png
"Evermore (The Immortals, #1)",https://www.goodreads.com/book/show/3975774-evermore,Alyson Noel,3.60,300269,https://i.gr-assets.com/images/S/compressed.photo.goodreads.com/books/1362336360i/3975774._SY75_.jpg,0,301.0,cover_1020.png
"Odd Thomas (Odd Thomas, #1)",https://www.goodreads.com/book/show/14995.Odd_Thomas,Dean Koontz,4.00,278699,https://i.gr-assets.com/images/S/compressed.photo.goodreads.com/books/1388245669i/14995._SY75_.jpg,0,446.0,cover_1021.png
"Prodigy (Legend, #2)",https://www.goodreads.com/book/show/13414446-prodigy,Marie Lu,4.22,286678,https://i.gr-assets.com/images/S/compressed.photo.goodreads.com/books/1336254717i/13414446._SY75_.jpg,0,371.0,cover_1022.png
"An Ember in the Ashes (An Ember in the Ashes, #1)",https://www.goodreads.com/book/show/27774758-an-ember-in-the-ashes,Sabaa Tahir,4.23,362457,https://i.gr-assets.com/images/S/compressed.photo.goodreads.com/books/1519425615i/27774758._SY75_.jpg,0,446.0,cover_1023.png
Convenience Store Woman,https://www.goodreads.com/book/show/38357895-convenience-store-woman,Sayaka Murata,3.66,406739,https://i.gr-assets.com/images/S/compressed.photo.goodreads.com/books/1523623053i/38357895._SY75_.jpg,3,163.0,cover_1024.png
"Sword of Destiny (The Witcher, #0.7)",https://www.goodreads.com/book/show/25454056-sword-of-destiny,Andrzej Sapkowski,4.27,233145,https://i.gr-assets.com/images/S/compressed.photo.goodreads.com/books/1671660198i/25454056._SX50_.jpg,0,405.0,cover_1025.png
"To Kill a Kingdom (Hundred Kingdoms, #1)",https://www.goodreads.com/book/show/34499221-to-kill-a-kingdom,Alexandra Christo,3.70,214033,https://i.gr-assets.com/images/S/compressed.photo.goodreads.com/books/1524322945i/34499221._SY75_.jpg,0,344.0,cover_1026.png
"Hollow City (Miss Peregrine's Peculiar Children, #2)",https://www.goodreads.com/book/show/23164983-hollow-city,Ransom Riggs,4.07,256250,https://i.gr-assets.com/images/S/compressed.photo.goodreads.com/books/1662568423i/23164983._SY75_.jpg,0,412.0,cover_1027.png
"Wallbanger (Cocktail, #1)",https://www.goodreads.com/book/show/15858248-wallbanger,Alice Clayton,3.97,212638,https://i.gr-assets.com/images/S/compressed.photo.goodreads.com/books/1352205960i/15858248._SY75_.jpg,0,384.0,cover_1028.png
"Career of Evil (Cormoran Strike, #3)",https://www.goodreads.com/book/show/40611999-career-of-evil,Robert Galbraith,4.22,235165,https://i.gr-assets.com/images/S/compressed.photo.goodreads.com/books/1529685910i/40611999._SY75_.jpg,0,609.0,cover_1029.png
The Idiot,https://www.goodreads.com/book/show/12505.The_Idiot,Fyodor Dostoevsky,4.21,230851,https://i.gr-assets.com/images/S/compressed.photo.goodreads.com/books/1657539107i/12505._SY75_.jpg,3,667.0,cover_1030.png
Want to Know a Secret?,https://www.goodreads.com/book/show/56047352-want-to-know-a-secret,Freida McFadden,3.89,300933,https://i.gr-assets.com/images/S/compressed.photo.goodreads.com/books/1609705729i/56047352._SY75_.jpg,0,398.0,cover_1031.png
The Truth About Forever,https://www.goodreads.com/book/show/51737.The_Truth_About_Forever,Sarah Dessen,4.12,227140,https://i.gr-assets.com/images/S/compressed.photo.goodreads.com/books/1362767907i/51737._SY75_.jpg,0,374.0,cover_1032.png
Lock Every Door,https://www.goodreads.com/book/show/41837243-lock-every-door,Riley Sager,3.88,327361,https://i.gr-assets.com/images/S/compressed.photo.goodreads.com/books/1540938359i/41837243._SY75_.jpg,0,381.0,cover_1033.png
"The Awakening (Zodiac Academy, #1)",https://www.goodreads.com/book/show/46261182-the-awakening,Caroline Peckham,3.82,482670,https://i.gr-assets.com/images/S/compressed.photo.goodreads.com/books/1560277389i/46261182._SY75_.jpg,0,436.0,cover_1034.png
Mr. Mercedes (Bill Hodges #1),https://www.goodreads.com/book/show/18775247-mr-mercedes,Stephen King,4.04,390685,https://i.gr-assets.com/images/S/compressed.photo.goodreads.com/books/1468705326i/18775247._SY75_.jpg,4,437.0,cover_1035.png
"Assistant to the Villain (Assistant to the Villain, #1)",https://www.goodreads.com/book/show/123257687-assistant-to-the-villain,Hannah Nicole Maehrer,3.93,395619,https://i.gr-assets.com/images/S/compressed.photo.goodreads.com/books/1702057336i/123257687._SY75_.jpg,0,342.0,cover_1036.png
"Daydream (Maple Hills, #3)",https://www.goodreads.com/book/show/199798652-daydream,Hannah Grace,3.89,262094,https://i.gr-assets.com/images/S/compressed.photo.goodreads.com/books/1749069286i/199798652._SY75_.jpg,0,433.0,cover_1037.png
"Days at the Morisaki Bookshop (Days at the Morisaki Bookshop, #1)",https://www.goodreads.com/book/show/62047992-days-at-the-morisaki-bookshop,Satoshi Yagisawa,3.63,218080,https://i.gr-assets.com/images/S/compressed.photo.goodreads.com/books/1671208761i/62047992._SY75_.jpg,0,150.0,cover_1038.png
"Pandemonium (Delirium, #2)",https://www.goodreads.com/book/show/9593911-pandemonium,Lauren Oliver,4.02,247331,https://i.gr-assets.com/images/S/compressed.photo.goodreads.com/books/1310371414i/9593911._SY75_.jpg,0,375.0,cover_1039.png
Under the Whispering Door,https://www.goodreads.com/book/show/53205888-under-the-whispering-door,T.J. Klune,4.10,340545,https://i.gr-assets.com/images/S/compressed.photo.goodreads.com/books/1652374208i/53205888._SY75_.jpg,0,376.0,cover_1040.png
"Before They Are Hanged (The First Law, #2)",https://www.goodreads.com/book/show/902715.Before_They_Are_Hanged,Joe Abercrombie,4.36,233000,https://i.gr-assets.com/images/S/compressed.photo.goodreads.com/books/1737810309i/902715._SY75_.jpg,0,580.0,cover_1041.png
"Saga, Volume 1",https://www.goodreads.com/book/show/15704307-saga-volume-1,Brian K. Vaughan,4.15,370300,https://i.gr-assets.com/images/S/compressed.photo.goodreads.com/books/1486028947i/15704307._SY75_.jpg,0,160.0,cover_1042.png
"Mort (Discworld, #4; Death, #1)",https://www.goodreads.com/book/show/386372.Mort,Terry Pratchett,4.24,280004,https://i.gr-assets.com/images/S/compressed.photo.goodreads.com/books/1388181166i/386372._SY75_.jpg,0,243.0,cover_1043.png
"Shadow of Night (All Souls, #2)",https://www.goodreads.com/book/show/11559200-shadow-of-night,Deborah Harkness,4.08,277892,https://i.gr-assets.com/images/S/compressed.photo.goodreads.com/books/1320604137i/11559200._SY75_.jpg,0,584.0,cover_1044.png
"The City of Ember (Book of Ember, #1)",https://www.goodreads.com/book/show/307791.The_City_of_Ember,Jeanne DuPrau,3.90,303883,https://i.gr-assets.com/images/S/compressed.photo.goodreads.com/books/1591616783i/307791._SX50_.jpg,0,270.0,cover_1045.png
"Winter (The Lunar Chronicles, #4)",https://www.goodreads.com/book/show/13206900-winter,Marissa Meyer,4.41,319966,https://i.gr-assets.com/images/S/compressed.photo.goodreads.com/books/1470057036i/13206900._SX50_.jpg,0,827.0,cover_1046.png
The Bluest Eye,https://www.goodreads.com/book/show/11337.The_Bluest_Eye,Toni Morrison,4.14,321087,https://i.gr-assets.com/images/S/compressed.photo.goodreads.com/books/1388208495i/11337._SX50_.jpg,0,216.0,cover_1047.png
Franny and Zooey,https://www.goodreads.com/book/show/5113.Franny_and_Zooey,J.D. Salinger,3.95,245840,https://i.gr-assets.com/images/S/compressed.photo.goodreads.com/books/1355037988i/5113._SY75_.jpg,0,201.0,cover_1048.png
Blindness,https://www.goodreads.com/book/show/40495148-blindness,José Saramago,4.19,362170,https://i.gr-assets.com/images/S/compressed.photo.goodreads.com/books/1528481068i/40495148._SY75_.jpg,5,349.0,cover_1049.png
"Things We Left Behind (Knockemout, #3)",https://www.goodreads.com/book/show/116536542-things-we-left-behind,Lucy Score,4.39,441089,https://i.gr-assets.com/images/S/compressed.photo.goodreads.com/books/1677175478i/116536542._SY75_.jpg,0,698.0,cover_1050.png
"Walking Disaster (Beautiful, #2)",https://www.goodreads.com/book/show/15745950-walking-disaster,Jamie McGuire,4.14,206065,https://i.gr-assets.com/images/S/compressed.photo.goodreads.com/books/1352338368i/15745950._SY75_.jpg,0,448.0,cover_1051.png
"Hopeless (Chestnut Springs, #5)",https://www.goodreads.com/book/show/174753697-hopeless,Elsie Silver,4.07,405832,https://i.gr-assets.com/images/S/compressed.photo.goodreads.com/books/1750538689i/174753697._SY75_.jpg,0,486.0,cover_1052.png
Sandwich,https://www.goodreads.com/book/show/200028726-sandwich,Catherine Newman,3.53,232389,https://i.gr-assets.com/images/S/compressed.photo.goodreads.com/books/1699631079i/200028726._SY75_.jpg,0,229.0,cover_1053.png
Before I Fall,https://www.goodreads.com/book/show/6482837-before-i-fall,Lauren Oliver,3.88,348613,https://i.gr-assets.com/images/S/compressed.photo.goodreads.com/books/1361044695i/6482837._SY75_.jpg,0,470.0,cover_1054.png
"The Short Second Life of Bree Tanner (The Twilight Saga, #3.5)",https://www.goodreads.com/book/show/7937462-the-short-second-life-of-bree-tanner,Stephenie Meyer,3.52,248419,https://i.gr-assets.com/images/S/compressed.photo.goodreads.com/books/1274335680i/7937462._SY75_.jpg,0,178.0,cover_1055.png
Thinner,https://www.goodreads.com/book/show/10605.Thinner,Richard Bachman,3.78,232361,https://i.gr-assets.com/images/S/compressed.photo.goodreads.com/books/1554308961i/10605._SY75_.jpg,0,320.0,cover_1056.png
"Persepolis: The Story of a Childhood (Persepolis, #1)",https://www.goodreads.com/book/show/9516.Persepolis,Marjane Satrapi,4.27,240448,https://i.gr-assets.com/images/S/compressed.photo.goodreads.com/books/1425871473i/9516._SX50_.jpg,0,153.0,cover_1057.png
Can't Hurt Me: Master Your Mind and Defy the Odds,https://www.goodreads.com/book/show/41721428-can-t-hurt-me,David Goggins,4.30,332647,https://i.gr-assets.com/images/S/compressed.photo.goodreads.com/books/1536184191i/41721428._SY75_.jpg,0,366.0,cover_1058.png
Five Survive,https://www.goodreads.com/book/show/61313902-five-survive,Holly Jackson,4.07,313419,https://i.gr-assets.com/images/S/compressed.photo.goodreads.com/books/1664370443i/61313902._SY75_.jpg,0,391.0,cover_1059.png
"The Reckoning (Zodiac Academy, #3)",https://www.goodreads.com/book/show/49551172-the-reckoning,Caroline Peckham,4.33,364476,https://i.gr-assets.com/images/S/compressed.photo.goodreads.com/books/1763396015i/49551172._SY75_.jpg,0,562.0,cover_1060.png
State of Wonder,https://www.goodreads.com/book/show/9118135-state-of-wonder,Ann Patchett,3.91,208455,https://i.gr-assets.com/images/S/compressed.photo.goodreads.com/books/1454428541i/9118135._SY75_.jpg,2,353.0,cover_1061.png
Joy of Cooking,https://www.goodreads.com/book/show/43822015-joy-of-cooking,Irma S. Rombauer,4.12,202822,https://i.gr-assets.com/images/S/compressed.photo.goodreads.com/books/1671575793i/43822015._SX50_.jpg,0,1200.0,cover_1062.png
"Hatchet (Brian's Saga, #1)",https://www.goodreads.com/book/show/50.Hatchet,Gary Paulsen,3.80,464889,https://i.gr-assets.com/images/S/compressed.photo.goodreads.com/books/1385297074i/50._SX50_.jpg,0,208.0,cover_1063.png
"Doctor Sleep (The Shining, #2)",https://www.goodreads.com/book/show/16130549-doctor-sleep,Stephen King,4.13,307401,https://i.gr-assets.com/images/S/compressed.photo.goodreads.com/books/1510335480i/16130549._SY75_.jpg,0,531.0,cover_1064.png
Sea of Tranquility,https://www.goodreads.com/book/show/58446227-sea-of-tranquility,Emily St. John Mandel,4.04,313995,https://i.gr-assets.com/images/S/compressed.photo.goodreads.com/books/1626710416i/58446227._SX50_.jpg,5,259.0,cover_1065.png
The Extraordinary Life of Sam Hell,https://www.goodreads.com/book/show/35995489-the-extraordinary-life-of-sam-hell,Robert Dugoni,4.45,254113,https://i.gr-assets.com/images/S/compressed.photo.goodreads.com/books/1510251600i/35995489._SY75_.jpg,0,448.0,cover_1066.png
The Intruder,https://www.goodreads.com/book/show/231819058-the-intruder,Freida McFadden,3.88,500780,https://i.gr-assets.com/images/S/compressed.photo.goodreads.com/books/1747844349i/231819058._SY75_.jpg,0,279.0,cover_1067.png
Neuromancer (Sprawl #1),https://www.goodreads.com/book/show/888628.Neuromancer,William Gibson,3.89,377968,https://i.gr-assets.com/images/S/compressed.photo.goodreads.com/books/1281419771i/888628._SY75_.jpg,0,278.0,cover_1068.png
"""Surely You're Joking, Mr. Feynman!"": Adventures of a Curious Character",https://www.goodreads.com/book/show/35167685-surely-you-re-joking-mr-feynman,Richard P. Feynman,4.26,222935,https://i.gr-assets.com/images/S/compressed.photo.goodreads.com/books/1504936953i/35167685._SX50_.jpg,0,400.0,cover_1069.png
This Is How You Lose the Time War,https://www.goodreads.com/book/show/43352954-this-is-how-you-lose-the-time-war,Amal El-Mohtar,3.82,371632,https://i.gr-assets.com/images/S/compressed.photo.goodreads.com/books/1759084233i/43352954._SY75_.jpg,0,209.0,cover_1070.png
"The Bullet That Missed (Thursday Murder Club, #3)",https://www.goodreads.com/book/show/58957615-the-bullet-that-missed,Richard Osman,4.34,301524,https://i.gr-assets.com/images/S/compressed.photo.goodreads.com/books/1649424135i/58957615._SY75_.jpg,0,413.0,cover_1071.png
Don't Let Her Stay,https://www.goodreads.com/book/show/80830635-don-t-let-her-stay,Nicola Sanders,3.93,278611,https://i.gr-assets.com/images/S/compressed.photo.goodreads.com/books/1674147285i/80830635._SX50_.jpg,0,292.0,cover_1072.png
"Crescendo (Hush, Hush, #2)",https://www.goodreads.com/book/show/7791997-crescendo,Becca Fitzpatrick,3.97,340665,https://i.gr-assets.com/images/S/compressed.photo.goodreads.com/books/1362408146i/7791997._SY75_.jpg,0,427.0,cover_1073.png
Go Ask Alice,https://www.goodreads.com/book/show/46799.Go_Ask_Alice,Beatrice Sparks,3.73,296306,https://i.gr-assets.com/images/S/compressed.photo.goodreads.com/books/1327870536i/46799._SX50_.jpg,0,213.0,cover_1074.png
"Fall of Giants (The Century Trilogy, #1)",https://www.goodreads.com/book/show/7315573-fall-of-giants,Ken Follett,4.33,355040,https://i.gr-assets.com/images/S/compressed.photo.goodreads.com/books/1470384630i/7315573._SY75_.jpg,0,985.0,cover_1075.png
Small Great Things,https://www.goodreads.com/book/show/41021501-small-great-things,Jodi Picoult,4.36,459036,https://i.gr-assets.com/images/S/compressed.photo.goodreads.com/books/1533135682i/41021501._SX50_.jpg,0,510.0,cover_1076.png
The 4-Hour Workweek,https://www.goodreads.com/book/show/368593.The_4_Hour_Workweek,Timothy Ferriss,3.90,342313,https://i.gr-assets.com/images/S/compressed.photo.goodreads.com/books/1442957271i/368593._SY75_.jpg,0,308.0,cover_1077.png
Different Seasons,https://www.goodreads.com/book/show/39662.Different_Seasons,Stephen King,4.36,225957,https://i.gr-assets.com/images/S/compressed.photo.goodreads.com/books/1763979040i/39662._SX50_.jpg,0,560.0,cover_1078.png
The Richest Man in Babylon,https://www.goodreads.com/book/show/1052.The_Richest_Man_in_Babylon,George S. Clason,4.23,252817,https://i.gr-assets.com/images/S/compressed.photo.goodreads.com/books/1348336780i/1052._SY75_.jpg,0,194.0,cover_1079.png
The Gifts of Imperfection,https://www.goodreads.com/book/show/7015403-the-gifts-of-imperfection,Brené Brown,4.24,229981,https://i.gr-assets.com/images/S/compressed.photo.goodreads.com/books/1369092544i/7015403._SX50_.jpg,0,137.0,cover_1080.png
The White Tiger,https://www.goodreads.com/book/show/1768603.The_White_Tiger,Aravind Adiga,3.77,206477,https://i.gr-assets.com/images/S/compressed.photo.goodreads.com/books/1710937569i/1768603._SY75_.jpg,0,288.0,cover_1081.png
The Lincoln Highway,https://www.goodreads.com/book/show/57109107-the-lincoln-highway,Amor Towles,4.22,326026,https://i.gr-assets.com/images/S/compressed.photo.goodreads.com/books/1633443634i/57109107._SY75_.jpg,0,576.0,cover_1082.png
Julius Caesar,https://www.goodreads.com/book/show/13006.Julius_Caesar,William Shakespeare,3.71,225522,https://i.gr-assets.com/images/S/compressed.photo.goodreads.com/books/1631505382i/13006._SX50_.jpg,0,175.0,cover_1083.png
"Rewind It Back (Windy City, #5)",https://www.goodreads.com/book/show/216156650-rewind-it-back,Liz Tomforde,4.43,325335,https://i.gr-assets.com/images/S/compressed.photo.goodreads.com/books/1738087358i/216156650._SX50_.jpg,0,404.0,cover_1084.png
Jar of Hearts,https://www.goodreads.com/book/show/36315374-jar-of-hearts,Jennifer Hillier,4.13,246940,https://i.gr-assets.com/images/S/compressed.photo.goodreads.com/books/1508949170i/36315374._SY75_.jpg,0,311.0,cover_1085.png
"Where She Went (If I Stay, #2)",https://www.goodreads.com/book/show/8492825-where-she-went,Gayle Forman,3.96,307697,https://i.gr-assets.com/images/S/compressed.photo.goodreads.com/books/1347810457i/8492825._SX50_.jpg,0,264.0,cover_1086.png
"Perfect Chemistry (Perfect Chemistry, #1)",https://www.goodreads.com/book/show/4268157-perfect-chemistry,Simone Elkeles,4.04,264244,https://i.gr-assets.com/images/S/compressed.photo.goodreads.com/books/1439792475i/4268157._SX50_.jpg,0,368.0,cover_1087.png
"The Twilight Saga Breaking Dawn Part 1: The Official Illustrated Movie Companion (The Twilight Saga: The Official Illustrated Movie Companion, #4)",https://www.goodreads.com/book/show/11260526-the-twilight-saga-breaking-dawn-part-1,Mark Cotta Vaz,4.29,266700,https://i.gr-assets.com/images/S/compressed.photo.goodreads.com/books/1327904795i/11260526._SX50_.jpg,0,144.0,cover_1088.png
The Purpose Driven Life: What on Earth Am I Here for?,https://www.goodreads.com/book/show/56495.The_Purpose_Driven_Life,Rick Warren,3.98,297700,https://i.gr-assets.com/images/S/compressed.photo.goodreads.com/books/1440111652i/56495._SY75_.jpg,0,336.0,cover_1089.png
"The Heir (The Selection, #4)",https://www.goodreads.com/book/show/22918050-the-heir,Kiera Cass,3.62,414237,https://i.gr-assets.com/images/S/compressed.photo.goodreads.com/books/1422993526i/22918050._SY75_.jpg,0,342.0,cover_1090.png
"The Knife of Never Letting Go (Chaos Walking, #1)",https://www.goodreads.com/book/show/20758104-the-knife-of-never-letting-go,Patrick Ness,3.97,206886,https://i.gr-assets.com/images/S/compressed.photo.goodreads.com/books/1776786403i/20758104._SY75_.jpg,0,528.0,cover_1091.png
Beautiful Ugly,https://www.goodreads.com/book/show/211004123-beautiful-ugly,Alice Feeney,3.60,473456,https://i.gr-assets.com/images/S/compressed.photo.goodreads.com/books/1722587059i/211004123._SY75_.jpg,0,306.0,cover_1092.png
Horse,https://www.goodreads.com/book/show/59109077-horse,Geraldine Brooks,4.23,223337,https://i.gr-assets.com/images/S/compressed.photo.goodreads.com/books/1639948376i/59109077._SY75_.jpg,0,401.0,cover_1093.png
The Marriage Portrait,https://www.goodreads.com/book/show/60353768-the-marriage-portrait,Maggie O'Farrell,4.01,220264,https://i.gr-assets.com/images/S/compressed.photo.goodreads.com/books/1655741851i/60353768._SX50_.jpg,0,355.0,cover_1094.png
Christine,https://www.goodreads.com/book/show/10629.Christine,Stephen King,3.86,269914,https://i.gr-assets.com/images/S/compressed.photo.goodreads.com/books/1663053062i/10629._SY75_.jpg,0,360.0,cover_1095.png
"The Iron King (The Iron Fey, #1)",https://www.goodreads.com/book/show/6644117-the-iron-king,Julie Kagawa,3.87,219504,https://i.gr-assets.com/images/S/compressed.photo.goodreads.com/books/1327877670i/6644117._SY75_.jpg,0,363.0,cover_1096.png
"The Blade Itself (The First Law, #1)",https://www.goodreads.com/book/show/944073.The_Blade_Itself,Joe Abercrombie,4.22,334701,https://i.gr-assets.com/images/S/compressed.photo.goodreads.com/books/1747782133i/944073._SY75_.jpg,0,515.0,cover_1097.png
"King's Cage (Red Queen, #3)",https://www.goodreads.com/book/show/30226723-king-s-cage,Victoria Aveyard,3.87,310822,https://i.gr-assets.com/images/S/compressed.photo.goodreads.com/books/1467121158i/30226723._SY75_.jpg,0,520.0,cover_1098.png
"Midnight Sun (The Twilight Saga, #5)",https://www.goodreads.com/book/show/53287484-midnight-sun,Stephenie Meyer,3.75,334628,https://i.gr-assets.com/images/S/compressed.photo.goodreads.com/books/1588597375i/53287484._SY75_.jpg,0,662.0,cover_1099.png
We Have Always Lived in the Castle,https://www.goodreads.com/book/show/89724.We_Have_Always_Lived_in_the_Castle,Shirley Jackson,3.90,316823,https://i.gr-assets.com/images/S/compressed.photo.goodreads.com/books/1746532708i/89724._SY75_.jpg,4,152.0,cover_1100.png
One Italian Summer,https://www.goodreads.com/book/show/58438583-one-italian-summer,Rebecca Serle,3.58,316191,https://i.gr-assets.com/images/S/compressed.photo.goodreads.com/books/1626799802i/58438583._SY75_.jpg,0,255.0,cover_1101.png
Safe Haven,https://www.goodreads.com/book/show/7812659-safe-haven,Nicholas Sparks,4.22,406715,https://i.gr-assets.com/images/S/compressed.photo.goodreads.com/books/1344268800i/7812659._SY75_.jpg,0,340.0,cover_1102.png
"A Darker Shade of Magic (Shades of Magic, #1)",https://www.goodreads.com/book/show/22055262-a-darker-shade-of-magic,V.E. Schwab,4.03,445499,https://i.gr-assets.com/images/S/compressed.photo.goodreads.com/books/1758833715i/22055262._SY75_.jpg,0,400.0,cover_1103.png
"The Crown (The Selection, #5)",https://www.goodreads.com/book/show/26074181-the-crown,Kiera Cass,3.61,326142,https://i.gr-assets.com/images/S/compressed.photo.goodreads.com/books/1446759650i/26074181._SY75_.jpg,0,278.0,cover_1104.png
"The Goal (Off-Campus, #4)",https://www.goodreads.com/book/show/32315591-the-goal,Elle Kennedy,3.83,481397,https://i.gr-assets.com/images/S/compressed.photo.goodreads.com/books/1475180973i/32315591._SY75_.jpg,0,384.0,cover_1105.png
"Shield of Sparrows (Shield of Sparrows, #1)",https://www.goodreads.com/book/show/217171544-shield-of-sparrows,Devney Perry,4.37,415244,https://i.gr-assets.com/images/S/compressed.photo.goodreads.com/books/1733692549i/217171544._SY75_.jpg,0,528.0,cover_1106.png
"The Great Hunt (The Wheel of Time, #2)",https://www.goodreads.com/book/show/233649.The_Great_Hunt,Robert Jordan,4.27,366297,https://i.gr-assets.com/images/S/compressed.photo.goodreads.com/books/1659905799i/233649._SY75_.jpg,0,705.0,cover_1107.png
"The Kill Order (The Maze Runner, #4)",https://www.goodreads.com/book/show/13089710-the-kill-order,James Dashner,3.71,268023,https://i.gr-assets.com/images/S/compressed.photo.goodreads.com/books/1330636153i/13089710._SY75_.jpg,0,327.0,cover_1108.png
"The Hobbit, Part One",https://www.goodreads.com/book/show/17157681-the-hobbit-part-one,J.R.R. Tolkien,4.32,386352,https://i.gr-assets.com/images/S/compressed.photo.goodreads.com/books/1371834025i/17157681._SY75_.jpg,0,230.0,cover_1109.png
"Foundation and Empire (Foundation, #2)",https://www.goodreads.com/book/show/29581.Foundation_and_Empire,Isaac Asimov,4.22,233306,https://i.gr-assets.com/images/S/compressed.photo.goodreads.com/books/1391454612i/29581._SY75_.jpg,0,256.0,cover_1110.png
"Paint It All Red (Mindf*ck, #5)",https://www.goodreads.com/book/show/33361549-paint-it-all-red,S.T. Abby,4.54,354237,https://i.gr-assets.com/images/S/compressed.photo.goodreads.com/books/1760641948i/33361549._SY75_.jpg,0,177.0,cover_1111.png
Ways of Seeing,https://www.goodreads.com/book/show/2784.Ways_of_Seeing,John Berger,3.94,454075,https://i.gr-assets.com/images/S/compressed.photo.goodreads.com/books/1703328414i/2784._SY75_.jpg,0,176.0,cover_1112.png
Uncle Tom’s Cabin,https://www.goodreads.com/book/show/46787.Uncle_Tom_s_Cabin,Harriet Beecher Stowe,3.92,246808,https://i.gr-assets.com/images/S/compressed.photo.goodreads.com/books/1414349231i/46787._SY75_.jpg,0,438.0,cover_1113.png
"Legends & Lattes (Legends & Lattes, #1)",https://www.goodreads.com/book/show/61242426-legends-lattes,Travis Baldree,4.03,356007,https://i.gr-assets.com/images/S/compressed.photo.goodreads.com/books/1654581271i/61242426._SY75_.jpg,0,296.0,cover_1114.png
"Kingdom of the Cursed (Kingdom of the Wicked, #2)",https://www.goodreads.com/book/show/52772417-kingdom-of-the-cursed,Kerri Maniscalco,4.08,228283,https://i.gr-assets.com/images/S/compressed.photo.goodreads.com/books/1613554873i/52772417._SX50_.jpg,0,437.0,cover_1115.png
The Stopover (The Miles High Club #1),https://www.goodreads.com/book/show/224003792-the-stopover,T.L. Swan,3.99,223547,https://i.gr-assets.com/images/S/compressed.photo.goodreads.com/books/1755878240i/224003792._SY75_.jpg,0,432.0,cover_1116.png
Team of Rivals: The Political Genius of Abraham Lincoln,https://www.goodreads.com/book/show/2199.Team_of_Rivals,Doris Kearns Goodwin,4.28,204569,https://i.gr-assets.com/images/S/compressed.photo.goodreads.com/books/1676201263i/2199._SY75_.jpg,0,916.0,cover_1117.png
My Dark Vanessa,https://www.goodreads.com/book/show/44890081-my-dark-vanessa,Kate Elizabeth Russell,4.09,449730,https://i.gr-assets.com/images/S/compressed.photo.goodreads.com/books/1583447793i/44890081._SY75_.jpg,0,373.0,cover_1118.png
12 Rules for Life: An Antidote to Chaos,https://www.goodreads.com/book/show/30257963-12-rules-for-life,Jordan B. Peterson,3.90,276984,https://i.gr-assets.com/images/S/compressed.photo.goodreads.com/books/1512705866i/30257963._SY75_.jpg,0,409.0,cover_1119.png
A Room of One’s Own,https://www.goodreads.com/book/show/18521.A_Room_of_One_s_Own,Virginia Woolf,4.22,279562,https://i.gr-assets.com/images/S/compressed.photo.goodreads.com/books/1327883012i/18521._SY75_.jpg,0,112.0,cover_1120.png
"The Butterfly Garden (The Collector, #1)",https://www.goodreads.com/book/show/29981261-the-butterfly-garden,Dot Hutchison,4.08,316694,https://i.gr-assets.com/images/S/compressed.photo.goodreads.com/books/1461392121i/29981261._SX50_.jpg,0,280.0,cover_1121.png
"The Happy Ever After Playlist (The Friend Zone, #2)",https://www.goodreads.com/book/show/50208350-the-happy-ever-after-playlist,Abby Jimenez,4.17,376636,https://i.gr-assets.com/images/S/compressed.photo.goodreads.com/books/1565190701l/50208350._SX50_SY75_.jpg,0,401.0,cover_1122.png
The Briar Club,https://www.goodreads.com/book/show/181110045-the-briar-club,Kate Quinn,4.27,324807,https://i.gr-assets.com/images/S/compressed.photo.goodreads.com/books/1703605988i/181110045._SY75_.jpg,0,432.0,cover_1123.png
Fairy Tale,https://www.goodreads.com/book/show/60177373-fairy-tale,Stephen King,4.08,355943,https://i.gr-assets.com/images/S/compressed.photo.goodreads.com/books/1647789287i/60177373._SY75_.jpg,0,607.0,cover_1124.png
Something in the Water,https://www.goodreads.com/book/show/36388243-something-in-the-water,Catherine Steadman,3.54,245932,https://i.gr-assets.com/images/S/compressed.photo.goodreads.com/books/1528120440i/36388243._SY75_.jpg,0,342.0,cover_1125.png
"Ruthless Fae (Zodiac Academy, #2)",https://www.goodreads.com/book/show/51966347-ruthless-fae,Caroline Peckham,4.19,393974,https://i.gr-assets.com/images/S/compressed.photo.goodreads.com/books/1565943045l/51966347._SX50_SY75_.jpg,0,475.0,cover_1126.png
Do Not Disturb,https://www.goodreads.com/book/show/58778536-do-not-disturb,Freida McFadden,3.89,440381,https://i.gr-assets.com/images/S/compressed.photo.goodreads.com/books/1629082970i/58778536._SY75_.jpg,0,325.0,cover_1127.png
Defending Jacob,https://www.goodreads.com/book/show/11367726-defending-jacob,William Landay,4.00,315697,https://i.gr-assets.com/images/S/compressed.photo.goodreads.com/books/1329612158i/11367726._SY75_.jpg,0,421.0,cover_1128.png
Cloud Cuckoo Land,https://www.goodreads.com/book/show/56783258-cloud-cuckoo-land,Anthony Doerr,4.24,284178,https://i.gr-assets.com/images/S/compressed.photo.goodreads.com/books/1618589128i/56783258._SY75_.jpg,0,626.0,cover_1129.png
The House on Mango Street,https://www.goodreads.com/book/show/139253.The_House_on_Mango_Street,Sandra Cisneros,3.67,249793,https://i.gr-assets.com/images/S/compressed.photo.goodreads.com/books/1348245688i/139253._SY75_.jpg,0,110.0,cover_1130.png
Good Material,https://www.goodreads.com/book/show/96177629-good-material,Dolly Alderton,3.81,283412,https://i.gr-assets.com/images/S/compressed.photo.goodreads.com/books/1694494047i/96177629._SY75_.jpg,0,345.0,cover_1131.png
"The Never King (Vicious Lost Boys, #1)",https://www.goodreads.com/book/show/59918505-the-never-king,Nikki St. Crowe,3.66,233009,https://i.gr-assets.com/images/S/compressed.photo.goodreads.com/books/1645342200i/59918505._SY75_.jpg,0,192.0,cover_1132.png
A Monster Calls,https://www.goodreads.com/book/show/25480342-a-monster-calls,Patrick Ness,4.34,296686,https://i.gr-assets.com/images/S/compressed.photo.goodreads.com/books/1430763000i/25480342._SY75_.jpg,0,237.0,cover_1133.png
"Every Day (Every Day, #1)",https://www.goodreads.com/book/show/13262783-every-day,David Levithan,3.89,246311,https://i.gr-assets.com/images/S/compressed.photo.goodreads.com/books/1356993940i/13262783._SY75_.jpg,0,322.0,cover_1134.png
The Flatshare,https://www.goodreads.com/book/show/36478784-the-flatshare,Beth O'Leary,3.98,473434,https://i.gr-assets.com/images/S/compressed.photo.goodreads.com/books/1552471375i/36478784._SY75_.jpg,0,394.0,cover_1135.png
"The Risk (Briar U, #2)",https://www.goodreads.com/book/show/41032121-the-risk,Elle Kennedy,4.20,268048,https://i.gr-assets.com/images/S/compressed.photo.goodreads.com/books/1553609225i/41032121._SX50_.jpg,0,402.0,cover_1136.png
We Used to Live Here,https://www.goodreads.com/book/show/199798006-we-used-to-live-here,Marcus Kliewer,3.58,326313,https://i.gr-assets.com/images/S/compressed.photo.goodreads.com/books/1697756012i/199798006._SY75_.jpg,0,312.0,cover_1137.png
"Killer Instinct (The Naturals, #2)",https://www.goodreads.com/book/show/20409231-killer-instinct,Jennifer Lynn Barnes,4.26,267320,https://i.gr-assets.com/images/S/compressed.photo.goodreads.com/books/1391636942i/20409231._SY75_.jpg,0,375.0,cover_1138.png
A Separate Peace,https://www.goodreads.com/book/show/5148.A_Separate_Peace,John Knowles,3.60,235994,https://i.gr-assets.com/images/S/compressed.photo.goodreads.com/books/1528860889i/5148._SY75_.jpg,0,208.0,cover_1139.png
"One of Us Is Next (One of Us Is Lying, #2)",https://www.goodreads.com/book/show/44654627-one-of-us-is-next,Karen M. McManus,3.89,300923,https://i.gr-assets.com/images/S/compressed.photo.goodreads.com/books/1558455815i/44654627._SY75_.jpg,0,377.0,cover_1140.png
Watching You,https://www.goodreads.com/book/show/38355282-watching-you,Lisa Jewell,3.86,241903,https://i.gr-assets.com/images/S/compressed.photo.goodreads.com/books/1545496322i/38355282._SY75_.jpg,0,320.0,cover_1141.png
"Shōgun (Asian Saga, #1)",https://www.goodreads.com/book/show/52382796-sh-gun,James Clavell,4.41,220333,https://i.gr-assets.com/images/S/compressed.photo.goodreads.com/books/1704385704i/52382796._SY75_.jpg,0,1152.0,cover_1142.png
"Lean In: Women, Work, and the Will to Lead",https://www.goodreads.com/book/show/16071764-lean-in,Sheryl Sandberg,3.94,270996,https://i.gr-assets.com/images/S/compressed.photo.goodreads.com/books/1630483761i/16071764._SY75_.jpg,0,217.0,cover_1143.png
"Are You There God? It’s Me, Margaret",https://www.goodreads.com/book/show/37732.Are_You_There_God_It_s_Me_Margaret,Judy Blume,3.95,260530,https://i.gr-assets.com/images/S/compressed.photo.goodreads.com/books/1388356524i/37732._SY75_.jpg,0,149.0,cover_1144.png
The Man Who Mistook His Wife for a Hat and Other Clinical Tales,https://www.goodreads.com/book/show/63697.The_Man_Who_Mistook_His_Wife_for_a_Hat_and_Other_Clinical_Tales,Oliver Sacks,4.04,253791,https://i.gr-assets.com/images/S/compressed.photo.goodreads.com/books/1447047702i/63697._SY75_.jpg,0,243.0,cover_1145.png
"Scarlet Angel (Mindf*ck, #3)",https://www.goodreads.com/book/show/33304878-scarlet-angel,S.T. Abby,4.38,358596,https://i.gr-assets.com/images/S/compressed.photo.goodreads.com/books/1760641951i/33304878._SY75_.jpg,0,139.0,cover_1146.png
The Wife Upstairs,https://www.goodreads.com/book/show/52636419-the-wife-upstairs,Freida McFadden,4.01,321090,https://i.gr-assets.com/images/S/compressed.photo.goodreads.com/books/1585383133i/52636419._SY75_.jpg,0,382.0,cover_1147.png
Under the Tuscan Sun: At Home in Italy,https://www.goodreads.com/book/show/480479.Under_the_Tuscan_Sun,Frances Mayes,3.77,331451,https://i.gr-assets.com/images/S/compressed.photo.goodreads.com/books/1320524083i/480479._SY75_.jpg,0,304.0,cover_1148.png
The Hunting Party,https://www.goodreads.com/book/show/37642030-the-hunting-party,Lucy Foley,3.59,381316,https://i.gr-assets.com/images/S/compressed.photo.goodreads.com/books/1569862373i/37642030._SY75_.jpg,0,406.0,cover_1149.png
Check & Mate,https://www.goodreads.com/book/show/60683957-check-mate,Ali Hazelwood,3.93,392859,https://i.gr-assets.com/images/S/compressed.photo.goodreads.com/books/1678378842i/60683957._SX50_.jpg,0,353.0,cover_1150.png
"Finding Cinderella (Hopeless, #2.5)",https://www.goodreads.com/book/show/18631291-finding-cinderella,Colleen Hoover,3.92,218422,https://i.gr-assets.com/images/S/compressed.photo.goodreads.com/books/1381082896i/18631291._SY75_.jpg,0,176.0,cover_1151.png
"The Dragon Republic (The Poppy War, #2)",https://www.goodreads.com/book/show/41212753-the-dragon-republic,R.F. Kuang,4.33,249595,https://i.gr-assets.com/images/S/compressed.photo.goodreads.com/books/1540305594i/41212753._SY75_.jpg,0,654.0,cover_1152.png
The Absolutely True Diary of a Part-Time Indian,https://www.goodreads.com/book/show/693208.The_Absolutely_True_Diary_of_a_Part_Time_Indian,Sherman Alexie,4.05,288564,https://i.gr-assets.com/images/S/compressed.photo.goodreads.com/books/1327908992i/693208._SY75_.jpg,0,230.0,cover_1153.png
Americanah,https://www.goodreads.com/book/show/15796700-americanah,Chimamanda Ngozi Adichie,4.31,425392,https://i.gr-assets.com/images/S/compressed.photo.goodreads.com/books/1356654499i/15796700._SX50_.jpg,4,477.0,cover_1154.png
Under the Banner of Heaven: A Story of Violent Faith,https://www.goodreads.com/book/show/10847.Under_the_Banner_of_Heaven,Jon Krakauer,4.01,231343,https://i.gr-assets.com/images/S/compressed.photo.goodreads.com/books/1356441391i/10847._SY75_.jpg,0,432.0,cover_1155.png
"Less (Arthur Less, #1)",https://www.goodreads.com/book/show/39927096-less,Andrew Sean Greer,3.62,231176,https://i.gr-assets.com/images/S/compressed.photo.goodreads.com/books/1524491811i/39927096._SY75_.jpg,3,273.0,cover_1156.png
Cleopatra and Frankenstein,https://www.goodreads.com/book/show/57693262-cleopatra-and-frankenstein,Coco Mellors,3.67,260324,https://i.gr-assets.com/images/S/compressed.photo.goodreads.com/books/1621624081i/57693262._SY75_.jpg,0,368.0,cover_1157.png
"My Sister, the Serial Killer",https://www.goodreads.com/book/show/38819868-my-sister-the-serial-killer,Oyinkan Braithwaite,3.63,377186,https://i.gr-assets.com/images/S/compressed.photo.goodreads.com/books/1523366732i/38819868._SY75_.jpg,0,226.0,cover_1158.png
"The Priory of the Orange Tree (The Roots of Chaos, #1)",https://www.goodreads.com/book/show/40275288-the-priory-of-the-orange-tree,Samantha Shannon,4.16,299219,https://i.gr-assets.com/images/S/compressed.photo.goodreads.com/books/1700221964i/40275288._SY75_.jpg,0,848.0,cover_1159.png
28 Summers,https://www.goodreads.com/book/show/52588078-28-summers,Elin Hilderbrand,4.17,297383,https://i.gr-assets.com/images/S/compressed.photo.goodreads.com/books/1572261156i/52588078._SY75_.jpg,0,432.0,cover_1160.png
Night Road,https://www.goodreads.com/book/show/8949352-night-road,Kristin Hannah,4.26,377923,https://i.gr-assets.com/images/S/compressed.photo.goodreads.com/books/1282369257i/8949352._SY75_.jpg,0,385.0,cover_1161.png
The Good Sister,https://www.goodreads.com/book/show/53137974-the-good-sister,Sally Hepworth,4.14,250066,https://i.gr-assets.com/images/S/compressed.photo.goodreads.com/books/1611556027i/53137974._SY75_.jpg,0,309.0,cover_1162.png
Everyone Here Is Lying,https://www.goodreads.com/book/show/63139946-everyone-here-is-lying,Shari Lapena,3.77,239297,https://i.gr-assets.com/images/S/compressed.photo.goodreads.com/books/1685353061i/63139946._SY75_.jpg,0,336.0,cover_1163.png
"Crossed (Matched, #2)",https://www.goodreads.com/book/show/15812814-crossed,Ally Condie,3.52,262058,https://i.gr-assets.com/images/S/compressed.photo.goodreads.com/books/1374335939i/15812814._SY75_.jpg,0,367.0,cover_1164.png
"The Maddest Obsession (Made, #2)",https://www.goodreads.com/book/show/40613322-the-maddest-obsession,Danielle Lori,4.24,258249,https://i.gr-assets.com/images/S/compressed.photo.goodreads.com/books/1552162019i/40613322._SX50_.jpg,0,333.0,cover_1165.png
"Done and Dusted (Rebel Blue Ranch, #1)",https://www.goodreads.com/book/show/123179008-done-and-dusted,Lyla Sage,3.77,327874,https://i.gr-assets.com/images/S/compressed.photo.goodreads.com/books/1677968591i/123179008._SY75_.jpg,0,356.0,cover_1166.png
Blue Sisters,https://www.goodreads.com/book/show/195430687-blue-sisters,Coco Mellors,3.90,352017,https://i.gr-assets.com/images/S/compressed.photo.goodreads.com/books/1726685281i/195430687._SY75_.jpg,0,352.0,cover_1167.png
Kindred,https://www.goodreads.com/book/show/60931.Kindred,Octavia E. Butler,4.31,293016,https://i.gr-assets.com/images/S/compressed.photo.goodreads.com/books/1339423248i/60931._SY75_.jpg,4,288.0,cover_1168.png
"Cilka's Journey (The Tattooist of Auschwitz, #2)",https://www.goodreads.com/book/show/45033931-cilka-s-journey,Heather Morris,4.40,225108,https://i.gr-assets.com/images/S/compressed.photo.goodreads.com/books/1555421893i/45033931._SY75_.jpg,0,352.0,cover_1169.png
"A Deadly Education (The Scholomance, #1)",https://www.goodreads.com/book/show/50548197-a-deadly-education,Naomi Novik,3.93,231722,https://i.gr-assets.com/images/S/compressed.photo.goodreads.com/books/1596909044i/50548197._SY75_.jpg,0,320.0,cover_1170.png
"The Cheat Sheet (The Cheat Sheet, #1)",https://www.goodreads.com/book/show/58100280-the-cheat-sheet,Sarah Adams,3.71,363577,https://i.gr-assets.com/images/S/compressed.photo.goodreads.com/books/1624094827i/58100280._SY75_.jpg,0,306.0,cover_1171.png
The Tale of Despereaux,https://www.goodreads.com/book/show/37190.The_Tale_of_Despereaux,Kate DiCamillo,4.08,218674,https://i.gr-assets.com/images/S/compressed.photo.goodreads.com/books/1412211823i/37190._SX50_.jpg,0,272.0,cover_1172.png
"Mate (Bride, #2)",https://www.goodreads.com/book/show/228256271-mate,Ali Hazelwood,4.01,313268,https://i.gr-assets.com/images/S/compressed.photo.goodreads.com/books/1761312608i/228256271._SY75_.jpg,0,450.0,cover_1173.png
The Lion Women of Tehran,https://www.goodreads.com/book/show/199798217-the-lion-women-of-tehran,Marjan Kamali,4.47,267137,https://i.gr-assets.com/images/S/compressed.photo.goodreads.com/books/1719409771i/199798217._SY75_.jpg,0,327.0,cover_1174.png
In Her Shoes,https://www.goodreads.com/book/show/14758.In_Her_Shoes,Jennifer Weiner,3.83,228509,https://i.gr-assets.com/images/S/compressed.photo.goodreads.com/books/1435252471i/14758._SY75_.jpg,0,537.0,cover_1175.png
Death of a Salesman,https://www.goodreads.com/book/show/12898.Death_of_a_Salesman,Arthur Miller,3.60,266335,https://i.gr-assets.com/images/S/compressed.photo.goodreads.com/books/1554514105i/12898._SY75_.jpg,0,144.0,cover_1176.png
Bad Blood: Secrets and Lies in a Silicon Valley Startup,https://www.goodreads.com/book/show/37976541-bad-blood,John Carreyrou,4.40,288571,https://i.gr-assets.com/images/S/compressed.photo.goodreads.com/books/1523311515i/37976541._SX50_.jpg,0,339.0,cover_1177.png
"The Fires of Heaven (The Wheel of Time, #5)",https://www.goodreads.com/book/show/13895.The_Fires_of_Heaven,Robert Jordan,4.20,218394,https://i.gr-assets.com/images/S/compressed.photo.goodreads.com/books/1327866286i/13895._SY75_.jpg,0,913.0,cover_1178.png
"Specials (Uglies, #3)",https://www.goodreads.com/book/show/24765.Specials,Scott Westerfeld,3.74,206769,https://i.gr-assets.com/images/S/compressed.photo.goodreads.com/books/1390340887i/24765._SX50_.jpg,0,384.0,cover_1179.png
"Exodus (The Ravenhood, #2)",https://www.goodreads.com/book/show/53312623-exodus,Kate Stewart,4.37,245060,https://i.gr-assets.com/images/S/compressed.photo.goodreads.com/books/1595423359i/53312623._SY75_.jpg,0,450.0,cover_1180.png
All the Ugly and Wonderful Things,https://www.goodreads.com/book/show/26114135-all-the-ugly-and-wonderful-things,Bryn Greenwood,3.96,219333,https://i.gr-assets.com/images/S/compressed.photo.goodreads.com/books/1500552983i/26114135._SY75_.jpg,0,432.0,cover_1181.png
"Glass Sword (Red Queen, #2)",https://www.goodreads.com/book/show/23174274-glass-sword,Victoria Aveyard,3.77,440926,https://i.gr-assets.com/images/S/compressed.photo.goodreads.com/books/1436460934i/23174274._SX50_.jpg,0,444.0,cover_1182.png
The Turn of the Key,https://www.goodreads.com/book/show/42080142-the-turn-of-the-key,Ruth Ware,3.90,339567,https://i.gr-assets.com/images/S/compressed.photo.goodreads.com/books/1548204800i/42080142._SY75_.jpg,0,337.0,cover_1183.png
"Neon Gods (Dark Olympus, #1)",https://www.goodreads.com/book/show/54659771-neon-gods,Katee Robert,3.68,322163,https://i.gr-assets.com/images/S/compressed.photo.goodreads.com/books/1736519119i/54659771._SY75_.jpg,0,380.0,cover_1184.png
The Southern Book Club's Guide to Slaying Vampires,https://www.goodreads.com/book/show/44074800-the-southern-book-club-s-guide-to-slaying-vampires,Grady Hendrix,3.78,335468,https://i.gr-assets.com/images/S/compressed.photo.goodreads.com/books/1584222716i/44074800._SY75_.jpg,0,410.0,cover_1185.png
"The Sanatorium (Detective Elin Warner, #1)",https://www.goodreads.com/book/show/56935099-the-sanatorium,Sarah Pearse,3.36,209384,https://i.gr-assets.com/images/S/compressed.photo.goodreads.com/books/1612344489i/56935099._SY75_.jpg,0,390.0,cover_1186.png
"The No. 1 Ladies' Detective Agency (No. 1 Ladies' Detective Agency, #1)",https://www.goodreads.com/book/show/7061.The_No_1_Ladies_Detective_Agency,Alexander McCall Smith,3.81,279462,https://i.gr-assets.com/images/S/compressed.photo.goodreads.com/books/1459953654i/7061._SY75_.jpg,0,235.0,cover_1187.png
"The Ex Hex (The Ex Hex, #1)",https://www.goodreads.com/book/show/56554626-the-ex-hex,Erin Sterling,3.46,293995,https://i.gr-assets.com/images/S/compressed.photo.goodreads.com/books/1619305366i/56554626._SY75_.jpg,0,308.0,cover_1188.png
"A Gathering of Shadows (Shades of Magic, #2)",https://www.goodreads.com/book/show/20764879-a-gathering-of-shadows,V.E. Schwab,4.18,243640,https://i.gr-assets.com/images/S/compressed.photo.goodreads.com/books/1758322185i/20764879._SY75_.jpg,0,512.0,cover_1189.png
This Summer Will Be Different,https://www.goodreads.com/book/show/197577126-this-summer-will-be-different,Carley Fortune,3.94,424783,https://i.gr-assets.com/images/S/compressed.photo.goodreads.com/books/1694006777i/197577126._SY75_.jpg,0,368.0,cover_1190.png
"Thunderhead (Arc of a Scythe, #2)",https://www.goodreads.com/book/show/33555224-thunderhead,Neal Shusterman,4.37,251354,https://i.gr-assets.com/images/S/compressed.photo.goodreads.com/books/1505658534i/33555224._SY75_.jpg,0,504.0,cover_1191.png
Den of Vipers,https://www.goodreads.com/book/show/53544752-den-of-vipers,K.A. Knight,3.65,249419,https://i.gr-assets.com/images/S/compressed.photo.goodreads.com/books/1590642046i/53544752._SX50_.jpg,0,654.0,cover_1192.png
The Good Lie,https://www.goodreads.com/book/show/56238004-the-good-lie,A.R. Torre,4.09,217070,https://i.gr-assets.com/images/S/compressed.photo.goodreads.com/books/1607579240i/56238004._SY75_.jpg,0,257.0,cover_1193.png
"Ruthless Vows (Letters of Enchantment, #2)",https://www.goodreads.com/book/show/127280062-ruthless-vows,Rebecca Ross,3.98,451606,https://i.gr-assets.com/images/S/compressed.photo.goodreads.com/books/1684911482i/127280062._SY75_.jpg,0,420.0,cover_1194.png
Writers & Lovers,https://www.goodreads.com/book/show/45289222-writers-lovers,Lily King,3.96,233561,https://i.gr-assets.com/images/S/compressed.photo.goodreads.com/books/1580228175i/45289222._SX50_.jpg,0,320.0,cover_1195.png
"The Fifth Season (The Broken Earth, #1)",https://www.goodreads.com/book/show/19161852-the-fifth-season,N.K. Jemisin,4.28,352873,https://i.gr-assets.com/images/S/compressed.photo.goodreads.com/books/1386803701i/19161852._SY75_.jpg,0,468.0,cover_1196.png
"The Alloy of Law (Mistborn, #4)",https://www.goodreads.com/book/show/10803121-the-alloy-of-law,Brandon Sanderson,4.19,311481,https://i.gr-assets.com/images/S/compressed.photo.goodreads.com/books/1442889632i/10803121._SY75_.jpg,0,325.0,cover_1197.png
"A Not So Meet Cute (Cane Brothers, #1)",https://www.goodreads.com/book/show/58995736-a-not-so-meet-cute,Meghan Quinn,4.00,288114,https://i.gr-assets.com/images/S/compressed.photo.goodreads.com/books/1634649121i/58995736._SY75_.jpg,0,404.0,cover_1198.png
The Midnight Feast,https://www.goodreads.com/book/show/199743738-the-midnight-feast,Lucy Foley,3.57,306851,https://i.gr-assets.com/images/S/compressed.photo.goodreads.com/books/1713470201i/199743738._SY75_.jpg,0,368.0,cover_1199.png
"The 5th Wave (The 5th Wave, #1)",https://www.goodreads.com/book/show/16101128-the-5th-wave,Rick Yancey,4.00,485143,https://i.gr-assets.com/images/S/compressed.photo.goodreads.com/books/1359853842i/16101128._SX50_.jpg,0,457.0,cover_1200.png
The Sun and Her Flowers,https://www.goodreads.com/book/show/35606560-the-sun-and-her-flowers,Rupi Kaur,4.07,390895,https://i.gr-assets.com/images/S/compressed.photo.goodreads.com/books/1499791446i/35606560._SY75_.jpg,0,256.0,cover_1201.png
"Pippi Longstocking (Pippi Långstrump, #1)",https://www.goodreads.com/book/show/19302.Pippi_Longstocking,Astrid Lindgren,4.15,212205,https://i.gr-assets.com/images/S/compressed.photo.goodreads.com/books/1519300455i/19302._SX50_.jpg,5,160.0,cover_1202.png
You Are a Badass: How to Stop Doubting Your Greatness and Start Living an Awesome Life,https://www.goodreads.com/book/show/15843166-you-are-a-badass,Jen Sincero,3.95,296298,https://i.gr-assets.com/images/S/compressed.photo.goodreads.com/books/1351539051i/15843166._SY75_.jpg,0,254.0,cover_1203.png
Recursion,https://www.goodreads.com/book/show/42046112-recursion,Blake Crouch,4.16,350017,https://i.gr-assets.com/images/S/compressed.photo.goodreads.com/books/1750526564i/42046112._SX50_.jpg,0,329.0,cover_1204.png
"The Sweetest Oblivion (Made, #1)",https://www.goodreads.com/book/show/39083635-the-sweetest-oblivion,Danielle Lori,4.00,404315,https://i.gr-assets.com/images/S/compressed.photo.goodreads.com/books/1528339619i/39083635._SX50_.jpg,0,384.0,cover_1205.png
Mrs. Dalloway,https://www.goodreads.com/book/show/14942.Mrs_Dalloway,Virginia Woolf,3.77,373496,https://i.gr-assets.com/images/S/compressed.photo.goodreads.com/books/1646148221i/14942._SY75_.jpg,0,194.0,cover_1206.png
Big Magic: Creative Living Beyond Fear,https://www.goodreads.com/book/show/35225693-big-magic,Elizabeth Gilbert,3.96,240534,https://i.gr-assets.com/images/S/compressed.photo.goodreads.com/books/1495760573i/35225693._SY75_.jpg,0,,cover_1207.png
Daisy Darker,https://www.goodreads.com/book/show/59808050-daisy-darker,Alice Feeney,3.76,312113,https://i.gr-assets.com/images/S/compressed.photo.goodreads.com/books/1639604124i/59808050._SY75_.jpg,0,339.0,cover_1208.png
"Death Note, Vol. 1: Boredom (Death Note, #1)",https://www.goodreads.com/book/show/13615.Death_Note_Vol_1,Tsugumi Ohba,4.47,379824,https://i.gr-assets.com/images/S/compressed.photo.goodreads.com/books/1419952134i/13615._SY75_.jpg,0,195.0,cover_1209.png
Meditations,https://www.goodreads.com/book/show/30659.Meditations,Marcus Aurelius,4.27,379414,https://i.gr-assets.com/images/S/compressed.photo.goodreads.com/books/1421618636i/30659._SY75_.jpg,0,254.0,cover_1210.png
Sometimes I Lie,https://www.goodreads.com/book/show/32326398-sometimes-i-lie,Alice Feeney,3.73,384158,https://i.gr-assets.com/images/S/compressed.photo.goodreads.com/books/1498135142i/32326398._SY75_.jpg,0,387.0,cover_1211.png
Orange Is the New Black,https://www.goodreads.com/book/show/6314763-orange-is-the-new-black,Piper Kerman,3.72,207749,https://i.gr-assets.com/images/S/compressed.photo.goodreads.com/books/1320520714i/6314763._SY75_.jpg,0,322.0,cover_1212.png
Children of Dune (Dune #3),https://www.goodreads.com/book/show/44492286-children-of-dune,Frank Herbert,3.95,268664,https://i.gr-assets.com/images/S/compressed.photo.goodreads.com/books/1564783201i/44492286._SY75_.jpg,0,609.0,cover_1213.png
"Lover Eternal (Black Dagger Brotherhood, #2)",https://www.goodreads.com/book/show/35729.Lover_Eternal,J.R. Ward,4.32,204422,https://i.gr-assets.com/images/S/compressed.photo.goodreads.com/books/1300845974i/35729._SY75_.jpg,0,441.0,cover_1214.png
"La Vérité sur l'Affaire Harry Quebert (Marcus Goldman, #1)",https://www.goodreads.com/book/show/16033842-la-v-rit-sur-l-affaire-harry-quebert,Joël Dicker,4.20,261345,https://i.gr-assets.com/images/S/compressed.photo.goodreads.com/books/1347987605i/16033842._SX50_.jpg,0,863.0,cover_1215.png
Good to Great: Why Some Companies Make the Leap... and Others Don't,https://www.goodreads.com/book/show/76865.Good_to_Great,Jim Collins,4.12,310893,https://i.gr-assets.com/images/S/compressed.photo.goodreads.com/books/1546097703i/76865._SY75_.jpg,0,300.0,cover_1216.png
Know My Name,https://www.goodreads.com/book/show/50196744-know-my-name,Chanel Miller,4.67,273463,https://i.gr-assets.com/images/S/compressed.photo.goodreads.com/books/1567612158l/50196744._SX50_SY75_.jpg,0,384.0,cover_1217.png
The Heaven & Earth Grocery Store,https://www.goodreads.com/book/show/65678550-the-heaven-earth-grocery-store,James McBride,3.90,341269,https://i.gr-assets.com/images/S/compressed.photo.goodreads.com/books/1685350945i/65678550._SY75_.jpg,0,400.0,cover_1218.png
"The Ritual (L.O.R.D.S., #1)",https://www.goodreads.com/book/show/58941251-the-ritual,Shantel Tessier,4.05,385964,https://i.gr-assets.com/images/S/compressed.photo.goodreads.com/books/1636922541i/58941251._SY75_.jpg,0,552.0,cover_1219.png
"Lightlark (Lightlark, #1)",https://www.goodreads.com/book/show/60310757-lightlark,Alex Aster,3.84,375139,https://i.gr-assets.com/images/S/compressed.photo.goodreads.com/books/1647950042i/60310757._SY75_.jpg,0,416.0,cover_1220.png
"Cursed Fates (Zodiac Academy, #5)",https://www.goodreads.com/book/show/50391615-cursed-fates,Caroline Peckham,4.30,276704,https://i.gr-assets.com/images/S/compressed.photo.goodreads.com/books/1578710951i/50391615._SY75_.jpg,0,886.0,cover_1221.png
"Forever, Interrupted",https://www.goodreads.com/book/show/16130531-forever-interrupted,Taylor Jenkins Reid,3.64,237216,https://i.gr-assets.com/images/S/compressed.photo.goodreads.com/books/1368431554i/16130531._SY75_.jpg,0,352.0,cover_1222.png
"King of Pride (Kings of Sin, #2)",https://www.goodreads.com/book/show/62994279-king-of-pride,Ana Huang,3.90,394803,https://i.gr-assets.com/images/S/compressed.photo.goodreads.com/books/1680192054i/62994279._SY75_.jpg,0,358.0,cover_1223.png
The Brief Wondrous Life of Oscar Wao,https://www.goodreads.com/book/show/297673.The_Brief_Wondrous_Life_of_Oscar_Wao,Junot Díaz,3.89,283108,https://i.gr-assets.com/images/S/compressed.photo.goodreads.com/books/1391409748i/297673._SY75_.jpg,0,335.0,cover_1224.png
"Fool Moon (The Dresden Files, #2)",https://www.goodreads.com/book/show/91477.Fool_Moon,Jim Butcher,3.97,217935,https://i.gr-assets.com/images/S/compressed.photo.goodreads.com/books/1661018595i/91477._SY75_.jpg,0,432.0,cover_1225.png
Intermezzo,https://www.goodreads.com/book/show/208931300-intermezzo,Sally Rooney,3.78,402548,https://i.gr-assets.com/images/S/compressed.photo.goodreads.com/books/1716387455i/208931300._SY75_.jpg,0,464.0,cover_1226.png
White Fang,https://www.goodreads.com/book/show/43035.White_Fang,Jack London,4.03,211559,https://i.gr-assets.com/images/S/compressed.photo.goodreads.com/books/1475878443i/43035._SX50_.jpg,4,252.0,cover_1227.png
"War Storm (Red Queen, #4)",https://www.goodreads.com/book/show/27188596-war-storm,Victoria Aveyard,3.79,214768,https://i.gr-assets.com/images/S/compressed.photo.goodreads.com/books/1510773212i/27188596._SY75_.jpg,0,662.0,cover_1228.png
When We Believed in Mermaids,https://www.goodreads.com/book/show/43717362-when-we-believed-in-mermaids,Barbara O'Neal,4.17,249673,https://i.gr-assets.com/images/S/compressed.photo.goodreads.com/books/1560378056i/43717362._SY75_.jpg,0,349.0,cover_1229.png
"Rhythm of War (The Stormlight Archive, #4)",https://www.goodreads.com/book/show/49021976-rhythm-of-war,Brandon Sanderson,4.57,265089,https://i.gr-assets.com/images/S/compressed.photo.goodreads.com/books/1599911216i/49021976._SY75_.jpg,0,1232.0,cover_1230.png
"The Christmas Tree Farm (Dream Harbor, #3)",https://www.goodreads.com/book/show/206318178-the-christmas-tree-farm,Laurie Gilmore,3.65,239878,https://i.gr-assets.com/images/S/compressed.photo.goodreads.com/books/1710859344i/206318178._SY75_.jpg,0,369.0,cover_1231.png
Strangers: A Memoir of Marriage,https://www.goodreads.com/book/show/231108670-strangers,Belle Burden,4.10,302880,https://i.gr-assets.com/images/S/compressed.photo.goodreads.com/books/1749266330i/231108670._SY75_.jpg,0,241.0,cover_1232.png
The Phantom of the Opera,https://www.goodreads.com/book/show/480204.The_Phantom_of_the_Opera,Gaston Leroux,3.96,288325,https://i.gr-assets.com/images/S/compressed.photo.goodreads.com/books/1327867727i/480204._SY75_.jpg,0,360.0,cover_1233.png
Leviathan Wakes,https://www.goodreads.com/book/show/8855321-leviathan-wakes,James S.A. Corey,4.31,337397,https://i.gr-assets.com/images/S/compressed.photo.goodreads.com/books/1411013134i/8855321._SY75_.jpg,0,561.0,cover_1234.png
"Flock (The Ravenhood, #1)",https://www.goodreads.com/book/show/40748777-flock,Kate Stewart,4.08,309714,https://i.gr-assets.com/images/S/compressed.photo.goodreads.com/books/1594825119i/40748777._SX50_.jpg,0,354.0,cover_1235.png
The 48 Laws of Power,https://www.goodreads.com/book/show/1303.The_48_Laws_of_Power,Robert Greene,4.07,243184,https://i.gr-assets.com/images/S/compressed.photo.goodreads.com/books/1694722764i/1303._SX50_.jpg,0,452.0,cover_1236.png
"The Cinnamon Bun Book Store (Dream Harbor, #2)",https://www.goodreads.com/book/show/196241667-the-cinnamon-bun-book-store,Laurie Gilmore,3.69,293996,https://i.gr-assets.com/images/S/compressed.photo.goodreads.com/books/1712087472i/196241667._SY75_.jpg,0,384.0,cover_1237.png
Plain Truth,https://www.goodreads.com/book/show/14864.Plain_Truth,Jodi Picoult,4.01,202419,https://i.gr-assets.com/images/S/compressed.photo.goodreads.com/books/1389750843i/14864._SY75_.jpg,0,416.0,cover_1238.png
"Stargirl (Stargirl, #1)",https://www.goodreads.com/book/show/22232.Stargirl,Jerry Spinelli,3.77,338791,https://i.gr-assets.com/images/S/compressed.photo.goodreads.com/books/1335947642i/22232._SX50_.jpg,0,186.0,cover_1239.png
The Soulmate Equation,https://www.goodreads.com/book/show/58438593-the-soulmate-equation,Christina Lauren,3.98,313000,https://i.gr-assets.com/images/S/compressed.photo.goodreads.com/books/1635692444i/58438593._SY75_.jpg,0,360.0,cover_1240.png
Uprooted,https://www.goodreads.com/book/show/22544764-uprooted,Naomi Novik,4.01,272932,https://i.gr-assets.com/images/S/compressed.photo.goodreads.com/books/1550135418i/22544764._SX50_.jpg,0,438.0,cover_1241.png
"The Exorcist (The Exorcist, #1)",https://www.goodreads.com/book/show/179780.The_Exorcist,William Peter Blatty,4.21,281807,https://i.gr-assets.com/images/S/compressed.photo.goodreads.com/books/1731395907i/179780._SY75_.jpg,0,385.0,cover_1242.png
The Rescue,https://www.goodreads.com/book/show/3462.The_Rescue,Nicholas Sparks,4.13,217671,https://i.gr-assets.com/images/S/compressed.photo.goodreads.com/books/1385055753i/3462._SY75_.jpg,0,339.0,cover_1243.png
The Bodyguard,https://www.goodreads.com/book/show/58724801-the-bodyguard,Katherine Center,3.93,450924,https://i.gr-assets.com/images/S/compressed.photo.goodreads.com/books/1637059607i/58724801._SY75_.jpg,0,302.0,cover_1244.png
Meet Me at the Lake,https://www.goodreads.com/book/show/61797464-meet-me-at-the-lake,Carley Fortune,3.67,418599,https://i.gr-assets.com/images/S/compressed.photo.goodreads.com/books/1664246880i/61797464._SY75_.jpg,0,336.0,cover_1245.png
"Bully (Fall Away, #1)",https://www.goodreads.com/book/show/20803953-bully,Penelope Douglas,3.83,235805,https://i.gr-assets.com/images/S/compressed.photo.goodreads.com/books/1392309572i/20803953._SY75_.jpg,0,333.0,cover_1246.png
Shantaram,https://www.goodreads.com/book/show/33600.Shantaram,Gregory David Roberts,4.28,247539,https://i.gr-assets.com/images/S/compressed.photo.goodreads.com/books/1333482282i/33600._SY75_.jpg,5,936.0,cover_1247.png
Someone Else's Shoes,https://www.goodreads.com/book/show/62971668-someone-else-s-shoes,Jojo Moyes,3.96,262158,https://i.gr-assets.com/images/S/compressed.photo.goodreads.com/books/1666822989i/62971668._SY75_.jpg,0,438.0,cover_1248.png
Does It Hurt?,https://www.goodreads.com/book/show/60034351-does-it-hurt,H.D. Carlton,3.88,286735,https://i.gr-assets.com/images/S/compressed.photo.goodreads.com/books/1655247714i/60034351._SY75_.jpg,0,432.0,cover_1249.png
Crazy Love: Overwhelmed by a Relentless God,https://www.goodreads.com/book/show/3206011-crazy-love,Francis Chan,4.16,207297,https://i.gr-assets.com/images/S/compressed.photo.goodreads.com/books/1328763220i/3206011._SY75_.jpg,0,187.0,cover_1250.png
The Rose Code,https://www.goodreads.com/book/show/53914938-the-rose-code,Kate Quinn,4.44,405124,https://i.gr-assets.com/images/S/compressed.photo.goodreads.com/books/1596553679i/53914938._SX50_.jpg,0,656.0,cover_1251.png
"All Together Dead (Sookie Stackhouse, #7)",https://www.goodreads.com/book/show/140075.All_Together_Dead,Charlaine Harris,4.05,209393,https://i.gr-assets.com/images/S/compressed.photo.goodreads.com/books/1417964062i/140075._SY75_.jpg,0,336.0,cover_1252.png
The Berry Pickers,https://www.goodreads.com/book/show/123036004-the-berry-pickers,Amanda Peters,4.07,363107,https://i.gr-assets.com/images/S/compressed.photo.goodreads.com/books/1677605623i/123036004._SX50_.jpg,0,307.0,cover_1253.png
The Anxious Generation: How the Great Rewiring of Childhood Caused an Epidemic of Mental Illness,https://www.goodreads.com/book/show/171681821-the-anxious-generation,Jonathan Haidt,4.30,218618,https://i.gr-assets.com/images/S/compressed.photo.goodreads.com/books/1711573377i/171681821._SY75_.jpg,0,385.0,cover_1254.png
If We Were Villains,https://www.goodreads.com/book/show/30319086-if-we-were-villains,M.L. Rio,4.07,440256,https://i.gr-assets.com/images/S/compressed.photo.goodreads.com/books/1480717682i/30319086._SY75_.jpg,0,354.0,cover_1255.png
The Communist Manifesto,https://www.goodreads.com/book/show/30474.The_Communist_Manifesto,Karl Marx,3.69,208861,https://i.gr-assets.com/images/S/compressed.photo.goodreads.com/books/1740105815i/30474._SY75_.jpg,0,288.0,cover_1256.png
"The Crown of Gilded Bones (Blood and Ash, #3)",https://www.goodreads.com/book/show/55240343-the-crown-of-gilded-bones,Jennifer L. Armentrout,4.15,486059,https://i.gr-assets.com/images/S/compressed.photo.goodreads.com/books/1606759553i/55240343._SX50_.jpg,0,645.0,cover_1257.png
"Guards! Guards! (Discworld, #8; City Watch, #1)",https://www.goodreads.com/book/show/64216.Guards_Guards_,Terry Pratchett,4.34,244639,https://i.gr-assets.com/images/S/compressed.photo.goodreads.com/books/1431127356i/64216._SY75_.jpg,0,376.0,cover_1258.png
The Neverending Story,https://www.goodreads.com/book/show/27712.The_Neverending_Story,Michael Ende,4.18,227048,https://i.gr-assets.com/images/S/compressed.photo.goodreads.com/books/1554230952i/27712._SY75_.jpg,0,396.0,cover_1259.png
"King of Scars (King of Scars, #1)",https://www.goodreads.com/book/show/36307634-king-of-scars,Leigh Bardugo,4.15,239077,https://i.gr-assets.com/images/S/compressed.photo.goodreads.com/books/1525110825i/36307634._SY75_.jpg,0,527.0,cover_1260.png
"Us Against You (Beartown, #2)",https://www.goodreads.com/book/show/36373463-us-against-you,Fredrik Backman,4.36,280967,https://i.gr-assets.com/images/S/compressed.photo.goodreads.com/books/1516019348i/36373463._SY75_.jpg,0,448.0,cover_1261.png
"Everyone in My Family Has Killed Someone (Ernest Cunningham, #1)",https://www.goodreads.com/book/show/60879779-everyone-in-my-family-has-killed-someone,Benjamin Stevenson,3.75,255509,https://i.gr-assets.com/images/S/compressed.photo.goodreads.com/books/1663127884i/60879779._SY75_.jpg,0,384.0,cover_1262.png
Never Split the Difference: Negotiating as if Your Life Depended on It,https://www.goodreads.com/book/show/123857637-never-split-the-difference,Chris Voss,4.33,226027,https://i.gr-assets.com/images/S/compressed.photo.goodreads.com/books/1680014152i/123857637._SY75_.jpg,0,274.0,cover_1263.png
"The Walking Dead, Vol. 1: Days Gone Bye",https://www.goodreads.com/book/show/138398.The_Walking_Dead_Vol_1,Robert Kirkman,4.27,246559,https://i.gr-assets.com/images/S/compressed.photo.goodreads.com/books/1389233242i/138398._SY75_.jpg,0,144.0,cover_1264.png
"Something Blue (Darcy & Rachel, #2)",https://www.goodreads.com/book/show/42155.Something_Blue,Emily Giffin,3.94,235016,https://i.gr-assets.com/images/S/compressed.photo.goodreads.com/books/1442612396i/42155._SY75_.jpg,0,338.0,cover_1265.png
Fast Food Nation: The Dark Side of the All-American Meal,https://www.goodreads.com/book/show/1097.Fast_Food_Nation,Eric Schlosser,3.75,206967,https://i.gr-assets.com/images/S/compressed.photo.goodreads.com/books/1554229727i/1097._SY75_.jpg,0,383.0,cover_1266.png
Giovanni’s Room,https://www.goodreads.com/book/show/406235.Giovanni_s_Room,James Baldwin,4.34,296096,https://i.gr-assets.com/images/S/compressed.photo.goodreads.com/books/1223664870i/406235._SY75_.jpg,0,178.0,cover_1267.png
"1st to Die (Women's Murder Club, #1)",https://www.goodreads.com/book/show/13137.1st_to_Die,James Patterson,4.10,365112,https://i.gr-assets.com/images/S/compressed.photo.goodreads.com/books/1522906581i/13137._SY75_.jpg,0,424.0,cover_1268.png
"Life After Life (Todd Family, #1)",https://www.goodreads.com/book/show/15790842-life-after-life,Kate Atkinson,3.78,247984,https://i.gr-assets.com/images/S/compressed.photo.goodreads.com/books/1358173808i/15790842._SY75_.jpg,0,544.0,cover_1269.png
The Things We Cannot Say,https://www.goodreads.com/book/show/40899464-the-things-we-cannot-say,Kelly Rimmer,4.54,303732,https://i.gr-assets.com/images/S/compressed.photo.goodreads.com/books/1532268231i/40899464._SY75_.jpg,0,448.0,cover_1270.png
"Say You Swear (Boys of Avix, #1)",https://www.goodreads.com/book/show/58925247-say-you-swear,Meagan Brandy,4.24,268345,https://i.gr-assets.com/images/S/compressed.photo.goodreads.com/books/1644343501i/58925247._SY75_.jpg,0,681.0,cover_1271.png
An American Marriage,https://www.goodreads.com/book/show/33590210-an-american-marriage,Tayari Jones,3.93,399375,https://i.gr-assets.com/images/S/compressed.photo.goodreads.com/books/1491493625i/33590210._SY75_.jpg,0,308.0,cover_1272.png
Homo Deus: A History of Tomorrow,https://www.goodreads.com/book/show/31138556-homo-deus,Yuval Noah Harari,4.18,295289,https://i.gr-assets.com/images/S/compressed.photo.goodreads.com/books/1468760805i/31138556._SY75_.jpg,0,450.0,cover_1273.png
"An Offer From a Gentleman (Bridgertons, #3)",https://www.goodreads.com/book/show/9408584-an-offer-from-a-gentleman,Julia Quinn,3.94,446787,https://i.gr-assets.com/images/S/compressed.photo.goodreads.com/books/1346380157i/9408584._SY75_.jpg,0,390.0,cover_1274.png
No Longer Human,https://www.goodreads.com/book/show/194746.No_Longer_Human,Osamu Dazai,3.92,285640,https://i.gr-assets.com/images/S/compressed.photo.goodreads.com/books/1422638843i/194746._SY75_.jpg,3,176.0,cover_1275.png
Margo's Got Money Troubles,https://www.goodreads.com/book/show/199534613-margo-s-got-money-troubles,Rufi Thorpe,3.82,267333,https://i.gr-assets.com/images/S/compressed.photo.goodreads.com/books/1701221812i/199534613._SY75_.jpg,0,304.0,cover_1276.png
"The Circle (The Circle, #1)",https://www.goodreads.com/book/show/18302455-the-circle,Dave Eggers,3.43,235345,https://i.gr-assets.com/images/S/compressed.photo.goodreads.com/books/1376419833i/18302455._SX50_.jpg,1,493.0,cover_1277.png
Winter Garden,https://www.goodreads.com/book/show/6668467-winter-garden,Kristin Hannah,4.28,484674,https://i.gr-assets.com/images/S/compressed.photo.goodreads.com/books/1265932201i/6668467._SY75_.jpg,0,394.0,cover_1278.png
"All the Lies (Mindf*ck, #4)",https://www.goodreads.com/book/show/33361546-all-the-lies,S.T. Abby,4.50,343026,https://i.gr-assets.com/images/S/compressed.photo.goodreads.com/books/1760641955i/33361546._SY75_.jpg,0,141.0,cover_1279.png
My Grandmother Asked Me to Tell You She's Sorry,https://www.goodreads.com/book/show/23604559-my-grandmother-asked-me-to-tell-you-she-s-sorry,Fredrik Backman,4.06,305067,https://i.gr-assets.com/images/S/compressed.photo.goodreads.com/books/1461904020i/23604559._SX50_.jpg,0,372.0,cover_1280.png
"Grey (Fifty Shades as Told by Christian, #1)",https://www.goodreads.com/book/show/25644601-grey,E.L. James,3.83,206395,https://i.gr-assets.com/images/S/compressed.photo.goodreads.com/books/1433182986i/25644601._SY75_.jpg,0,576.0,cover_1281.png
"The Family Remains (The Family Upstairs, #2)",https://www.goodreads.com/book/show/58855185-the-family-remains,Lisa Jewell,3.86,211399,https://i.gr-assets.com/images/S/compressed.photo.goodreads.com/books/1636568994i/58855185._SY75_.jpg,0,452.0,cover_1282.png
"Drums of Autumn (Outlander, #4)",https://www.goodreads.com/book/show/40909452-drums-of-autumn,Diana Gabaldon,4.36,274512,https://i.gr-assets.com/images/S/compressed.photo.goodreads.com/books/1536699977i/40909452._SY75_.jpg,0,928.0,cover_1283.png
"The Girl with All the Gifts (The Girl With All the Gifts, #1)",https://www.goodreads.com/book/show/17235026-the-girl-with-all-the-gifts,M.R. Carey,3.95,250163,https://i.gr-assets.com/images/S/compressed.photo.goodreads.com/books/1403033579i/17235026._SY75_.jpg,0,461.0,cover_1284.png
Spare,https://www.goodreads.com/book/show/62296528-spare,Prince Harry,3.83,443525,https://i.gr-assets.com/images/S/compressed.photo.goodreads.com/books/1673458354i/62296528._SY75_.jpg,0,410.0,cover_1285.png
"Flowers in the Attic (Dollanganger, #1)",https://www.goodreads.com/book/show/43448.Flowers_in_the_Attic,V.C. Andrews,3.86,246002,https://i.gr-assets.com/images/S/compressed.photo.goodreads.com/books/1327880853l/43448._SX50_SY75_.jpg,0,389.0,cover_1286.png
Before I Go to Sleep,https://www.goodreads.com/book/show/9736930-before-i-go-to-sleep,S.J. Watson,3.90,375552,https://i.gr-assets.com/images/S/compressed.photo.goodreads.com/books/1358353512i/9736930._SY75_.jpg,0,359.0,cover_1287.png
From Lukov with Love,https://www.goodreads.com/book/show/37683751-from-lukov-with-love,Mariana Zapata,4.18,294361,https://i.gr-assets.com/images/S/compressed.photo.goodreads.com/books/1514253753i/37683751._SY75_.jpg,0,493.0,cover_1288.png
Tender Is the Flesh,https://www.goodreads.com/book/show/240139608-tender-is-the-flesh,Agustina Bazterrica,3.77,469791,https://i.gr-assets.com/images/S/compressed.photo.goodreads.com/books/1755191335i/240139608._SY75_.jpg,2,209.0,cover_1289.png
Shutter Island,https://www.goodreads.com/book/show/21686.Shutter_Island,Dennis Lehane,4.14,238647,https://i.gr-assets.com/images/S/compressed.photo.goodreads.com/books/1329269081i/21686._SY75_.jpg,0,369.0,cover_1290.png
"Magnolia Parks (Magnolia Parks Universe, #1)",https://www.goodreads.com/book/show/58527403-magnolia-parks,Jessa Hastings,3.63,288093,https://i.gr-assets.com/images/S/compressed.photo.goodreads.com/books/1625926657i/58527403._SY75_.jpg,0,423.0,cover_1291.png
"Shadow Princess (Zodiac Academy, #4)",https://www.goodreads.com/book/show/53146871-shadow-princess,Caroline Peckham,4.26,313614,https://i.gr-assets.com/images/S/compressed.photo.goodreads.com/books/1570223430l/53146871._SX50_SY75_.jpg,0,724.0,cover_1292.png
Little Secrets,https://www.goodreads.com/book/show/45046683-little-secrets,Jennifer Hillier,4.20,235834,https://i.gr-assets.com/images/S/compressed.photo.goodreads.com/books/1602090696i/45046683._SY75_.jpg,0,352.0,cover_1293.png
The Diamond Eye,https://www.goodreads.com/book/show/58490567-the-diamond-eye,Kate Quinn,4.29,226340,https://i.gr-assets.com/images/S/compressed.photo.goodreads.com/books/1641777418i/58490567._SY75_.jpg,0,435.0,cover_1294.png
"Ice Planet Barbarians (Ice Planet Barbarians, #1)",https://www.goodreads.com/book/show/25128811-ice-planet-barbarians,Ruby Dixon,3.61,220659,https://i.gr-assets.com/images/S/compressed.photo.goodreads.com/books/1551411246i/25128811._SX50_.jpg,0,188.0,cover_1295.png
The Power of Now: A Guide to Spiritual Enlightenment,https://www.goodreads.com/book/show/6708.The_Power_of_Now,Eckhart Tolle,4.15,472766,https://i.gr-assets.com/images/S/compressed.photo.goodreads.com/books/1689947880i/6708._SY75_.jpg,0,229.0,cover_1296.png
Dune Messiah (Dune #2),https://www.goodreads.com/book/show/44492285-dune-messiah,Frank Herbert,3.90,441254,https://i.gr-assets.com/images/S/compressed.photo.goodreads.com/books/1577043824i/44492285._SY75_.jpg,0,336.0,cover_1297.png
"Rebel Witch (The Crimson Moth, #2)",https://www.goodreads.com/book/show/60217777-rebel-witch,Kristen Ciccarelli,4.18,299989,https://i.gr-assets.com/images/S/compressed.photo.goodreads.com/books/1713462814i/60217777._SY75_.jpg,0,458.0,cover_1298.png
"The Long Game (Game Changers, #6)",https://www.goodreads.com/book/show/220966428-the-long-game,Rachel Reid,4.51,259417,https://i.gr-assets.com/images/S/compressed.photo.goodreads.com/books/1764957862i/220966428._SY75_.jpg,0,442.0,cover_1299.png
Here One Moment,https://www.goodreads.com/book/show/208516656-here-one-moment,Liane Moriarty,3.98,323258,https://i.gr-assets.com/images/S/compressed.photo.goodreads.com/books/1721670560i/208516656._SY75_.jpg,0,512.0,cover_1300.png
Orphan Train,https://www.goodreads.com/book/show/15818107-orphan-train,Christina Baker Kline,4.20,471085,https://i.gr-assets.com/images/S/compressed.photo.goodreads.com/books/1362409483i/15818107._SY75_.jpg,0,278.0,cover_1301.png
The Year of Magical Thinking,https://www.goodreads.com/book/show/7815.The_Year_of_Magical_Thinking,Joan Didion,3.93,320669,https://i.gr-assets.com/images/S/compressed.photo.goodreads.com/books/1703310133i/7815._SY75_.jpg,0,227.0,cover_1302.png
"Wool Omnibus (Silo, #1)",https://www.goodreads.com/book/show/13453029-wool-omnibus,Hugh Howey,4.22,290988,https://i.gr-assets.com/images/S/compressed.photo.goodreads.com/books/1349614200i/13453029._SY75_.jpg,0,509.0,cover_1303.png
"Wildfire (Maple Hills, #2)",https://www.goodreads.com/book/show/101145836-wildfire,Hannah Grace,3.80,498987,https://i.gr-assets.com/images/S/compressed.photo.goodreads.com/books/1749069227i/101145836._SY75_.jpg,0,387.0,cover_1304.png
In the Likely Event,https://www.goodreads.com/book/show/127152907-in-the-likely-event,Rebecca Yarros,4.21,309373,https://i.gr-assets.com/images/S/compressed.photo.goodreads.com/books/1683338045i/127152907._SY75_.jpg,0,348.0,cover_1305.png
That's Not My Name,https://www.goodreads.com/book/show/123429195-that-s-not-my-name,Megan Lally,4.05,383319,https://i.gr-assets.com/images/S/compressed.photo.goodreads.com/books/1717940704i/123429195._SY75_.jpg,0,297.0,cover_1306.png
"Wolf Hall (Thomas Cromwell, #1)",https://www.goodreads.com/book/show/6101138-wolf-hall,Hilary Mantel,3.92,240285,https://i.gr-assets.com/images/S/compressed.photo.goodreads.com/books/1627203575i/6101138._SY75_.jpg,0,653.0,cover_1307.png
"Wizard and Glass (The Dark Tower, #4)",https://www.goodreads.com/book/show/5096.Wizard_and_Glass,Stephen King,4.27,226993,https://i.gr-assets.com/images/S/compressed.photo.goodreads.com/books/1327946510i/5096._SY75_.jpg,0,896.0,cover_1308.png
"Glint (The Plated Prisoner, #2)",https://www.goodreads.com/book/show/56530123-glint,Raven Kennedy,4.15,338426,https://i.gr-assets.com/images/S/compressed.photo.goodreads.com/books/1610111193i/56530123._SY75_.jpg,0,482.0,cover_1309.png
"Reflected in You (Crossfire, #2)",https://www.goodreads.com/book/show/13596809-reflected-in-you,Sylvia Day,4.29,368447,https://i.gr-assets.com/images/S/compressed.photo.goodreads.com/books/1477802540i/13596809._SX50_.jpg,0,338.0,cover_1310.png
"Four: A Divergent Story Collection (Divergent, #0.1-0.4)",https://www.goodreads.com/book/show/18126198-four,Veronica Roth,3.93,264534,https://i.gr-assets.com/images/S/compressed.photo.goodreads.com/books/1393687572i/18126198._SY75_.jpg,0,285.0,cover_1311.png
"A Thousand Boy Kisses (A Thousand Boy Kisses, #1)",https://www.goodreads.com/book/show/25912358-a-thousand-boy-kisses,Tillie Cole,4.03,487510,https://i.gr-assets.com/images/S/compressed.photo.goodreads.com/books/1453299050i/25912358._SX50_.jpg,0,316.0,cover_1312.png
"Leather & Lark (The Ruinous Love Trilogy, #2)",https://www.goodreads.com/book/show/127611580-leather-lark,Brynne Weaver,4.00,341557,https://i.gr-assets.com/images/S/compressed.photo.goodreads.com/books/1737671145i/127611580._SY75_.jpg,0,390.0,cover_1313.png
"The Perfect Divorce (Perfect, #2)",https://www.goodreads.com/book/show/219240806-the-perfect-divorce,Jeneva Rose,3.99,328291,https://i.gr-assets.com/images/S/compressed.photo.goodreads.com/books/1737698473i/219240806._SY75_.jpg,0,288.0,cover_1314.png
"Patriot Games (Jack Ryan, #1)",https://www.goodreads.com/book/show/32682.Patriot_Games,Tom Clancy,4.17,216156,https://i.gr-assets.com/images/S/compressed.photo.goodreads.com/books/1328007145i/32682._SY75_.jpg,0,503.0,cover_1315.png
Klara and the Sun,https://www.goodreads.com/book/show/54120408-klara-and-the-sun,Kazuo Ishiguro,3.73,473691,https://i.gr-assets.com/images/S/compressed.photo.goodreads.com/books/1603206535i/54120408._SY75_.jpg,2,303.0,cover_1316.png
"Entwined with You (Crossfire, #3)",https://www.goodreads.com/book/show/15731779-entwined-with-you,Sylvia Day,4.18,224169,https://i.gr-assets.com/images/S/compressed.photo.goodreads.com/books/1362526983i/15731779._SX50_.jpg,0,356.0,cover_1317.png
"King of Sloth (Kings of Sin, #4)",https://www.goodreads.com/book/show/75491526-king-of-sloth,Ana Huang,3.97,255562,https://i.gr-assets.com/images/S/compressed.photo.goodreads.com/books/1701973993i/75491526._SY75_.jpg,0,466.0,cover_1318.png
Girl in Pieces,https://www.goodreads.com/book/show/29236380-girl-in-pieces,Kathleen Glasgow,3.93,286961,https://i.gr-assets.com/images/S/compressed.photo.goodreads.com/books/1469509467i/29236380._SY75_.jpg,0,416.0,cover_1319.png
"Scarred (Never After, #2)",https://www.goodreads.com/book/show/63213257-scarred,Emily McIntire,3.84,225230,https://i.gr-assets.com/images/S/compressed.photo.goodreads.com/books/1667492382i/63213257._SY75_.jpg,0,416.0,cover_1320.png
"Shadows of Self (Mistborn, #5)",https://www.goodreads.com/book/show/16065004-shadows-of-self,Brandon Sanderson,4.26,225904,https://i.gr-assets.com/images/S/compressed.photo.goodreads.com/books/1659900268i/16065004._SY75_.jpg,0,376.0,cover_1321.png
The Lucky One,https://www.goodreads.com/book/show/3063499-the-lucky-one,Nicholas Sparks,4.13,378506,https://i.gr-assets.com/images/S/compressed.photo.goodreads.com/books/1420816338i/3063499._SY75_.jpg,0,326.0,cover_1322.png
Batman: The Killing Joke,https://www.goodreads.com/book/show/96358.Batman,Alan Moore,4.36,242029,https://i.gr-assets.com/images/S/compressed.photo.goodreads.com/books/1763359553i/96358._SY75_.jpg,0,50.0,cover_1323.png
Being Mortal: Medicine and What Matters in the End,https://www.goodreads.com/book/show/20696006-being-mortal,Atul Gawande,4.49,226236,https://i.gr-assets.com/images/S/compressed.photo.goodreads.com/books/1408324949i/20696006._SY75_.jpg,0,282.0,cover_1324.png
"King of Greed (Kings of Sin, #3)",https://www.goodreads.com/book/show/124943221-king-of-greed,Ana Huang,3.92,341481,https://i.gr-assets.com/images/S/compressed.photo.goodreads.com/books/1687764099i/124943221._SX50_.jpg,0,352.0,cover_1325.png
The Storied Life of A.J. Fikry,https://www.goodreads.com/book/show/18293427-the-storied-life-of-a-j-fikry,Gabrielle Zevin,4.04,375885,https://i.gr-assets.com/images/S/compressed.photo.goodreads.com/books/1404582137i/18293427._SX50_.jpg,0,260.0,cover_1326.png
The Girls,https://www.goodreads.com/book/show/26893819-the-girls,Emma Cline,3.51,251037,https://i.gr-assets.com/images/S/compressed.photo.goodreads.com/books/1492065338i/26893819._SY75_.jpg,0,355.0,cover_1327.png
"Gleam (The Plated Prisoner, #3)",https://www.goodreads.com/book/show/57214537-gleam,Raven Kennedy,4.37,311596,https://i.gr-assets.com/images/S/compressed.photo.goodreads.com/books/1614345575i/57214537._SY75_.jpg,0,681.0,cover_1328.png
Attachments,https://www.goodreads.com/book/show/8909152-attachments,Rainbow Rowell,3.86,212195,https://i.gr-assets.com/images/S/compressed.photo.goodreads.com/books/1499377988i/8909152._SY75_.jpg,0,323.0,cover_1329.png
Our Missing Hearts,https://www.goodreads.com/book/show/60149573-our-missing-hearts,Celeste Ng,3.79,219420,https://i.gr-assets.com/images/S/compressed.photo.goodreads.com/books/1664802258i/60149573._SY75_.jpg,0,335.0,cover_1330.png
"Somewhere Beyond the Sea (Cerulean Chronicles, #2)",https://www.goodreads.com/book/show/199347538-somewhere-beyond-the-sea,T.J. Klune,4.09,238345,https://i.gr-assets.com/images/S/compressed.photo.goodreads.com/books/1752528282i/199347538._SY75_.jpg,0,416.0,cover_1331.png
"Parable of the Sower (Earthseed, #1)",https://www.goodreads.com/book/show/52397.Parable_of_the_Sower,Octavia E. Butler,4.18,295050,https://i.gr-assets.com/images/S/compressed.photo.goodreads.com/books/1442169447i/52397._SY75_.jpg,5,368.0,cover_1332.png
"Finlay Donovan Is Killing It (Finlay Donovan, #1)",https://www.goodreads.com/book/show/53138099-finlay-donovan-is-killing-it,Elle Cosimano,3.98,258691,https://i.gr-assets.com/images/S/compressed.photo.goodreads.com/books/1659447956i/53138099._SY75_.jpg,0,368.0,cover_1333.png
The Power,https://www.goodreads.com/book/show/29751398-the-power,Naomi Alderman,3.75,258977,https://i.gr-assets.com/images/S/compressed.photo.goodreads.com/books/1462814013i/29751398._SY75_.jpg,3,341.0,cover_1334.png
One Last Stop,https://www.goodreads.com/book/show/54860443-one-last-stop,Casey McQuiston,3.88,297314,https://i.gr-assets.com/images/S/compressed.photo.goodreads.com/books/1598019346i/54860443._SY75_.jpg,0,418.0,cover_1335.png
Still Beating,https://www.goodreads.com/book/show/55882116-still-beating,Jennifer Hartmann,4.19,269418,https://i.gr-assets.com/images/S/compressed.photo.goodreads.com/books/1605188396i/55882116._SY75_.jpg,0,314.0,cover_1336.png
"Romancing Mister Bridgerton (Bridgertons, #4)",https://www.goodreads.com/book/show/110384.Romancing_Mister_Bridgerton,Julia Quinn,3.87,451046,https://i.gr-assets.com/images/S/compressed.photo.goodreads.com/books/1274211494i/110384._SY75_.jpg,0,370.0,cover_1337.png
Killers of the Flower Moon: The Osage Murders and the Birth of the FBI,https://www.goodreads.com/book/show/29496076-killers-of-the-flower-moon,David Grann,4.14,468949,https://i.gr-assets.com/images/S/compressed.photo.goodreads.com/books/1470699853i/29496076._SY75_.jpg,0,359.0,cover_1338.png
"The Man Who Died Twice (Thursday Murder Club, #2)",https://www.goodreads.com/book/show/55457493-the-man-who-died-twice,Richard Osman,4.34,383672,https://i.gr-assets.com/images/S/compressed.photo.goodreads.com/books/1616100048i/55457493._SY75_.jpg,0,422.0,cover_1339.png
After I Do,https://www.goodreads.com/book/show/18775359-after-i-do,Taylor Jenkins Reid,3.93,325417,https://i.gr-assets.com/images/S/compressed.photo.goodreads.com/books/1446128207i/18775359._SY75_.jpg,0,352.0,cover_1340.png
Ordinary Grace,https://www.goodreads.com/book/show/15803059-ordinary-grace,William Kent Krueger,4.27,206197,https://i.gr-assets.com/images/S/compressed.photo.goodreads.com/books/1358264094i/15803059._SY75_.jpg,0,307.0,cover_1341.png
"The Risk (Mindf*ck, #1)",https://www.goodreads.com/book/show/33131867-the-risk,S.T. Abby,4.24,433947,https://i.gr-assets.com/images/S/compressed.photo.goodreads.com/books/1760641915i/33131867._SY75_.jpg,0,132.0,cover_1342.png
Romantic Comedy,https://www.goodreads.com/book/show/62628727-romantic-comedy,Curtis Sittenfeld,3.62,253617,https://i.gr-assets.com/images/S/compressed.photo.goodreads.com/books/1679496983i/62628727._SY75_.jpg,0,309.0,cover_1343.png
"Gild (The Plated Prisoner, #1)",https://www.goodreads.com/book/show/56483061-gild,Raven Kennedy,3.62,421879,https://i.gr-assets.com/images/S/compressed.photo.goodreads.com/books/1609357436i/56483061._SY75_.jpg,0,402.0,cover_1344.png
"The Way I Used to Be (The Way I Used to Be, #1)",https://www.goodreads.com/book/show/23546634-the-way-i-used-to-be,Amber Smith,4.14,252924,https://i.gr-assets.com/images/S/compressed.photo.goodreads.com/books/1433883455i/23546634._SY75_.jpg,0,385.0,cover_1345.png
The Very Secret Society of Irregular Witches,https://www.goodreads.com/book/show/60018635-the-very-secret-society-of-irregular-witches,Sangu Mandanna,4.02,410859,https://i.gr-assets.com/images/S/compressed.photo.goodreads.com/books/1643062993i/60018635._SX50_.jpg,0,336.0,cover_1346.png
The Hunger Games: Official Illustrated Movie Companion,https://www.goodreads.com/book/show/11742691-the-hunger-games,Kate Egan,4.53,207806,https://i.gr-assets.com/images/S/compressed.photo.goodreads.com/books/1363678804i/11742691._SX50_.jpg,0,160.0,cover_1347.png
"Pucking Around (Jacksonville Rays, #1)",https://www.goodreads.com/book/show/123194693-pucking-around,Emily Rath,3.73,235759,https://i.gr-assets.com/images/S/compressed.photo.goodreads.com/books/1678142180i/123194693._SY75_.jpg,0,594.0,cover_1348.png
"Hideaway (Devil's Night, #2)",https://www.goodreads.com/book/show/29082755-hideaway,Penelope Douglas,3.99,227891,https://i.gr-assets.com/images/S/compressed.photo.goodreads.com/books/1716844122i/29082755._SY75_.jpg,0,466.0,cover_1349.png
"A Fate Inked in Blood (Saga of the Unfated, #1)",https://www.goodreads.com/book/show/165940202-a-fate-inked-in-blood,Danielle L. Jensen,3.90,206160,https://i.gr-assets.com/images/S/compressed.photo.goodreads.com/books/1690490514i/165940202._SY75_.jpg,0,419.0,cover_1350.png
"The Fiery Cross (Outlander, #5)",https://www.goodreads.com/book/show/10967.The_Fiery_Cross,Diana Gabaldon,4.26,231387,https://i.gr-assets.com/images/S/compressed.photo.goodreads.com/books/1407366842i/10967._SY75_.jpg,0,1443.0,cover_1351.png
The Surrogate Mother,https://www.goodreads.com/book/show/40893132-the-surrogate-mother,Freida McFadden,3.89,426054,https://i.gr-assets.com/images/S/compressed.photo.goodreads.com/books/1532194658i/40893132._SY75_.jpg,0,298.0,cover_1352.png
"Equal Rites (Discworld, #3; Witches, #1)",https://www.goodreads.com/book/show/34507.Equal_Rites,Terry Pratchett,4.07,205561,https://i.gr-assets.com/images/S/compressed.photo.goodreads.com/books/1407706800i/34507._SY75_.jpg,0,228.0,cover_1353.png
"Harry Potter and the Order of the Phoenix (Harry Potter, #5, Part 1)",https://www.goodreads.com/book/show/1317181.Harry_Potter_and_the_Order_of_the_Phoenix,J.K. Rowling,4.60,317820,https://i.gr-assets.com/images/S/compressed.photo.goodreads.com/books/1182710609i/1317181._SX50_.jpg,0,412.0,cover_1354.png
"Olive Kitteridge (Olive Kitteridge, #1)",https://www.goodreads.com/book/show/1736739.Olive_Kitteridge,Elizabeth Strout,3.86,280026,https://i.gr-assets.com/images/S/compressed.photo.goodreads.com/books/1320430655i/1736739._SY75_.jpg,0,270.0,cover_1355.png
City of Girls,https://www.goodreads.com/book/show/42135029-city-of-girls,Elizabeth Gilbert,4.04,331288,https://i.gr-assets.com/images/S/compressed.photo.goodreads.com/books/1545498817i/42135029._SY75_.jpg,0,470.0,cover_1356.png
"World Without End (Kingsbridge, #2)",https://www.goodreads.com/book/show/5064.World_Without_End,Ken Follett,4.33,283857,https://i.gr-assets.com/images/S/compressed.photo.goodreads.com/books/1509545511i/5064._SY75_.jpg,0,1237.0,cover_1357.png
No Country for Old Men,https://www.goodreads.com/book/show/23515727-no-country-for-old-men,Cormac McCarthy,4.17,267286,https://i.gr-assets.com/images/S/compressed.photo.goodreads.com/books/1740778210i/23515727._SY75_.jpg,0,309.0,cover_1358.png
"The Will of the Many (Hierarchy, #1)",https://www.goodreads.com/book/show/58416952-the-will-of-the-many,James Islington,4.57,281738,https://i.gr-assets.com/images/S/compressed.photo.goodreads.com/books/1670363463i/58416952._SX50_.jpg,0,640.0,cover_1359.png
She's Not Sorry,https://www.goodreads.com/book/show/140111148-she-s-not-sorry,Mary Kubica,3.79,213657,https://i.gr-assets.com/images/S/compressed.photo.goodreads.com/books/1689781177i/140111148._SY75_.jpg,0,330.0,cover_1360.png
The Hobbit,https://www.goodreads.com/book/show/659469.The_Hobbit,Chuck Dixon,4.51,282245,https://i.gr-assets.com/images/S/compressed.photo.goodreads.com/books/1374681632i/659469._SY75_.jpg,0,138.0,cover_1361.png
Twilight: The Complete Illustrated Movie Companion,https://www.goodreads.com/book/show/3609760-twilight,Mark Cotta Vaz,4.20,454646,https://i.gr-assets.com/images/S/compressed.photo.goodreads.com/books/1352539022i/3609760._SX50_.jpg,0,144.0,cover_1362.png
Weyward,https://www.goodreads.com/book/show/127280850-weyward,Emilia Hart,4.05,449542,https://i.gr-assets.com/images/S/compressed.photo.goodreads.com/books/1684204420i/127280850._SY75_.jpg,0,392.0,cover_1363.png
"Caught Up (Windy City, #3)",https://www.goodreads.com/book/show/199335111-caught-up,Liz Tomforde,4.43,458311,https://i.gr-assets.com/images/S/compressed.photo.goodreads.com/books/1696911001i/199335111._SY75_.jpg,0,408.0,cover_1364.png
"Blood Meridian, or, the Evening Redness in the West",https://www.goodreads.com/book/show/394535.Blood_Meridian_or_the_Evening_Redness_in_the_West,Cormac McCarthy,4.14,243392,https://i.gr-assets.com/images/S/compressed.photo.goodreads.com/books/1701688704i/394535._SY75_.jpg,0,351.0,cover_1365.png
The Complete Persepolis,https://www.goodreads.com/book/show/991197.The_Complete_Persepolis,Marjane Satrapi,4.41,215908,https://i.gr-assets.com/images/S/compressed.photo.goodreads.com/books/1327876995i/991197._SX50_.jpg,0,341.0,cover_1366.png
"You (You, #1)",https://www.goodreads.com/book/show/36430011-you,Caroline Kepnes,3.96,300012,https://i.gr-assets.com/images/S/compressed.photo.goodreads.com/books/1549463282i/36430011._SY75_.jpg,0,464.0,cover_1367.png
The Lying Game,https://www.goodreads.com/book/show/32895291-the-lying-game,Ruth Ware,3.52,222099,https://i.gr-assets.com/images/S/compressed.photo.goodreads.com/books/1497632504i/32895291._SX50_.jpg,0,370.0,cover_1368.png
"Play Along (Windy City, #4)",https://www.goodreads.com/book/show/199285128-play-along,Liz Tomforde,4.46,400635,https://i.gr-assets.com/images/S/compressed.photo.goodreads.com/books/1710337914i/199285128._SY75_.jpg,0,384.0,cover_1369.png
Night Shift,https://www.goodreads.com/book/show/10628.Night_Shift,Stephen King,4.04,203366,https://i.gr-assets.com/images/S/compressed.photo.goodreads.com/books/1660820449i/10628._SY75_.jpg,0,409.0,cover_1370.png
"The Legacy (Off-Campus, #5)",https://www.goodreads.com/book/show/58953656-the-legacy,Elle Kennedy,3.75,281576,https://i.gr-assets.com/images/S/compressed.photo.goodreads.com/books/1631147889i/58953656._SX50_.jpg,0,339.0,cover_1371.png
"Girl, Interrupted",https://www.goodreads.com/book/show/68783.Girl_Interrupted,Susanna Kaysen,3.95,291656,https://i.gr-assets.com/images/S/compressed.photo.goodreads.com/books/1475482930i/68783._SY75_.jpg,0,169.0,cover_1372.png
Carmilla,https://www.goodreads.com/book/show/48037.Carmilla,J. Sheridan Le Fanu,3.86,225566,https://i.gr-assets.com/images/S/compressed.photo.goodreads.com/books/1657795822i/48037._SY75_.jpg,0,108.0,cover_1373.png
"Priest (Priest, #1)",https://www.goodreads.com/book/show/25507389-priest,Sierra Simone,3.53,270607,https://i.gr-assets.com/images/S/compressed.photo.goodreads.com/books/1433645877i/25507389._SY75_.jpg,0,354.0,cover_1374.png
"Lilac Girls (Woolsey-Ferriday, #1)",https://www.goodreads.com/book/show/25893693-lilac-girls,Martha Hall Kelly,4.29,354132,https://i.gr-assets.com/images/S/compressed.photo.goodreads.com/books/1462850258i/25893693._SY75_.jpg,0,487.0,cover_1375.png
"The Perfect Couple (Nantucket, #3)",https://www.goodreads.com/book/show/34840184-the-perfect-couple,Elin Hilderbrand,3.96,278512,https://i.gr-assets.com/images/S/compressed.photo.goodreads.com/books/1520361784i/34840184._SY75_.jpg,0,480.0,cover_1376.png
"Problematic Summer Romance (Not in Love, #2)",https://www.goodreads.com/book/show/228691356-problematic-summer-romance,Ali Hazelwood,3.80,347712,https://i.gr-assets.com/images/S/compressed.photo.goodreads.com/books/1745430233i/228691356._SY75_.jpg,0,416.0,cover_1377.png
"Beautiful Bastard (Beautiful Bastard, #1)",https://www.goodreads.com/book/show/16102004-beautiful-bastard,Christina Lauren,3.88,228552,https://i.gr-assets.com/images/S/compressed.photo.goodreads.com/books/1362258921i/16102004._SY75_.jpg,0,271.0,cover_1378.png
The Covenant of Water,https://www.goodreads.com/book/show/180357146-the-covenant-of-water,Abraham Verghese,4.40,348899,https://i.gr-assets.com/images/S/compressed.photo.goodreads.com/books/1687600746i/180357146._SX50_.jpg,2,715.0,cover_1379.png
"Practice Makes Perfect (When in Rome, #2)",https://www.goodreads.com/book/show/61897968-practice-makes-perfect,Sarah Adams,4.00,253109,https://i.gr-assets.com/images/S/compressed.photo.goodreads.com/books/1659979546i/61897968._SY75_.jpg,0,335.0,cover_1380.png
"The Seven Sisters (The Seven Sisters, #1)",https://www.goodreads.com/book/show/22609358-the-seven-sisters,Lucinda Riley,4.20,211877,https://i.gr-assets.com/images/S/compressed.photo.goodreads.com/books/1472405616i/22609358._SY75_.jpg,0,460.0,cover_1381.png
1776,https://www.goodreads.com/book/show/1067.1776,David McCullough,4.11,256632,https://i.gr-assets.com/images/S/compressed.photo.goodreads.com/books/1306787560i/1067._SY75_.jpg,0,386.0,cover_1382.png
"Kingdom of the Wicked (Kingdom of the Wicked, #1)",https://www.goodreads.com/book/show/52735921-kingdom-of-the-wicked,Kerri Maniscalco,3.86,372030,https://i.gr-assets.com/images/S/compressed.photo.goodreads.com/books/1578938260l/52735921._SX50_SY75_.jpg,0,372.0,cover_1383.png
I've Got Your Number,https://www.goodreads.com/book/show/12033455-i-ve-got-your-number,Sophie Kinsella,3.94,243583,https://i.gr-assets.com/images/S/compressed.photo.goodreads.com/books/1327956732i/12033455._SY75_.jpg,0,448.0,cover_1384.png
"Praise (Salacious Players Club, #1)",https://www.goodreads.com/book/show/60416566-praise,Sara Cate,4.09,269850,https://i.gr-assets.com/images/S/compressed.photo.goodreads.com/books/1644858618i/60416566._SY75_.jpg,0,341.0,cover_1385.png
A Visit from the Goon Squad,https://www.goodreads.com/book/show/7331435-a-visit-from-the-goon-squad,Jennifer Egan,3.70,255764,https://i.gr-assets.com/images/S/compressed.photo.goodreads.com/books/1356844046i/7331435._SX50_.jpg,0,274.0,cover_1386.png
The Institute,https://www.goodreads.com/book/show/43798285-the-institute,Stephen King,4.19,358841,https://i.gr-assets.com/images/S/compressed.photo.goodreads.com/books/1549241208i/43798285._SY75_.jpg,0,561.0,cover_1387.png
The Last Time I Lied,https://www.goodreads.com/book/show/36626748-the-last-time-i-lied,Riley Sager,3.99,240066,https://i.gr-assets.com/images/S/compressed.photo.goodreads.com/books/1511141004i/36626748._SY75_.jpg,0,402.0,cover_1388.png
"The Housemaid's Wedding (The Housemaid, #2.5)",https://www.goodreads.com/book/show/220921867-the-housemaid-s-wedding,Freida McFadden,3.29,422716,https://i.gr-assets.com/images/S/compressed.photo.goodreads.com/books/1732729490i/220921867._SY75_.jpg,0,76.0,cover_1389.png
Wish You Were Here,https://www.goodreads.com/book/show/57701764-wish-you-were-here,Jodi Picoult,3.91,305021,https://i.gr-assets.com/images/S/compressed.photo.goodreads.com/books/1635240584i/57701764._SY75_.jpg,0,310.0,cover_1390.png
The Rom-Commers,https://www.goodreads.com/book/show/195790586-the-rom-commers,Katherine Center,4.04,255137,https://i.gr-assets.com/images/S/compressed.photo.goodreads.com/books/1698261813i/195790586._SY75_.jpg,0,336.0,cover_1391.png
"Crave (Crave, #1)",https://www.goodreads.com/book/show/45892228-crave,Tracy Wolff,3.76,264795,https://i.gr-assets.com/images/S/compressed.photo.goodreads.com/books/1578850525i/45892228._SX50_.jpg,0,575.0,cover_1392.png
"Throttled (Dirty Air, #1)",https://www.goodreads.com/book/show/206023355-throttled,Lauren Asher,3.74,273509,https://i.gr-assets.com/images/S/compressed.photo.goodreads.com/books/1706309061i/206023355._SY75_.jpg,0,378.0,cover_1393.png
"Maybe Not (Maybe, #1.5)",https://www.goodreads.com/book/show/62967891-maybe-not,Colleen Hoover,3.59,251314,https://i.gr-assets.com/images/S/compressed.photo.goodreads.com/books/1666362650i/62967891._SY75_.jpg,0,160.0,cover_1394.png
"The Darkest Minds (The Darkest Minds, #1)",https://www.goodreads.com/book/show/10576365-the-darkest-minds,Alexandra Bracken,4.15,210714,https://i.gr-assets.com/images/S/compressed.photo.goodreads.com/books/1343178841i/10576365._SY75_.jpg,0,488.0,cover_1395.png
"Ask Again, Yes",https://www.goodreads.com/book/show/42201996-ask-again-yes,Mary Beth Keane,3.93,208563,https://i.gr-assets.com/images/S/compressed.photo.goodreads.com/books/1557052821i/42201996._SY75_.jpg,0,388.0,cover_1396.png
Bury Our Bones in the Midnight Soil,https://www.goodreads.com/book/show/215020997-bury-our-bones-in-the-midnight-soil,V.E. Schwab,3.88,228856,https://i.gr-assets.com/images/S/compressed.photo.goodreads.com/books/1752327619i/215020997._SY75_.jpg,0,535.0,cover_1397.png
The Dictionary of Lost Words,https://www.goodreads.com/book/show/49354511-the-dictionary-of-lost-words,Pip Williams,4.01,202408,https://i.gr-assets.com/images/S/compressed.photo.goodreads.com/books/1576570225i/49354511._SY75_.jpg,0,384.0,cover_1398.png
"Spark of the Everflame (Kindred's Curse, #1)",https://www.goodreads.com/book/show/123471760-spark-of-the-everflame,Penn Cole,4.17,321024,https://i.gr-assets.com/images/S/compressed.photo.goodreads.com/books/1684550094i/123471760._SY75_.jpg,0,438.0,cover_1399.png
"The Dungeon Anarchist's Cookbook (Dungeon Crawler Carl, #3)",https://www.goodreads.com/book/show/211721809-the-dungeon-anarchist-s-cookbook,Matt Dinniman,4.38,314769,https://i.gr-assets.com/images/S/compressed.photo.goodreads.com/books/1719949594i/211721809._SY75_.jpg,0,532.0,cover_1400.png
"Maybe You Should Talk to Someone: A Therapist, Her Therapist, and Our Lives Revealed",https://www.goodreads.com/book/show/37570546-maybe-you-should-talk-to-someone,Lori Gottlieb,4.36,423773,https://i.gr-assets.com/images/S/compressed.photo.goodreads.com/books/1547189796i/37570546._SY75_.jpg,0,415.0,cover_1401.png
The Complete Maus,https://www.goodreads.com/book/show/15195.The_Complete_Maus,Art Spiegelman,4.58,264237,https://i.gr-assets.com/images/S/compressed.photo.goodreads.com/books/1327354180i/15195._SX50_.jpg,0,296.0,cover_1402.png
"A Shadow in the Ember (Flesh and Fire, #1)",https://www.goodreads.com/book/show/57282383-a-shadow-in-the-ember,Jennifer L. Armentrout,4.45,263269,https://i.gr-assets.com/images/S/compressed.photo.goodreads.com/books/1619448359i/57282383._SX50_.jpg,0,647.0,cover_1403.png
"First-Time Caller (Heartstrings, #1)",https://www.goodreads.com/book/show/213243908-first-time-caller,B.K. Borison,3.92,309603,https://i.gr-assets.com/images/S/compressed.photo.goodreads.com/books/1718283728i/213243908._SY75_.jpg,0,422.0,cover_1404.png
"The Bridge Kingdom (The Bridge Kingdom, #1)",https://www.goodreads.com/book/show/211081101-the-bridge-kingdom,Danielle L. Jensen,4.04,251741,https://i.gr-assets.com/images/S/compressed.photo.goodreads.com/books/1719851662i/211081101._SY75_.jpg,0,448.0,cover_1405.png
"Morning Star (Red Rising Saga, #3)",https://www.goodreads.com/book/show/18966806-morning-star,Pierce Brown,4.55,486014,https://i.gr-assets.com/images/S/compressed.photo.goodreads.com/books/1461354277i/18966806._SY75_.jpg,0,524.0,cover_1406.png
"Firekeeper’s Daughter (Firekeeper's Daughter, #1)",https://www.goodreads.com/book/show/52346471-firekeeper-s-daughter,Angeline Boulley,4.30,212006,https://i.gr-assets.com/images/S/compressed.photo.goodreads.com/books/1595093218i/52346471._SY75_.jpg,0,496.0,cover_1407.png
"Elantris (Elantris, #1)",https://www.goodreads.com/book/show/68427.Elantris,Brandon Sanderson,4.16,371242,https://i.gr-assets.com/images/S/compressed.photo.goodreads.com/books/1475740953i/68427._SY75_.jpg,0,638.0,cover_1408.png
Harry Potter and the Chamber of Secrets: Sheet Music for Flute with CD,https://www.goodreads.com/book/show/2223324.Harry_Potter_and_the_Chamber_of_Secrets,John Williams,4.61,245241,https://i.gr-assets.com/images/S/compressed.photo.goodreads.com/books/1347429015i/2223324._SX50_.jpg,0,24.0,cover_1409.png
"Anne of the Island (Anne of Green Gables, #3)",https://www.goodreads.com/book/show/123280461-anne-of-the-island,L.M. Montgomery,4.29,200494,https://i.gr-assets.com/images/S/compressed.photo.goodreads.com/books/1679457783i/123280461._SY75_.jpg,0,243.0,cover_1410.png
"The Hidden Oracle (The Trials of Apollo, #1)",https://www.goodreads.com/book/show/26252859-the-hidden-oracle,Rick Riordan,4.12,241073,https://i.gr-assets.com/images/S/compressed.photo.goodreads.com/books/1690967270i/26252859._SY75_.jpg,0,376.0,cover_1411.png
"The Night We Met (Say You'll Remember Me, #2)",https://www.goodreads.com/book/show/231801371-the-night-we-met,Abby Jimenez,3.96,331099,https://i.gr-assets.com/images/S/compressed.photo.goodreads.com/books/1755786976i/231801371._SY75_.jpg,0,400.0,cover_1412.png
The House of My Mother: A Daughter's Quest for Freedom,https://www.goodreads.com/book/show/214151420-the-house-of-my-mother,Shari Franke,4.26,221876,https://i.gr-assets.com/images/S/compressed.photo.goodreads.com/books/1728843692i/214151420._SY75_.jpg,0,320.0,cover_1413.png
"Point of Retreat (Slammed, #2)",https://www.goodreads.com/book/show/19390926-point-of-retreat,Colleen Hoover,4.09,302691,https://i.gr-assets.com/images/S/compressed.photo.goodreads.com/books/1761078254i/19390926._SY75_.jpg,0,277.0,cover_1414.png
"Corrupt (Devil's Night, #1)",https://www.goodreads.com/book/show/58124274-corrupt,Penelope Douglas,3.77,454393,https://i.gr-assets.com/images/S/compressed.photo.goodreads.com/books/1621729447i/58124274._SY75_.jpg,0,516.0,cover_1415.png
The One (Dark Future #1),https://www.goodreads.com/book/show/40670312-the-one,John Marrs,4.08,357166,https://i.gr-assets.com/images/S/compressed.photo.goodreads.com/books/1612001976i/40670312._SY75_.jpg,0,418.0,cover_1416.png
Sphere,https://www.goodreads.com/book/show/455373.Sphere,Michael Crichton,3.84,202511,https://i.gr-assets.com/images/S/compressed.photo.goodreads.com/books/1660273071i/455373._SY75_.jpg,0,371.0,cover_1417.png
"After We Collided (After, #2)",https://www.goodreads.com/book/show/22540125-after-we-collided,Anna Todd,3.72,242495,https://i.gr-assets.com/images/S/compressed.photo.goodreads.com/books/1416788471i/22540125._SY75_.jpg,0,674.0,cover_1418.png
The Tell-Tale Heart and Other Writings,https://www.goodreads.com/book/show/391729.The_Tell_Tale_Heart_and_Other_Writings,Edgar Allan Poe,4.19,245637,https://i.gr-assets.com/images/S/compressed.photo.goodreads.com/books/1697731059i/391729._SY75_.jpg,0,448.0,cover_1419.png
A Promised Land,https://www.goodreads.com/book/show/55361205-a-promised-land,Barack Obama,4.31,286481,https://i.gr-assets.com/images/S/compressed.photo.goodreads.com/books/1600357110i/55361205._SY75_.jpg,0,768.0,cover_1420.png
The Wives,https://www.goodreads.com/book/show/43262893-the-wives,Tarryn Fisher,3.65,245565,https://i.gr-assets.com/images/S/compressed.photo.goodreads.com/books/1555273893i/43262893._SX50_.jpg,0,295.0,cover_1421.png
"It's in His Kiss (Bridgertons, #7)",https://www.goodreads.com/book/show/110393.It_s_in_His_Kiss,Julia Quinn,3.96,230844,https://i.gr-assets.com/images/S/compressed.photo.goodreads.com/books/1314461965i/110393._SY75_.jpg,0,384.0,cover_1422.png
The True Love Experiment,https://www.goodreads.com/book/show/62361081-the-true-love-experiment,Christina Lauren,4.06,204711,https://i.gr-assets.com/images/S/compressed.photo.goodreads.com/books/1677786623i/62361081._SY75_.jpg,0,409.0,cover_1423.png
"The Lincoln Lawyer (The Lincoln Lawyer, #1; Harry Bosch Universe, #16)",https://www.goodreads.com/book/show/40612032-the-lincoln-lawyer,Michael Connelly,4.23,265166,https://i.gr-assets.com/images/S/compressed.photo.goodreads.com/books/1529686346i/40612032._SY75_.jpg,0,405.0,cover_1424.png
The Amazing Adventures of Kavalier & Clay,https://www.goodreads.com/book/show/3985.The_Amazing_Adventures_of_Kavalier_Clay,Michael Chabon,4.19,216589,https://i.gr-assets.com/images/S/compressed.photo.goodreads.com/books/1503806495i/3985._SY75_.jpg,0,639.0,cover_1425.png
The Vegetarian,https://www.goodreads.com/book/show/25489025-the-vegetarian,Han Kang,3.65,451123,https://i.gr-assets.com/images/S/compressed.photo.goodreads.com/books/1728661771i/25489025._SY75_.jpg,3,158.0,cover_1426.png
This Tender Land,https://www.goodreads.com/book/show/25813942-this-tender-land,William Kent Krueger,4.39,232857,https://i.gr-assets.com/images/S/compressed.photo.goodreads.com/books/1565526433i/25813942._SY75_.jpg,0,450.0,cover_1427.png
"Powerful (The Powerless Trilogy, #1.5)",https://www.goodreads.com/book/show/203840597-powerful,Lauren Roberts,4.11,342103,https://i.gr-assets.com/images/S/compressed.photo.goodreads.com/books/1731714728i/203840597._SY75_.jpg,0,272.0,cover_1428.png
The Fury,https://www.goodreads.com/book/show/123206645-the-fury,Alex Michaelides,3.35,252392,https://i.gr-assets.com/images/S/compressed.photo.goodreads.com/books/1684763144i/123206645._SX50_.jpg,0,298.0,cover_1429.png
"The Guncle (The Guncle, #1)",https://www.goodreads.com/book/show/54508798-the-guncle,Steven Rowley,4.10,220717,https://i.gr-assets.com/images/S/compressed.photo.goodreads.com/books/1594848421i/54508798._SY75_.jpg,0,326.0,cover_1430.png
Betting on You,https://www.goodreads.com/book/show/60197314-betting-on-you,Lynn Painter,4.14,212176,https://i.gr-assets.com/images/S/compressed.photo.goodreads.com/books/1675615468i/60197314._SY75_.jpg,0,432.0,cover_1431.png
Not Quite Dead Yet,https://www.goodreads.com/book/show/220223963-not-quite-dead-yet,Holly Jackson,3.98,250992,https://i.gr-assets.com/images/S/compressed.photo.goodreads.com/books/1739418770i/220223963._SY75_.jpg,0,400.0,cover_1432.png
The Life-Changing Magic of Tidying Up: The Japanese Art of Decluttering and Organizing,https://www.goodreads.com/book/show/22318578-the-life-changing-magic-of-tidying-up,Marie Kondō,3.88,399560,https://i.gr-assets.com/images/S/compressed.photo.goodreads.com/books/1418767178i/22318578._SX50_.jpg,0,224.0,cover_1433.png
Starship Troopers,https://www.goodreads.com/book/show/17214.Starship_Troopers,Robert A. Heinlein,4.00,251676,https://i.gr-assets.com/images/S/compressed.photo.goodreads.com/books/1614054412i/17214._SY75_.jpg,0,264.0,cover_1434.png
Alexander Hamilton,https://www.goodreads.com/book/show/16130.Alexander_Hamilton,Ron Chernow,4.22,206298,https://i.gr-assets.com/images/S/compressed.photo.goodreads.com/books/1436131915i/16130._SY75_.jpg,0,818.0,cover_1435.png
"Stillhouse Lake (Stillhouse Lake, #1)",https://www.goodreads.com/book/show/33128934-stillhouse-lake,Rachel Caine,4.10,203959,https://i.gr-assets.com/images/S/compressed.photo.goodreads.com/books/1495714483i/33128934._SY75_.jpg,0,301.0,cover_1436.png
Waiting for Godot,https://www.goodreads.com/book/show/17716.Waiting_for_Godot,Samuel Beckett,3.84,228346,https://i.gr-assets.com/images/S/compressed.photo.goodreads.com/books/1327910301i/17716._SY75_.jpg,4,109.0,cover_1437.png
His & Hers,https://www.goodreads.com/book/show/45885495-his-hers,Alice Feeney,4.09,438756,https://i.gr-assets.com/images/S/compressed.photo.goodreads.com/books/1595773166i/45885495._SY75_.jpg,0,308.0,cover_1438.png
"Glow (The Plated Prisoner, #4)",https://www.goodreads.com/book/show/58159316-glow,Raven Kennedy,4.11,230469,https://i.gr-assets.com/images/S/compressed.photo.goodreads.com/books/1641240565i/58159316._SY75_.jpg,0,738.0,cover_1439.png
The Sound and the Fury,https://www.goodreads.com/book/show/10975.The_Sound_and_the_Fury,William Faulkner,3.86,201137,https://i.gr-assets.com/images/S/compressed.photo.goodreads.com/books/1757102364i/10975._SY75_.jpg,0,366.0,cover_1440.png
"The Shadows Between Us (The Stathos Sisters, #1)",https://www.goodreads.com/book/show/35702241-the-shadows-between-us,Tricia Levenseller,3.81,224675,https://i.gr-assets.com/images/S/compressed.photo.goodreads.com/books/1558027905i/35702241._SY75_.jpg,0,326.0,cover_1441.png
The Language of Flowers,https://www.goodreads.com/book/show/10032672-the-language-of-flowers,Vanessa Diffenbaugh,4.10,236526,https://i.gr-assets.com/images/S/compressed.photo.goodreads.com/books/1333577674i/10032672._SX50_.jpg,0,323.0,cover_1442.png
Just Kids,https://www.goodreads.com/book/show/341879.Just_Kids,Patti Smith,4.21,379463,https://i.gr-assets.com/images/S/compressed.photo.goodreads.com/books/1259762407i/341879._SY75_.jpg,4,304.0,cover_1443.png
The Let Them Theory,https://www.goodreads.com/book/show/216351768-the-let-them-theory,Mel Robbins,3.99,347164,https://i.gr-assets.com/images/S/compressed.photo.goodreads.com/books/1735589383i/216351768._SY75_.jpg,0,311.0,cover_1444.png
"Carl's Doomsday Scenario (Dungeon Crawler Carl, #2)",https://www.goodreads.com/book/show/212393364-carl-s-doomsday-scenario,Matt Dinniman,4.48,386830,https://i.gr-assets.com/images/S/compressed.photo.goodreads.com/books/1719949673i/212393364._SY75_.jpg,0,371.0,cover_1445.png
Where the Forest Meets the Stars,https://www.goodreads.com/book/show/40545956-where-the-forest-meets-the-stars,Glendy Vanderah,4.13,244756,https://i.gr-assets.com/images/S/compressed.photo.goodreads.com/books/1543428712i/40545956._SY75_.jpg,0,332.0,cover_1446.png
"Not in Love (Not in Love, #1)",https://www.goodreads.com/book/show/198716261-not-in-love,Ali Hazelwood,3.63,351782,https://i.gr-assets.com/images/S/compressed.photo.goodreads.com/books/1696574108i/198716261._SY75_.jpg,0,394.0,cover_1447.png
Evidence of the Affair,https://www.goodreads.com/book/show/41715227-evidence-of-the-affair,Taylor Jenkins Reid,3.84,253965,https://i.gr-assets.com/images/S/compressed.photo.goodreads.com/books/1706204682i/41715227._SY75_.jpg,0,88.0,cover_1448.png
Behind Her Eyes,https://www.goodreads.com/book/show/28965131-behind-her-eyes,Sarah Pinborough,3.78,226639,https://i.gr-assets.com/images/S/compressed.photo.goodreads.com/books/1485279813i/28965131._SY75_.jpg,0,307.0,cover_1449.png
The Do-Over,https://www.goodreads.com/book/show/51035594-the-do-over,Lynn Painter,3.90,219465,https://i.gr-assets.com/images/S/compressed.photo.goodreads.com/books/1644258928i/51035594._SY75_.jpg,0,304.0,cover_1450.png
The Ex,https://www.goodreads.com/book/show/43531101-the-ex,Freida McFadden,3.83,213962,https://i.gr-assets.com/images/S/compressed.photo.goodreads.com/books/1547146409i/43531101._SY75_.jpg,0,347.0,cover_1451.png
"The Gate of the Feral Gods (Dungeon Crawler Carl, #4)",https://www.goodreads.com/book/show/220772908-the-gate-of-the-feral-gods,Matt Dinniman,4.53,257544,https://i.gr-assets.com/images/S/compressed.photo.goodreads.com/books/1734098514i/220772908._SY75_.jpg,0,589.0,cover_1452.png
"The Prison Healer (The Prison Healer, #1)",https://www.goodreads.com/book/show/53968496-the-prison-healer,Lynette Noni,4.16,225457,https://i.gr-assets.com/images/S/compressed.photo.goodreads.com/books/1593147576i/53968496._SY75_.jpg,0,416.0,cover_1453.png
Greenlights,https://www.goodreads.com/book/show/52838315-greenlights,Matthew McConaughey,4.19,489093,https://i.gr-assets.com/images/S/compressed.photo.goodreads.com/books/1604281659i/52838315._SX50_.jpg,0,289.0,cover_1454.png
"Bird Box (Bird Box, #1)",https://www.goodreads.com/book/show/44646576-bird-box,Josh Malerman,4.05,216692,https://i.gr-assets.com/images/S/compressed.photo.goodreads.com/books/1570393096i/44646576._SY75_.jpg,0,272.0,cover_1455.png
Dear Edward,https://www.goodreads.com/book/show/45294613-dear-edward,Ann Napolitano,4.07,228009,https://i.gr-assets.com/images/S/compressed.photo.goodreads.com/books/1573865448i/45294613._SY75_.jpg,0,340.0,cover_1456.png
Long Bright River,https://www.goodreads.com/book/show/43834909-long-bright-river,Liz Moore,4.03,214561,https://i.gr-assets.com/images/S/compressed.photo.goodreads.com/books/1555616163i/43834909._SY75_.jpg,0,482.0,cover_1457.png
"The Mists of Avalon (Avalon, #1)",https://www.goodreads.com/book/show/40605251-the-mists-of-avalon,Marion Zimmer Bradley,4.13,214926,https://i.gr-assets.com/images/S/compressed.photo.goodreads.com/books/1529610467i/40605251._SX50_.jpg,0,1009.0,cover_1458.png
Five Feet Apart,https://www.goodreads.com/book/show/39939417-five-feet-apart,Rachael Lippincott,4.17,265533,https://i.gr-assets.com/images/S/compressed.photo.goodreads.com/books/1529358577i/39939417._SY75_.jpg,0,288.0,cover_1459.png
"Friends, Lovers, and the Big Terrible Thing",https://www.goodreads.com/book/show/59641216-friends-lovers-and-the-big-terrible-thing,Matthew Perry,3.95,422644,https://i.gr-assets.com/images/S/compressed.photo.goodreads.com/books/1699634140i/59641216._SY75_.jpg,0,250.0,cover_1460.png
"The Wolf King (The Wolf King, #1)",https://www.goodreads.com/book/show/196920718-the-wolf-king,Lauren Palphreyman,4.13,239472,https://i.gr-assets.com/images/S/compressed.photo.goodreads.com/books/1692959712i/196920718._SY75_.jpg,0,475.0,cover_1461.png
"Rodrick Rules (Diary of a Wimpy Kid, #2)",https://www.goodreads.com/book/show/1809465.Rodrick_Rules,Jeff Kinney,4.16,201686,https://i.gr-assets.com/images/S/compressed.photo.goodreads.com/books/1360095964i/1809465._SX50_.jpg,0,226.0,cover_1462.png
I'll Be Gone in the Dark: One Woman's Obsessive Search for the Golden State Killer,https://www.goodreads.com/book/show/35068432-i-ll-be-gone-in-the-dark,Michelle McNamara,4.11,271382,https://i.gr-assets.com/images/S/compressed.photo.goodreads.com/books/1499131009i/35068432._SY75_.jpg,0,352.0,cover_1463.png
"Walden or, Life in the Woods",https://www.goodreads.com/book/show/16902.Walden_or_Life_in_the_Woods,Henry David Thoreau,3.77,208188,https://i.gr-assets.com/images/S/compressed.photo.goodreads.com/books/1630470982i/16902._SY75_.jpg,0,352.0,cover_1464.png
"Definitely Dead (Sookie Stackhouse, #6)",https://www.goodreads.com/book/show/140079.Definitely_Dead,Charlaine Harris,4.02,212881,https://i.gr-assets.com/images/S/compressed.photo.goodreads.com/books/1468562748i/140079._SY75_.jpg,0,324.0,cover_1465.png
"Anne of Avonlea (Anne of Green Gables, #2)",https://www.goodreads.com/book/show/77390.Anne_of_Avonlea,L.M. Montgomery,4.23,234946,https://i.gr-assets.com/images/S/compressed.photo.goodreads.com/books/1764879073i/77390._SY75_.jpg,0,276.0,cover_1466.png
Notes from Underground,https://www.goodreads.com/book/show/49455.Notes_from_Underground,Fyodor Dostoevsky,4.16,257286,https://i.gr-assets.com/images/S/compressed.photo.goodreads.com/books/1657562670i/49455._SY75_.jpg,4,136.0,cover_1467.png
Home Front,https://www.goodreads.com/book/show/12022079-home-front,Kristin Hannah,4.26,266180,https://i.gr-assets.com/images/S/compressed.photo.goodreads.com/books/1344319152i/12022079._SY75_.jpg,0,390.0,cover_1468.png
My Husband's Wife,https://www.goodreads.com/book/show/231127462-my-husband-s-wife,Alice Feeney,3.97,447980,https://i.gr-assets.com/images/S/compressed.photo.goodreads.com/books/1747668611i/231127462._SY75_.jpg,0,310.0,cover_1469.png
The Corrections,https://www.goodreads.com/book/show/3805.The_Corrections,Jonathan Franzen,3.85,203312,https://i.gr-assets.com/images/S/compressed.photo.goodreads.com/books/1355011305i/3805._SY75_.jpg,0,653.0,cover_1470.png
What I Talk About When I Talk About Running,https://www.goodreads.com/book/show/2195464.What_I_Talk_About_When_I_Talk_About_Running,Haruki Murakami,3.86,217047,https://i.gr-assets.com/images/S/compressed.photo.goodreads.com/books/1473397159i/2195464._SY75_.jpg,4,188.0,cover_1471.png
"Scythe (Arc of a Scythe, #1)",https://www.goodreads.com/book/show/28954189-scythe,Neal Shusterman,4.32,442013,https://i.gr-assets.com/images/S/compressed.photo.goodreads.com/books/1456172676i/28954189._SY75_.jpg,0,435.0,cover_1472.png
"Blood of Elves (The Witcher, #1)",https://www.goodreads.com/book/show/6043781-blood-of-elves,Andrzej Sapkowski,4.10,258169,https://i.gr-assets.com/images/S/compressed.photo.goodreads.com/books/1589998653i/6043781._SX50_.jpg,0,398.0,cover_1473.png
"Naruto, Vol. 1: Uzumaki Naruto (Naruto, #1)",https://www.goodreads.com/book/show/204042.Naruto_Vol_1,Masashi Kishimoto,4.41,249888,https://i.gr-assets.com/images/S/compressed.photo.goodreads.com/books/1435524806i/204042._SY75_.jpg,0,187.0,cover_1474.png
"The Dark Forest (Remembrance of Earth’s Past, #2)",https://www.goodreads.com/book/show/23168817-the-dark-forest,Liu Cixin,4.40,240668,https://i.gr-assets.com/images/S/compressed.photo.goodreads.com/books/1412064931i/23168817._SY75_.jpg,0,512.0,cover_1475.png
Go as a River,https://www.goodreads.com/book/show/63922274-go-as-a-river,Shelley Read,4.25,216795,https://i.gr-assets.com/images/S/compressed.photo.goodreads.com/books/1670147458i/63922274._SY75_.jpg,0,320.0,cover_1476.png
What Lies in the Woods,https://www.goodreads.com/book/show/60784373-what-lies-in-the-woods,Kate Alice Marshall,3.94,217041,https://i.gr-assets.com/images/S/compressed.photo.goodreads.com/books/1652628677i/60784373._SY75_.jpg,0,336.0,cover_1477.png
"Hyperion (Hyperion Cantos, #1)",https://www.goodreads.com/book/show/77566.Hyperion,Dan Simmons,4.28,317102,https://i.gr-assets.com/images/S/compressed.photo.goodreads.com/books/1746983261i/77566._SY75_.jpg,0,500.0,cover_1478.png
All the Missing Girls,https://www.goodreads.com/book/show/23212667-all-the-missing-girls,Megan Miranda,3.69,253015,https://i.gr-assets.com/images/S/compressed.photo.goodreads.com/books/1452098621i/23212667._SY75_.jpg,0,396.0,cover_1479.png
All the Dangerous Things,https://www.goodreads.com/book/show/60784636-all-the-dangerous-things,Stacy Willingham,4.04,296488,https://i.gr-assets.com/images/S/compressed.photo.goodreads.com/books/1652631076i/60784636._SY75_.jpg,0,326.0,cover_1480.png
This Is How It Always Is,https://www.goodreads.com/book/show/40409102-this-is-how-it-always-is,Laurie Frankel,4.28,220261,https://i.gr-assets.com/images/S/compressed.photo.goodreads.com/books/1528314257i/40409102._SY75_.jpg,0,338.0,cover_1481.png
"Fruits Basket, Vol. 1",https://www.goodreads.com/book/show/271199.Fruits_Basket_Vol_1,Natsuki Takaya,4.29,214347,https://i.gr-assets.com/images/S/compressed.photo.goodreads.com/books/1442161482i/271199._SX50_.jpg,0,216.0,cover_1482.png
"Second Foundation (Foundation, #3)",https://www.goodreads.com/book/show/29580.Second_Foundation,Isaac Asimov,4.28,208657,https://i.gr-assets.com/images/S/compressed.photo.goodreads.com/books/1661015922i/29580._SY75_.jpg,0,256.0,cover_1483.png
"Consider Me (Playing For Keeps, #1)",https://www.goodreads.com/book/show/60040033-consider-me,Becka Mack,3.81,256895,https://i.gr-assets.com/images/S/compressed.photo.goodreads.com/books/1741487023i/60040033._SY75_.jpg,0,462.0,cover_1484.png
"The Last Wish (The Witcher, #0.5)",https://www.goodreads.com/book/show/40603587-the-last-wish,Andrzej Sapkowski,4.14,434508,https://i.gr-assets.com/images/S/compressed.photo.goodreads.com/books/1529591917i/40603587._SX50_.jpg,0,400.0,cover_1485.png
The Art of The Fellowship of the Ring,https://www.goodreads.com/book/show/119.The_Art_of_The_Fellowship_of_the_Ring,Gary Russell,4.61,216987,https://i.gr-assets.com/images/S/compressed.photo.goodreads.com/books/1347803870i/119._SX50_.jpg,0,192.0,cover_1486.png
The Yellow Wallpaper,https://www.goodreads.com/book/show/8217236-the-yellow-wallpaper,Charlotte Perkins Gilman,4.06,385046,https://i.gr-assets.com/images/S/compressed.photo.goodreads.com/books/1276430319i/8217236._SX50_.jpg,3,63.0,cover_1487.png
Chronicle of a Death Foretold,https://www.goodreads.com/book/show/23878.Chronicle_of_a_Death_Foretold,Gabriel García Márquez,3.97,250777,https://i.gr-assets.com/images/S/compressed.photo.goodreads.com/books/1657558535i/23878._SY75_.jpg,5,120.0,cover_1488.png
"Get a Life, Chloe Brown (The Brown Sisters, #1)",https://www.goodreads.com/book/show/43884209-get-a-life-chloe-brown,Talia Hibbert,3.78,212649,https://i.gr-assets.com/images/S/compressed.photo.goodreads.com/books/1614273529i/43884209._SY75_.jpg,0,373.0,cover_1489.png
The Overstory,https://www.goodreads.com/book/show/40180098-the-overstory,Richard Powers,4.11,208420,https://i.gr-assets.com/images/S/compressed.photo.goodreads.com/books/1562786502i/40180098._SY75_.jpg,4,502.0,cover_1490.png
"Iron Gold (Red Rising Saga, #4)",https://www.goodreads.com/book/show/33257757-iron-gold,Pierce Brown,4.21,231079,https://i.gr-assets.com/images/S/compressed.photo.goodreads.com/books/1716325988i/33257757._SY75_.jpg,0,602.0,cover_1491.png
"Lord of Chaos (The Wheel of Time, #6)",https://www.goodreads.com/book/show/35231.Lord_of_Chaos,Robert Jordan,4.20,202738,https://i.gr-assets.com/images/S/compressed.photo.goodreads.com/books/1480096417i/35231._SY75_.jpg,0,1011.0,cover_1492.png
The Awakening,https://www.goodreads.com/book/show/58345.The_Awakening,Kate Chopin,3.69,233187,https://i.gr-assets.com/images/S/compressed.photo.goodreads.com/books/1170507247i/58345._SY75_.jpg,0,195.0,cover_1493.png
The Death of Ivan Ilych,https://www.goodreads.com/book/show/18386.The_Death_of_Ivan_Ilych,Leo Tolstoy,4.14,255936,https://i.gr-assets.com/images/S/compressed.photo.goodreads.com/books/1663546974i/18386._SY75_.jpg,4,86.0,cover_1494.png
Bag of Bones,https://www.goodreads.com/book/show/10589.Bag_of_Bones,Stephen King,3.92,215113,https://i.gr-assets.com/images/S/compressed.photo.goodreads.com/books/1365592796i/10589._SY75_.jpg,0,736.0,cover_1495.png
When You Are Engulfed in Flames,https://www.goodreads.com/book/show/1044355.When_You_Are_Engulfed_in_Flames,David Sedaris,4.08,219663,https://i.gr-assets.com/images/S/compressed.photo.goodreads.com/books/1547552824i/1044355._SX50_.jpg,0,323.0,cover_1496.png
"The Kind Worth Killing (Henry Kimball/Lily Kintner, #1)",https://www.goodreads.com/book/show/21936809-the-kind-worth-killing,Peter Swanson,3.96,255293,https://i.gr-assets.com/images/S/compressed.photo.goodreads.com/books/1417981750i/21936809._SY75_.jpg,0,320.0,cover_1497.png
Nora Goes Off Script,https://www.goodreads.com/book/show/58988426-nora-goes-off-script,Annabel Monaghan,4.04,232997,https://i.gr-assets.com/images/S/compressed.photo.goodreads.com/books/1647259860i/58988426._SY75_.jpg,0,272.0,cover_1498.png
"Wild Side (Rose Hill, #3)",https://www.goodreads.com/book/show/217271595-wild-side,Elsie Silver,4.16,282972,https://i.gr-assets.com/images/S/compressed.photo.goodreads.com/books/1728655706i/217271595._SY75_.jpg,0,464.0,cover_1499.png
The Whisper Man,https://www.goodreads.com/book/show/51540935-the-whisper-man,Alex North,4.00,210104,https://i.gr-assets.com/images/S/compressed.photo.goodreads.com/books/1579073397l/51540935._SX50_SY75_.jpg,0,384.0,cover_1500.png
The Calamity Club,https://www.goodreads.com/book/show/228820257-the-calamity-club,Kathryn Stockett,4.62,289399,https://i.gr-assets.com/images/S/compressed.photo.goodreads.com/books/1763049143i/228820257._SX50_.jpg,0,656.0,cover_1501.png
"Daring Greatly: How the Courage to Be Vulnerable Transforms the Way We Live, Love, Parent, and Lead",https://www.goodreads.com/book/show/13588356-daring-greatly,Brené Brown,4.29,249200,https://i.gr-assets.com/images/S/compressed.photo.goodreads.com/books/1337110319i/13588356._SY75_.jpg,0,287.0,cover_1502.png
"The Book Woman of Troublesome Creek (The Book Woman of Troublesome Creek, #1)",https://www.goodreads.com/book/show/40914165-the-book-woman-of-troublesome-creek,Kim Michele Richardson,4.21,277349,https://i.gr-assets.com/images/S/compressed.photo.goodreads.com/books/1543864778i/40914165._SY75_.jpg,0,309.0,cover_1503.png
"Gone (Gone, #1)",https://www.goodreads.com/book/show/2536134.Gone,Michael Grant,3.87,213444,https://i.gr-assets.com/images/S/compressed.photo.goodreads.com/books/1357796831i/2536134._SY75_.jpg,0,560.0,cover_1504.png
"Left Behind (Left Behind, #1)",https://www.goodreads.com/book/show/27523.Left_Behind,Tim LaHaye,3.87,250502,https://i.gr-assets.com/images/S/compressed.photo.goodreads.com/books/1406505054i/27523._SY75_.jpg,0,470.0,cover_1505.png
"Hook, Line, and Sinker (Bellinger Sisters, #2)",https://www.goodreads.com/book/show/58283080-hook-line-and-sinker,Tessa Bailey,3.86,467550,https://i.gr-assets.com/images/S/compressed.photo.goodreads.com/books/1627068858i/58283080._SY75_.jpg,0,353.0,cover_1506.png
The Book of Lost Names,https://www.goodreads.com/book/show/52762903-the-book-of-lost-names,Kristin Harmel,4.44,328173,https://i.gr-assets.com/images/S/compressed.photo.goodreads.com/books/1573742414i/52762903._SY75_.jpg,0,388.0,cover_1507.png
The Sun Down Motel,https://www.goodreads.com/book/show/45885644-the-sun-down-motel,Simone St. James,3.99,202669,https://i.gr-assets.com/images/S/compressed.photo.goodreads.com/books/1570443079i/45885644._SY75_.jpg,0,327.0,cover_1508.png
"Attack on Titan, Vol. 1",https://www.goodreads.com/book/show/13154150-attack-on-titan-vol-1,Hajime Isayama,4.48,311363,https://i.gr-assets.com/images/S/compressed.photo.goodreads.com/books/1769709110i/13154150._SY75_.jpg,0,193.0,cover_1509.png
A New Earth: Awakening to Your Life's Purpose,https://www.goodreads.com/book/show/76334.A_New_Earth,Eckhart Tolle,4.17,224857,https://i.gr-assets.com/images/S/compressed.photo.goodreads.com/books/1388206232i/76334._SY75_.jpg,0,316.0,cover_1510.png
"Old Man's War (Old Man's War, #1)",https://www.goodreads.com/book/show/36510196-old-man-s-war,John Scalzi,4.23,233515,https://i.gr-assets.com/images/S/compressed.photo.goodreads.com/books/1509467059i/36510196._SY75_.jpg,0,318.0,cover_1511.png
Black Cake,https://www.goodreads.com/book/show/57926137-black-cake,Charmaine Wilkerson,4.08,238874,https://i.gr-assets.com/images/S/compressed.photo.goodreads.com/books/1623664615i/57926137._SY75_.jpg,0,385.0,cover_1512.png
Cruel Winter with You,https://www.goodreads.com/book/show/220389458-cruel-winter-with-you,Ali Hazelwood,3.68,214963,https://i.gr-assets.com/images/S/compressed.photo.goodreads.com/books/1728852405i/220389458._SY75_.jpg,0,72.0,cover_1513.png
"The Reptile Room (A Series of Unfortunate Events, #2)",https://www.goodreads.com/book/show/78418.The_Reptile_Room,Lemony Snicket,4.02,250978,https://i.gr-assets.com/images/S/compressed.photo.goodreads.com/books/1352146294i/78418._SX50_.jpg,0,192.0,cover_1514.png
"When He Was Wicked (Bridgertons, #6)",https://www.goodreads.com/book/show/110396.When_He_Was_Wicked,Julia Quinn,3.97,283620,https://i.gr-assets.com/images/S/compressed.photo.goodreads.com/books/1274212205i/110396._SY75_.jpg,0,368.0,cover_1515.png
"The Five-Star Weekend (Sommer in Nantucket, #1)",https://www.goodreads.com/book/show/62873996-the-five-star-weekend,Elin Hilderbrand,4.03,438503,https://i.gr-assets.com/images/S/compressed.photo.goodreads.com/books/1680591253i/62873996._SY75_.jpg,0,384.0,cover_1516.png
"Bleach, Vol. 1",https://www.goodreads.com/book/show/2880.Bleach_Vol_1,Tite Kubo,4.27,202263,https://i.gr-assets.com/images/S/compressed.photo.goodreads.com/books/1388508611i/2880._SY75_.jpg,0,192.0,cover_1517.png
Commonwealth,https://www.goodreads.com/book/show/28214365-commonwealth,Ann Patchett,3.84,213917,https://i.gr-assets.com/images/S/compressed.photo.goodreads.com/books/1483278132i/28214365._SY75_.jpg,0,322.0,cover_1518.png
Einstein: His Life and Universe,https://www.goodreads.com/book/show/10884.Einstein,Walter Isaacson,4.16,208456,https://i.gr-assets.com/images/S/compressed.photo.goodreads.com/books/1328011405i/10884._SY75_.jpg,0,675.0,cover_1519.png
"The Life We Bury (Joe Talbert, #1; Detective Max Rupert, #1)",https://www.goodreads.com/book/show/20758175-the-life-we-bury,Allen Eskens,4.09,223729,https://i.gr-assets.com/images/S/compressed.photo.goodreads.com/books/1437077793i/20758175._SY75_.jpg,0,304.0,cover_1520.png
The Death of Mrs. Westaway,https://www.goodreads.com/book/show/36373481-the-death-of-mrs-westaway,Ruth Ware,3.79,205977,https://i.gr-assets.com/images/S/compressed.photo.goodreads.com/books/1518710953i/36373481._SY75_.jpg,0,368.0,cover_1521.png
I'm Thinking of Ending Things,https://www.goodreads.com/book/show/40605223-i-m-thinking-of-ending-things,Iain Reid,3.50,214976,https://i.gr-assets.com/images/S/compressed.photo.goodreads.com/books/1625603942i/40605223._SY75_.jpg,4,241.0,cover_1522.png
"The A.B.C. Murders (Hercule Poirot, #13)",https://www.goodreads.com/book/show/16322.The_A_B_C_Murders,Agatha Christie,4.03,213590,https://i.gr-assets.com/images/S/compressed.photo.goodreads.com/books/1389733983i/16322._SY75_.jpg,3,207.0,cover_1523.png
"The Bands of Mourning (Mistborn, #6)",https://www.goodreads.com/book/show/18739426-the-bands-of-mourning,Brandon Sanderson,4.40,206541,https://i.gr-assets.com/images/S/compressed.photo.goodreads.com/books/1730639847i/18739426._SY75_.jpg,0,455.0,cover_1524.png
"We Are All Guilty Here (North Falls, #1)",https://www.goodreads.com/book/show/221544394-we-are-all-guilty-here,Karin Slaughter,4.17,205760,https://i.gr-assets.com/images/S/compressed.photo.goodreads.com/books/1776449135i/221544394._SX50_.jpg,0,439.0,cover_1525.png
The Reappearance of Rachel Price,https://www.goodreads.com/book/show/182484360-the-reappearance-of-rachel-price,Holly Jackson,4.08,252865,https://i.gr-assets.com/images/S/compressed.photo.goodreads.com/books/1692547104i/182484360._SY75_.jpg,0,438.0,cover_1526.png
The Unmaking of June Farrow,https://www.goodreads.com/book/show/66087062-the-unmaking-of-june-farrow,Adrienne Young,4.10,216334,https://i.gr-assets.com/images/S/compressed.photo.goodreads.com/books/1678126802i/66087062._SY75_.jpg,0,320.0,cover_1527.png
The Push,https://www.goodreads.com/book/show/52476830-the-push,Ashley Audrain,4.03,468120,https://i.gr-assets.com/images/S/compressed.photo.goodreads.com/books/1609854219i/52476830._SY75_.jpg,0,307.0,cover_1528.png
The Invisible Man,https://www.goodreads.com/book/show/17184.The_Invisible_Man,H.G. Wells,3.63,224342,https://i.gr-assets.com/images/S/compressed.photo.goodreads.com/books/1630661776i/17184._SY75_.jpg,3,192.0,cover_1529.png
"Kill for Me, Kill for You",https://www.goodreads.com/book/show/176451879-kill-for-me-kill-for-you,Steve Cavanagh,4.12,215855,https://i.gr-assets.com/images/S/compressed.photo.goodreads.com/books/1687105490i/176451879._SY75_.jpg,0,340.0,cover_1530.png
The Immortalists,https://www.goodreads.com/book/show/30288282-the-immortalists,Chloe Benjamin,3.71,224547,https://i.gr-assets.com/images/S/compressed.photo.goodreads.com/books/1493015963i/30288282._SY75_.jpg,0,346.0,cover_1531.png
Home Before Dark,https://www.goodreads.com/book/show/50833559-home-before-dark,Riley Sager,4.04,341859,https://i.gr-assets.com/images/S/compressed.photo.goodreads.com/books/1571683410l/50833559._SX50_SY75_.jpg,0,389.0,cover_1532.png
The Names,https://www.goodreads.com/book/show/217245618-the-names,Florence Knapp,4.12,332929,https://i.gr-assets.com/images/S/compressed.photo.goodreads.com/books/1746106001i/217245618._SY75_.jpg,0,328.0,cover_1533.png
"A Conjuring of Light (Shades of Magic, #3)",https://www.goodreads.com/book/show/29939230-a-conjuring-of-light,V.E. Schwab,4.29,202008,https://i.gr-assets.com/images/S/compressed.photo.goodreads.com/books/1758323297i/29939230._SY75_.jpg,0,624.0,cover_1534.png
The Last Flight,https://www.goodreads.com/book/show/52652923-the-last-flight,Julie Clark,4.09,298148,https://i.gr-assets.com/images/S/compressed.photo.goodreads.com/books/1617291197i/52652923._SY75_.jpg,0,320.0,cover_1535.png
The Summer of Broken Rules,https://www.goodreads.com/book/show/49259788-the-summer-of-broken-rules,K.L. Walther,3.87,378527,https://i.gr-assets.com/images/S/compressed.photo.goodreads.com/books/1600698670i/49259788._SX50_.jpg,0,359.0,cover_1536.png
Stoner,https://www.goodreads.com/book/show/166997.Stoner,John Williams,4.36,298308,https://i.gr-assets.com/images/S/compressed.photo.goodreads.com/books/1742326950i/166997._SY75_.jpg,4,292.0,cover_1537.png
"Fearless (The Powerless Trilogy, #3)",https://www.goodreads.com/book/show/214151222-fearless,Lauren Roberts,4.03,464645,https://i.gr-assets.com/images/S/compressed.photo.goodreads.com/books/1730330746i/214151222._SY75_.jpg,0,593.0,cover_1538.png
"Men Are from Mars, Women Are from Venus",https://www.goodreads.com/book/show/1274.Men_Are_from_Mars_Women_Are_from_Venus,John Gray,3.58,202446,https://i.gr-assets.com/images/S/compressed.photo.goodreads.com/books/1441636319i/1274._SY75_.jpg,0,368.0,cover_1539.png
"A Torch Against the Night (An Ember in the Ashes, #2)",https://www.goodreads.com/book/show/213075405-a-torch-against-the-night,Sabaa Tahir,4.21,207590,https://i.gr-assets.com/images/S/compressed.photo.goodreads.com/books/1715196109i/213075405._SX50_.jpg,0,460.0,cover_1540.png
We Need to Talk About Kevin,https://www.goodreads.com/book/show/80660.We_Need_to_Talk_About_Kevin,Lionel Shriver,4.08,222613,https://i.gr-assets.com/images/S/compressed.photo.goodreads.com/books/1327865017i/80660._SY75_.jpg,0,400.0,cover_1541.png
The Lost Bookshop,https://www.goodreads.com/book/show/65137920-the-lost-bookshop,Evie Woods,3.97,389960,https://i.gr-assets.com/images/S/compressed.photo.goodreads.com/books/1721406796i/65137920._SY75_.jpg,0,444.0,cover_1542.png
The Divorce,https://www.goodreads.com/book/show/244403162-the-divorce,Freida McFadden,3.87,310202,https://i.gr-assets.com/images/S/compressed.photo.goodreads.com/books/1769708783i/244403162._SY75_.jpg,0,368.0,cover_1543.png
Timeline,https://www.goodreads.com/book/show/7669.Timeline,Michael Crichton,3.87,220512,https://i.gr-assets.com/images/S/compressed.photo.goodreads.com/books/1405420745i/7669._SY75_.jpg,0,489.0,cover_1544.png
"The Throne of Fire (The Kane Chronicles, #2)",https://www.goodreads.com/book/show/9067850-the-throne-of-fire,Rick Riordan,4.18,233347,https://i.gr-assets.com/images/S/compressed.photo.goodreads.com/books/1661018148i/9067850._SY75_.jpg,0,452.0,cover_1545.png
"The Body Keeps the Score: Brain, Mind, and Body in the Healing of Trauma",https://www.goodreads.com/book/show/18693771-the-body-keeps-the-score,Bessel van der Kolk,4.33,307490,https://i.gr-assets.com/images/S/compressed.photo.goodreads.com/books/1594559067i/18693771._SY75_.jpg,0,464.0,cover_1546.png
All Fours,https://www.goodreads.com/book/show/197798168-all-fours,Miranda July,3.38,245930,https://i.gr-assets.com/images/S/compressed.photo.goodreads.com/books/1695913995i/197798168._SY75_.jpg,0,336.0,cover_1547.png
The Favorites,https://www.goodreads.com/book/show/211399784-the-favorites,Layne Fargo,4.02,281709,https://i.gr-assets.com/images/S/compressed.photo.goodreads.com/books/1713149403i/211399784._SY75_.jpg,0,448.0,cover_1548.png
"Off to the Races (Gold Rush Ranch, #1)",https://www.goodreads.com/book/show/202547922-off-to-the-races,Elsie Silver,3.68,209572,https://i.gr-assets.com/images/S/compressed.photo.goodreads.com/books/1710923729i/202547922._SY75_.jpg,0,470.0,cover_1549.png
"Apprentice to the Villain (Assistant to the Villain, #2)",https://www.goodreads.com/book/show/203147386-apprentice-to-the-villain,Hannah Nicole Maehrer,4.09,214461,https://i.gr-assets.com/images/S/compressed.photo.goodreads.com/books/1730881672i/203147386._SY75_.jpg,0,368.0,cover_1550.png
Between the World and Me,https://www.goodreads.com/book/show/25489625-between-the-world-and-me,Ta-Nehisi Coates,4.40,375588,https://i.gr-assets.com/images/S/compressed.photo.goodreads.com/books/1451435027i/25489625._SY75_.jpg,0,152.0,cover_1551.png
Animal Farm / 1984,https://www.goodreads.com/book/show/5472.Animal_Farm_1984,George Orwell,4.30,222074,https://i.gr-assets.com/images/S/compressed.photo.goodreads.com/books/1327959366i/5472._SY75_.jpg,0,400.0,cover_1552.png
"Wolves of the Calla (Dark Tower, #5)",https://www.goodreads.com/book/show/4978.Wolves_of_the_Calla,Stephen King,4.20,207772,https://i.gr-assets.com/images/S/compressed.photo.goodreads.com/books/1419360231i/4978._SY75_.jpg,0,960.0,cover_1553.png
"Scythe & Sparrow (The Ruinous Love Trilogy, #3)",https://www.goodreads.com/book/show/127616032-scythe-sparrow,Brynne Weaver,4.07,226724,https://i.gr-assets.com/images/S/compressed.photo.goodreads.com/books/1714505398i/127616032._SY75_.jpg,0,416.0,cover_1554.png
Firestarter,https://www.goodreads.com/book/show/233667.Firestarter,Stephen King,3.92,252567,https://i.gr-assets.com/images/S/compressed.photo.goodreads.com/books/1592553161i/233667._SY75_.jpg,0,564.0,cover_1555.png
"Children of Blood and Bone (Legacy of Orïsha, #1)",https://www.goodreads.com/book/show/34728667-children-of-blood-and-bone,Tomi Adeyemi,4.10,258351,https://i.gr-assets.com/images/S/compressed.photo.goodreads.com/books/1516127989i/34728667._SX50_.jpg,0,544.0,cover_1556.png
"Still Life (Chief Inspector Armand Gamache, #1)",https://www.goodreads.com/book/show/338691.Still_Life,Louise Penny,3.89,295790,https://i.gr-assets.com/images/S/compressed.photo.goodreads.com/books/1324373974i/338691._SY75_.jpg,0,293.0,cover_1557.png
"The Wide Window (A Series of Unfortunate Events, #3)",https://www.goodreads.com/book/show/438492.The_Wide_Window,Lemony Snicket,3.95,215949,https://i.gr-assets.com/images/S/compressed.photo.goodreads.com/books/1518654331i/438492._SX50_.jpg,0,214.0,cover_1558.png
"The Sword of Summer (Magnus Chase and the Gods of Asgard, #1)",https://www.goodreads.com/book/show/15724396-the-sword-of-summer,Rick Riordan,4.23,247186,https://i.gr-assets.com/images/S/compressed.photo.goodreads.com/books/1434701340i/15724396._SY75_.jpg,0,491.0,cover_1559.png
Just the Nicest Couple,https://www.goodreads.com/book/show/60666845-just-the-nicest-couple,Mary Kubica,3.56,249542,https://i.gr-assets.com/images/S/compressed.photo.goodreads.com/books/1659111505i/60666845._SY75_.jpg,0,320.0,cover_1560.png
"A Psalm for the Wild-Built (Monk & Robot, #1)",https://www.goodreads.com/book/show/40864002-a-psalm-for-the-wild-built,Becky Chambers,4.20,206673,https://i.gr-assets.com/images/S/compressed.photo.goodreads.com/books/1600789291i/40864002._SY75_.jpg,0,151.0,cover_1561.png
"Ninth House (Ninth House Trilogy, #1)",https://www.goodreads.com/book/show/43263680-ninth-house,Leigh Bardugo,4.00,420932,https://i.gr-assets.com/images/S/compressed.photo.goodreads.com/books/1553102141i/43263680._SY75_.jpg,0,461.0,cover_1562.png
There There,https://www.goodreads.com/book/show/36692478-there-there,Tommy Orange,3.97,235173,https://i.gr-assets.com/images/S/compressed.photo.goodreads.com/books/1512071034i/36692478._SY75_.jpg,0,294.0,cover_1563.png
"Heartstopper: Volume Five (Heartstopper, #5)",https://www.goodreads.com/book/show/53344030-heartstopper,Alice Oseman,4.46,209842,https://i.gr-assets.com/images/S/compressed.photo.goodreads.com/books/1695913246i/53344030._SY75_.jpg,0,336.0,cover_1564.png
Girl Wash your Face,https://www.goodreads.com/book/show/35542451-girl-wash-your-face,Rachel Hollis,3.57,275715,https://i.gr-assets.com/images/S/compressed.photo.goodreads.com/books/1513038393i/35542451._SY75_.jpg,0,240.0,cover_1565.png
The Mother-in-Law,https://www.goodreads.com/book/show/46251368-the-mother-in-law,Sally Hepworth,3.96,215223,https://i.gr-assets.com/images/S/compressed.photo.goodreads.com/books/1560186318i/46251368._SX50_.jpg,0,347.0,cover_1566.png
The Forgotten Garden,https://www.goodreads.com/book/show/3407877-the-forgotten-garden,Kate Morton,4.16,244270,https://i.gr-assets.com/images/S/compressed.photo.goodreads.com/books/1547843777i/3407877._SY75_.jpg,0,648.0,cover_1567.png
Without Merit,https://www.goodreads.com/book/show/33280872-without-merit,Colleen Hoover,3.65,339042,https://i.gr-assets.com/images/S/compressed.photo.goodreads.com/books/1506608833i/33280872._SY75_.jpg,0,384.0,cover_1568.png
"Nightbane (Lightlark, #2)",https://www.goodreads.com/book/show/58410355-nightbane,Alex Aster,4.07,206521,https://i.gr-assets.com/images/S/compressed.photo.goodreads.com/books/1680364240i/58410355._SY75_.jpg,0,432.0,cover_1569.png
Why Not Me?,https://www.goodreads.com/book/show/30268522-why-not-me,Mindy Kaling,3.90,228416,https://i.gr-assets.com/images/S/compressed.photo.goodreads.com/books/1473956249i/30268522._SY75_.jpg,0,240.0,cover_1570.png
"Love & Gelato (Love & Gelato, #1)",https://www.goodreads.com/book/show/25756328-love-gelato,Jenna Evans Welch,4.02,201803,https://i.gr-assets.com/images/S/compressed.photo.goodreads.com/books/1708109640i/25756328._SY75_.jpg,0,386.0,cover_1571.png
"Glow of the Everflame (Kindred's Curse, #2)",https://www.goodreads.com/book/show/124935969-glow-of-the-everflame,Penn Cole,4.33,258857,https://i.gr-assets.com/images/S/compressed.photo.goodreads.com/books/1680370864i/124935969._SY75_.jpg,0,610.0,cover_1572.png
Factfulness: Ten Reasons We're Wrong About the World – and Why Things Are Better Than You Think,https://www.goodreads.com/book/show/34890015-factfulness,Hans Rosling,4.35,206430,https://i.gr-assets.com/images/S/compressed.photo.goodreads.com/books/1544963815i/34890015._SY75_.jpg,0,342.0,cover_1573.png
"Caught Up (Into Darkness, #2)",https://www.goodreads.com/book/show/220207768-caught-up,Navessa Allen,3.79,271555,https://i.gr-assets.com/images/S/compressed.photo.goodreads.com/books/1737618323i/220207768._SY75_.jpg,0,352.0,cover_1574.png
The Complete Sherlock Holmes,https://www.goodreads.com/book/show/245868058-the-complete-sherlock-holmes,Arthur Conan Doyle,4.51,220075,https://i.gr-assets.com/images/S/compressed.photo.goodreads.com/books/1766935282i/245868058._SY75_.jpg,0,1077.0,cover_1575.png
"Royal Assassin (Farseer Trilogy, #2)",https://www.goodreads.com/book/show/25300956-royal-assassin,Robin Hobb,4.30,264907,https://i.gr-assets.com/images/S/compressed.photo.goodreads.com/books/1428234219i/25300956._SY75_.jpg,0,675.0,cover_1576.png
"Behind the Net (Vancouver Storm, #1)",https://www.goodreads.com/book/show/174713026-behind-the-net,Stephanie Archer,3.78,212178,https://i.gr-assets.com/images/S/compressed.photo.goodreads.com/books/1686077128i/174713026._SY75_.jpg,0,424.0,cover_1577.png
"Rhapsodic (The Bargainer, #1)",https://www.goodreads.com/book/show/62316279-rhapsodic,Laura Thalassa,3.89,204326,https://i.gr-assets.com/images/S/compressed.photo.goodreads.com/books/1662460973i/62316279._SY75_.jpg,0,423.0,cover_1578.png
"After (After, #1)",https://www.goodreads.com/book/show/22557520-after,Anna Todd,3.72,381994,https://i.gr-assets.com/images/S/compressed.photo.goodreads.com/books/1438077259i/22557520._SY75_.jpg,0,582.0,cover_1579.png
Apples Never Fall,https://www.goodreads.com/book/show/56143578-apples-never-fall,Liane Moriarty,3.75,458789,https://i.gr-assets.com/images/S/compressed.photo.goodreads.com/books/1611956842i/56143578._SY75_.jpg,0,467.0,cover_1580.png
Why We Sleep: Unlocking the Power of Sleep and Dreams,https://www.goodreads.com/book/show/34466963-why-we-sleep,Matthew Walker,4.36,237710,https://i.gr-assets.com/images/S/compressed.photo.goodreads.com/books/1556604137i/34466963._SY75_.jpg,0,368.0,cover_1581.png
Billy Summers,https://www.goodreads.com/book/show/56852407-billy-summers,Stephen King,4.17,202171,https://i.gr-assets.com/images/S/compressed.photo.goodreads.com/books/1618151020i/56852407._SY75_.jpg,0,517.0,cover_1582.png
"Heartstopper: Volume Four (Heartstopper, #4)",https://www.goodreads.com/book/show/56060300-heartstopper,Alice Oseman,4.57,453676,https://i.gr-assets.com/images/S/compressed.photo.goodreads.com/books/1640745736i/56060300._SX50_.jpg,0,384.0,cover_1583.png
"Mr. Penumbra's 24-Hour Bookstore (Mr. Penumbra's 24-Hour Bookstore, #1)",https://www.goodreads.com/book/show/13538873-mr-penumbra-s-24-hour-bookstore,Robin Sloan,3.72,218711,https://i.gr-assets.com/images/S/compressed.photo.goodreads.com/books/1345089845i/13538873._SY75_.jpg,0,288.0,cover_1584.png
"Finale (Caraval, #3)",https://www.goodreads.com/book/show/40381392-finale,Stephanie Garber,4.12,424893,https://i.gr-assets.com/images/S/compressed.photo.goodreads.com/books/1540221721i/40381392._SY75_.jpg,0,478.0,cover_1585.png
A Room with a View,https://www.goodreads.com/book/show/3087.A_Room_with_a_View,E.M. Forster,3.89,208197,https://i.gr-assets.com/images/S/compressed.photo.goodreads.com/books/1388781285i/3087._SY75_.jpg,0,119.0,cover_1586.png
"The Waste Lands (Dark Tower, #3)",https://www.goodreads.com/book/show/34084.The_Waste_Lands,Stephen King,4.25,255235,https://i.gr-assets.com/images/S/compressed.photo.goodreads.com/books/1532334476i/34084._SY75_.jpg,0,422.0,cover_1587.png
"Taming 7 (Boys of Tommen, #5)",https://www.goodreads.com/book/show/196219692-taming-7,Chloe Walsh,4.34,264983,https://i.gr-assets.com/images/S/compressed.photo.goodreads.com/books/1692404529i/196219692._SX50_.jpg,0,464.0,cover_1588.png
Batman: The Dark Knight Returns,https://www.goodreads.com/book/show/59960.Batman,Frank Miller,4.26,201299,https://i.gr-assets.com/images/S/compressed.photo.goodreads.com/books/1327892039i/59960._SY75_.jpg,0,197.0,cover_1589.png
The Wish,https://www.goodreads.com/book/show/56625098-the-wish,Nicholas Sparks,4.32,200899,https://i.gr-assets.com/images/S/compressed.photo.goodreads.com/books/1614769180i/56625098._SY75_.jpg,0,387.0,cover_1590.png
Artemis,https://www.goodreads.com/book/show/34928122-artemis,Andy Weir,3.67,362912,https://i.gr-assets.com/images/S/compressed.photo.goodreads.com/books/1776234222i/34928122._SY75_.jpg,0,305.0,cover_1591.png
You Shouldn't Have Come Here,https://www.goodreads.com/book/show/61458888-you-shouldn-t-have-come-here,Jeneva Rose,3.36,336256,https://i.gr-assets.com/images/S/compressed.photo.goodreads.com/books/1666310687i/61458888._SY75_.jpg,0,292.0,cover_1592.png
"Phantasma (Wicked Games, #1)",https://www.goodreads.com/book/show/204593914-phantasma,Kaylie Smith,4.04,365856,https://i.gr-assets.com/images/S/compressed.photo.goodreads.com/books/1710664241i/204593914._SY75_.jpg,0,497.0,cover_1593.png
A People’s History of the United States: 1492 - Present,https://www.goodreads.com/book/show/2767.A_People_s_History_of_the_United_States,Howard Zinn,4.09,273488,https://i.gr-assets.com/images/S/compressed.photo.goodreads.com/books/1494279423i/2767._SY75_.jpg,0,729.0,cover_1594.png
"Pretty Little Liars (Pretty Little Liars, #1)",https://www.goodreads.com/book/show/162085.Pretty_Little_Liars,Sara Shepard,3.84,216780,https://i.gr-assets.com/images/S/compressed.photo.goodreads.com/books/1377830522i/162085._SY75_.jpg,0,286.0,cover_1595.png
Naked in Death,https://www.goodreads.com/book/show/479309.Naked_in_Death,J.D. Robb,4.13,207703,https://i.gr-assets.com/images/S/compressed.photo.goodreads.com/books/1333326143i/479309._SY75_.jpg,0,306.0,cover_1596.png
Our Perfect Storm,https://www.goodreads.com/book/show/239703816-our-perfect-storm,Carley Fortune,4.01,256975,https://i.gr-assets.com/images/S/compressed.photo.goodreads.com/books/1756350403i/239703816._SY75_.jpg,0,432.0,cover_1597.png
"Powerless (Chestnut Springs, #3)",https://www.goodreads.com/book/show/125195303-powerless,Elsie Silver,4.02,509641,https://i.gr-assets.com/images/S/compressed.photo.goodreads.com/books/1684209496i/125195303._SY75_.jpg,0,464.0,cover_1598.png
"Fracture Me (Shatter Me, #2.5)",https://www.goodreads.com/book/show/17331518-fracture-me,Tahereh Mafi,3.33,251366,https://i.gr-assets.com/images/S/compressed.photo.goodreads.com/books/1383413233i/17331518._SX50_.jpg,0,72.0,cover_1599.png
Fun Home: A Family Tragicomic,https://www.goodreads.com/book/show/26135825-fun-home,Alison Bechdel,4.07,208302,https://i.gr-assets.com/images/S/compressed.photo.goodreads.com/books/1440097020i/26135825._SY75_.jpg,0,232.0,cover_1600.png
Death Row,https://www.goodreads.com/book/show/230824619-death-row,Freida McFadden,3.52,261137,https://i.gr-assets.com/images/S/compressed.photo.goodreads.com/books/1743525823i/230824619._SY75_.jpg,0,74.0,cover_1601.png
In Her Own League,https://www.goodreads.com/book/show/230926478-in-her-own-league,Liz Tomforde,4.30,210655,https://i.gr-assets.com/images/S/compressed.photo.goodreads.com/books/1763062347i/230926478._SY75_.jpg,0,473.0,cover_1602.png
"China Rich Girlfriend (Crazy Rich Asians, #2)",https://www.goodreads.com/book/show/22674105-china-rich-girlfriend,Kevin Kwan,3.84,232872,https://i.gr-assets.com/images/S/compressed.photo.goodreads.com/books/1419179404i/22674105._SY75_.jpg,0,378.0,cover_1603.png
One by One,https://www.goodreads.com/book/show/50892433-one-by-one,Ruth Ware,3.72,229936,https://i.gr-assets.com/images/S/compressed.photo.goodreads.com/books/1587655884i/50892433._SY75_.jpg,0,372.0,cover_1604.png
"The Vampire Lestat (The Vampire Chronicles, #2)",https://www.goodreads.com/book/show/43814.The_Vampire_Lestat,Anne Rice,4.11,222733,https://i.gr-assets.com/images/S/compressed.photo.goodreads.com/books/1347515742i/43814._SY75_.jpg,0,481.0,cover_1605.png
The Left Hand of Darkness,https://www.goodreads.com/book/show/18423.The_Left_Hand_of_Darkness,Ursula K. Le Guin,4.09,236143,https://i.gr-assets.com/images/S/compressed.photo.goodreads.com/books/1488213612i/18423._SY75_.jpg,4,304.0,cover_1606.png
Pineapple Street,https://www.goodreads.com/book/show/61246258-pineapple-street,Jenny Jackson,3.55,220530,https://i.gr-assets.com/images/S/compressed.photo.goodreads.com/books/1659404866i/61246258._SY75_.jpg,0,304.0,cover_1607.png
Twenty Years Later,https://www.goodreads.com/book/show/57645345-twenty-years-later,Charlie Donlea,4.16,210587,https://i.gr-assets.com/images/S/compressed.photo.goodreads.com/books/1632079606i/57645345._SY75_.jpg,0,357.0,cover_1608.png
"Tress of the Emerald Sea (Hoid's Travails, #1)",https://www.goodreads.com/book/show/60531406-tress-of-the-emerald-sea,Brandon Sanderson,4.30,329944,https://i.gr-assets.com/images/S/compressed.photo.goodreads.com/books/1672574587i/60531406._SY75_.jpg,0,443.0,cover_1609.png
"The One and Only Ivan (The One and Only, #1)",https://www.goodreads.com/book/show/11594337-the-one-and-only-ivan,Katherine Applegate,4.27,217270,https://i.gr-assets.com/images/S/compressed.photo.goodreads.com/books/1424981397i/11594337._SX50_.jpg,0,304.0,cover_1610.png
"The Dream Thieves (The Raven Cycle, #2)",https://www.goodreads.com/book/show/17347389-the-dream-thieves,Maggie Stiefvater,4.22,224992,https://i.gr-assets.com/images/S/compressed.photo.goodreads.com/books/1477103777i/17347389._SY75_.jpg,0,439.0,cover_1611.png
The Rainmaker,https://www.goodreads.com/book/show/5349.The_Rainmaker,John Grisham,4.02,211672,https://i.gr-assets.com/images/S/compressed.photo.goodreads.com/books/1388265477i/5349._SY75_.jpg,0,576.0,cover_1612.png
Invisible Man,https://www.goodreads.com/book/show/16981.Invisible_Man,Ralph Ellison,3.93,206495,https://i.gr-assets.com/images/S/compressed.photo.goodreads.com/books/1556482805i/16981._SY75_.jpg,0,581.0,cover_1613.png
Till Summer Do Us Part,https://www.goodreads.com/book/show/227081370-till-summer-do-us-part,Meghan Quinn,3.96,209109,https://i.gr-assets.com/images/S/compressed.photo.goodreads.com/books/1750687903i/227081370._SY75_.jpg,0,432.0,cover_1614.png
Everything Is Tuberculosis: The History and Persistence of Our Deadliest Infection,https://www.goodreads.com/book/show/220341389-everything-is-tuberculosis,John Green,4.32,292305,https://i.gr-assets.com/images/S/compressed.photo.goodreads.com/books/1729825992i/220341389._SY75_.jpg,0,198.0,cover_1615.png
"Dead as a Doornail (Sookie Stackhouse, #5)",https://www.goodreads.com/book/show/170210.Dead_as_a_Doornail,Charlaine Harris,4.01,226541,https://i.gr-assets.com/images/S/compressed.photo.goodreads.com/books/1468562419i/170210._SY75_.jpg,0,295.0,cover_1616.png
"A Curse for True Love (Once Upon a Broken Heart, #3)",https://www.goodreads.com/book/show/62816044-a-curse-for-true-love,Stephanie Garber,4.17,481204,https://i.gr-assets.com/images/S/compressed.photo.goodreads.com/books/1674501506i/62816044._SY75_.jpg,0,386.0,cover_1617.png
Nothing to See Here,https://www.goodreads.com/book/show/42519313-nothing-to-see-here,Kevin Wilson,3.95,247581,https://i.gr-assets.com/images/S/compressed.photo.goodreads.com/books/1559591792i/42519313._SY75_.jpg,0,288.0,cover_1618.png
Invisible Girl,https://www.goodreads.com/book/show/50542147-invisible-girl,Lisa Jewell,3.78,201919,https://i.gr-assets.com/images/S/compressed.photo.goodreads.com/books/1600610855i/50542147._SY75_.jpg,0,404.0,cover_1619.png
Mexican Gothic,https://www.goodreads.com/book/show/53152636-mexican-gothic,Silvia Moreno-Garcia,3.66,464359,https://i.gr-assets.com/images/S/compressed.photo.goodreads.com/books/1607462569i/53152636._SY75_.jpg,0,320.0,cover_1620.png
"The American Roommate Experiment (Love Deception, #2)",https://www.goodreads.com/book/show/60114057-the-american-roommate-experiment,Elena Armas,3.78,278939,https://i.gr-assets.com/images/S/compressed.photo.goodreads.com/books/1660147951i/60114057._SY75_.jpg,0,410.0,cover_1621.png
"Under One Roof (The STEMinist Novellas, #1)",https://www.goodreads.com/book/show/59651557-under-one-roof,Ali Hazelwood,3.64,221687,https://i.gr-assets.com/images/S/compressed.photo.goodreads.com/books/1721748776i/59651557._SX50_.jpg,0,112.0,cover_1622.png
"The Black Echo (Harry Bosch, #1; Harry Bosch Universe, #1)",https://www.goodreads.com/book/show/32508.The_Black_Echo,Michael Connelly,4.15,222044,https://i.gr-assets.com/images/S/compressed.photo.goodreads.com/books/1344265342i/32508._SY75_.jpg,0,482.0,cover_1623.png
"Fated Throne (Zodiac Academy, #6)",https://www.goodreads.com/book/show/53535526-fated-throne,Caroline Peckham,4.31,243665,https://i.gr-assets.com/images/S/compressed.photo.goodreads.com/books/1605478159i/53535526._SY75_.jpg,0,823.0,cover_1624.png
"The Shadow Rising (The Wheel of Time, #4)",https://www.goodreads.com/book/show/9539.The_Shadow_Rising,Robert Jordan,4.29,269443,https://i.gr-assets.com/images/S/compressed.photo.goodreads.com/books/1638239837i/9539._SY75_.jpg,0,1007.0,cover_1625.png
"Out on a Limb (Out, #1)",https://www.goodreads.com/book/show/124950295-out-on-a-limb,Hannah Bonam-Young,4.23,202724,https://i.gr-assets.com/images/S/compressed.photo.goodreads.com/books/1682792551i/124950295._SY75_.jpg,0,397.0,cover_1626.png
Mad Mabel,https://www.goodreads.com/book/show/231127044-mad-mabel,Sally Hepworth,4.37,247576,https://i.gr-assets.com/images/S/compressed.photo.goodreads.com/books/1775070793i/231127044._SY75_.jpg,0,352.0,cover_1627.png
Keep It in the Family,https://www.goodreads.com/book/show/60109530-keep-it-in-the-family,John Marrs,4.06,268412,https://i.gr-assets.com/images/S/compressed.photo.goodreads.com/books/1755098318i/60109530._SY75_.jpg,0,380.0,cover_1628.png
"On Dublin Street (On Dublin Street, #1)",https://www.goodreads.com/book/show/199259115-on-dublin-street,Samantha Young,4.14,206650,https://i.gr-assets.com/images/S/compressed.photo.goodreads.com/books/1696248467i/199259115._SY75_.jpg,0,415.0,cover_1629.png
What Lies Between Us,https://www.goodreads.com/book/show/51497008-what-lies-between-us,John Marrs,4.01,235603,https://i.gr-assets.com/images/S/compressed.photo.goodreads.com/books/1755098618i/51497008._SY75_.jpg,0,381.0,cover_1630.png
"We Solve Murders (We Solve Murders, #1)",https://www.goodreads.com/book/show/203956647-we-solve-murders,Richard Osman,4.05,204402,https://i.gr-assets.com/images/S/compressed.photo.goodreads.com/books/1708482199i/203956647._SY75_.jpg,0,400.0,cover_1631.png
"The Butcher's Masquerade (Dungeon Crawler Carl, #5)",https://www.goodreads.com/book/show/220772913-the-butcher-s-masquerade,Matt Dinniman,4.68,219660,https://i.gr-assets.com/images/S/compressed.photo.goodreads.com/books/1734098643i/220772913._SY75_.jpg,0,707.0,cover_1632.png
White Nights,https://www.goodreads.com/book/show/1772910.White_Nights,Fyodor Dostoevsky,4.06,439531,https://i.gr-assets.com/images/S/compressed.photo.goodreads.com/books/1450699039i/1772910._SX50_.jpg,4,82.0,cover_1633.png
The Glass Hotel,https://www.goodreads.com/book/show/45754981-the-glass-hotel,Emily St. John Mandel,3.69,202180,https://i.gr-assets.com/images/S/compressed.photo.goodreads.com/books/1564199892i/45754981._SX50_.jpg,0,307.0,cover_1634.png
The Choice,https://www.goodreads.com/book/show/25402194-the-choice,Nicholas Sparks,4.01,200296,https://i.gr-assets.com/images/S/compressed.photo.goodreads.com/books/1448923617i/25402194._SY75_.jpg,0,325.0,cover_1635.png
"To Sir Phillip, With Love (Bridgertons, #5)",https://www.goodreads.com/book/show/110386.To_Sir_Phillip_With_Love,Julia Quinn,3.69,328887,https://i.gr-assets.com/images/S/compressed.photo.goodreads.com/books/1274211519i/110386._SY75_.jpg,0,372.0,cover_1636.png
Warbreaker,https://www.goodreads.com/book/show/1268479.Warbreaker,Brandon Sanderson,4.29,303130,https://i.gr-assets.com/images/S/compressed.photo.goodreads.com/books/1240256182i/1268479._SY75_.jpg,0,688.0,cover_1637.png
Not a Happy Family,https://www.goodreads.com/book/show/56366617-not-a-happy-family,Shari Lapena,3.78,225898,https://i.gr-assets.com/images/S/compressed.photo.goodreads.com/books/1608637770i/56366617._SY75_.jpg,0,349.0,cover_1638.png
Interpreter of Maladies,https://www.goodreads.com/book/show/5439.Interpreter_of_Maladies,Jhumpa Lahiri,4.18,211138,https://i.gr-assets.com/images/S/compressed.photo.goodreads.com/books/1442586143i/5439._SY75_.jpg,0,198.0,cover_1639.png
"Saving 6 (Boys of Tommen, #3)",https://www.goodreads.com/book/show/146943389-saving-6,Chloe Walsh,4.46,369359,https://i.gr-assets.com/images/S/compressed.photo.goodreads.com/books/1743767749i/146943389._SX50_.jpg,0,496.0,cover_1640.png
The River Is Waiting,https://www.goodreads.com/book/show/219319489-the-river-is-waiting,Wally Lamb,4.28,214800,https://i.gr-assets.com/images/S/compressed.photo.goodreads.com/books/1749666637i/219319489._SY75_.jpg,0,466.0,cover_1641.png
"Believe Me (Shatter Me, #6.5)",https://www.goodreads.com/book/show/58517502-believe-me,Tahereh Mafi,4.10,201791,https://i.gr-assets.com/images/S/compressed.photo.goodreads.com/books/1626984973i/58517502._SY75_.jpg,0,177.0,cover_1642.png
"Terms and Conditions (Dreamland Billionaires, #2)",https://www.goodreads.com/book/show/86767939-terms-and-conditions,Lauren Asher,4.07,485461,https://i.gr-assets.com/images/S/compressed.photo.goodreads.com/books/1674743453i/86767939._SY75_.jpg,0,494.0,cover_1643.png
"Gathering Blue (Giver, #2)",https://www.goodreads.com/book/show/12936.Gathering_Blue,Lois Lowry,3.83,215311,https://i.gr-assets.com/images/S/compressed.photo.goodreads.com/books/1388195391i/12936._SY75_.jpg,0,240.0,cover_1644.png
Choke,https://www.goodreads.com/book/show/29059.Choke,Chuck Palahniuk,3.71,224440,https://i.gr-assets.com/images/S/compressed.photo.goodreads.com/books/1624579622i/29059._SY75_.jpg,0,293.0,cover_1645.png
Between Shades of Gray,https://www.goodreads.com/book/show/7824322-between-shades-of-gray,Ruta Sepetys,4.36,286981,https://i.gr-assets.com/images/S/compressed.photo.goodreads.com/books/1327873479i/7824322._SX50_.jpg,5,344.0,cover_1646.png
"Final Offer (Dreamland Billionaires, #3)",https://www.goodreads.com/book/show/61681786-final-offer,Lauren Asher,4.17,322755,https://i.gr-assets.com/images/S/compressed.photo.goodreads.com/books/1675342454i/61681786._SY75_.jpg,0,583.0,cover_1647.png
"The Atlas Six (The Atlas, #1)",https://www.goodreads.com/book/show/50520939-the-atlas-six,Olivie Blake,3.53,288679,https://i.gr-assets.com/images/S/compressed.photo.goodreads.com/books/1714503138i/50520939._SY75_.jpg,0,376.0,cover_1648.png
"The Chase (Briar U, #1)",https://www.goodreads.com/book/show/34851664-the-chase,Elle Kennedy,3.84,325502,https://i.gr-assets.com/images/S/compressed.photo.goodreads.com/books/1530890863i/34851664._SY75_.jpg,0,368.0,cover_1649.png
"Dire Bound (The Wolves of Ruin, #1)",https://www.goodreads.com/book/show/234292648-dire-bound,Sable Sorensen,4.31,248806,https://i.gr-assets.com/images/S/compressed.photo.goodreads.com/books/1747439244i/234292648._SY75_.jpg,0,605.0,cover_1650.png
"Scott Pilgrim's Precious Little Life (Scott Pilgrim, #1)",https://www.goodreads.com/book/show/29800.Scott_Pilgrim_s_Precious_Little_Life,Bryan Lee O'Malley,4.19,222102,https://i.gr-assets.com/images/S/compressed.photo.goodreads.com/books/1348109012i/29800._SX50_.jpg,0,168.0,cover_1651.png
"The Perfect Child (Hannah Bauer, #1)",https://www.goodreads.com/book/show/40886917-the-perfect-child,Lucinda Berry,4.01,231130,https://i.gr-assets.com/images/S/compressed.photo.goodreads.com/books/1547060657i/40886917._SX50_.jpg,0,371.0,cover_1652.png
"Legendborn (The Legendborn Cycle, #1)",https://www.goodreads.com/book/show/50892338-legendborn,Tracy Deonn,4.29,202747,https://i.gr-assets.com/images/S/compressed.photo.goodreads.com/books/1598382979i/50892338._SY75_.jpg,0,502.0,cover_1653.png
"Serpent & Dove (Serpent & Dove, #1)",https://www.goodreads.com/book/show/40024139-serpent-dove,Shelby Mahurin,3.96,353530,https://i.gr-assets.com/images/S/compressed.photo.goodreads.com/books/1549476128i/40024139._SY75_.jpg,0,513.0,cover_1654.png
"Redeeming 6 (Boys of Tommen, #4)",https://www.goodreads.com/book/show/146943908-redeeming-6,Chloe Walsh,4.63,318388,https://i.gr-assets.com/images/S/compressed.photo.goodreads.com/books/1716911736i/146943908._SY75_.jpg,0,766.0,cover_1655.png
Seven Days in June,https://www.goodreads.com/book/show/55648820-seven-days-in-june,Tia Williams,3.97,237643,https://i.gr-assets.com/images/S/compressed.photo.goodreads.com/books/1621846249i/55648820._SY75_.jpg,0,336.0,cover_1656.png
"Pines (Wayward Pines, #1)",https://www.goodreads.com/book/show/15096164-pines,Blake Crouch,3.91,202846,https://i.gr-assets.com/images/S/compressed.photo.goodreads.com/books/1471617928i/15096164._SY75_.jpg,0,307.0,cover_1657.png
"Little Stranger (The Web of Silence Duet, #1)",https://www.goodreads.com/book/show/213798776-little-stranger,Leigh Rivers,3.74,212614,https://i.gr-assets.com/images/S/compressed.photo.goodreads.com/books/1716473106i/213798776._SY75_.jpg,0,207.0,cover_1658.png
"The Story of a New Name (Neapolitan Novels, #2)",https://www.goodreads.com/book/show/17465515-the-story-of-a-new-name,Elena Ferrante,4.47,256703,https://i.gr-assets.com/images/S/compressed.photo.goodreads.com/books/1641699224i/17465515._SY75_.jpg,4,471.0,cover_1659.png
The Dead Romantics,https://www.goodreads.com/book/show/58885776-the-dead-romantics,Ashley Poston,3.90,283537,https://i.gr-assets.com/images/S/compressed.photo.goodreads.com/books/1649027850i/58885776._SX50_.jpg,0,368.0,cover_1660.png
"Heated Rivalry (Game Changers, #2)",https://www.goodreads.com/book/show/220966494-heated-rivalry,Rachel Reid,4.25,455627,https://i.gr-assets.com/images/S/compressed.photo.goodreads.com/books/1764956889i/220966494._SY75_.jpg,0,372.0,cover_1661.png
"Destroy Me (Shatter Me, #1.5)",https://www.goodreads.com/book/show/13623150-destroy-me,Tahereh Mafi,3.93,385944,https://i.gr-assets.com/images/S/compressed.photo.goodreads.com/books/1340398466i/13623150._SX50_.jpg,0,111.0,cover_1662.png
The Golden Couple,https://www.goodreads.com/book/show/57693416-the-golden-couple,Greer Hendricks,3.97,244835,https://i.gr-assets.com/images/S/compressed.photo.goodreads.com/books/1633973719i/57693416._SY75_.jpg,0,329.0,cover_1663.png
"Last Argument of Kings (The First Law, #3)",https://www.goodreads.com/book/show/944076.Last_Argument_of_Kings,Joe Abercrombie,4.37,214873,https://i.gr-assets.com/images/S/compressed.photo.goodreads.com/books/1737810948i/944076._SY75_.jpg,0,536.0,cover_1664.png
"Love, Mom",https://www.goodreads.com/book/show/237252399-love-mom,Iliana Xander,4.18,228913,https://i.gr-assets.com/images/S/compressed.photo.goodreads.com/books/1750896828i/237252399._SY75_.jpg,0,368.0,cover_1665.png
What If?: Serious Scientific Answers to Absurd Hypothetical Questions,https://www.goodreads.com/book/show/21413662-what-if,Randall Munroe,4.14,200750,https://i.gr-assets.com/images/S/compressed.photo.goodreads.com/books/1451351509i/21413662._SX50_.jpg,0,303.0,cover_1666.png
"Lady Midnight (The Dark Artifices, #1)",https://www.goodreads.com/book/show/25494343-lady-midnight,Cassandra Clare,4.35,248853,https://i.gr-assets.com/images/S/compressed.photo.goodreads.com/books/1460477682i/25494343._SY75_.jpg,0,688.0,cover_1667.png
Never Never,https://www.goodreads.com/book/show/63120226-never-never,Colleen Hoover,3.29,229224,https://i.gr-assets.com/images/S/compressed.photo.goodreads.com/books/1667522795i/63120226._SX50_.jpg,0,416.0,cover_1668.png
Survive the Night,https://www.goodreads.com/book/show/55628983-survive-the-night,Riley Sager,3.51,201007,https://i.gr-assets.com/images/S/compressed.photo.goodreads.com/books/1603780911i/55628983._SY75_.jpg,0,324.0,cover_1669.png
Pen Pal,https://www.goodreads.com/book/show/60192737-pen-pal,J.T. Geissinger,4.10,240805,https://i.gr-assets.com/images/S/compressed.photo.goodreads.com/books/1643301835i/60192737._SY75_.jpg,0,375.0,cover_1670.png
"Heat of the Everflame (Kindred's Curse, #3)",https://www.goodreads.com/book/show/124936017-heat-of-the-everflame,Penn Cole,4.22,211077,https://i.gr-assets.com/images/S/compressed.photo.goodreads.com/books/1680371049i/124936017._SY75_.jpg,0,778.0,cover_1671.png
"A Touch of Ruin (Hades x Persephone Saga, #2)",https://www.goodreads.com/book/show/53143734-a-touch-of-ruin,Scarlett St. Clair,3.79,203527,https://i.gr-assets.com/images/S/compressed.photo.goodreads.com/books/1611949990i/53143734._SY75_.jpg,0,417.0,cover_1672.png
"Wild Card (Rose Hill, #4)",https://www.goodreads.com/book/show/227948548-wild-card,Elsie Silver,4.07,210223,https://i.gr-assets.com/images/S/compressed.photo.goodreads.com/books/1742922371i/227948548._SY75_.jpg,0,464.0,cover_1673.png
The Light We Lost,https://www.goodreads.com/book/show/32956365-the-light-we-lost,Jill Santopolo,3.84,206204,https://i.gr-assets.com/images/S/compressed.photo.goodreads.com/books/1493724414i/32956365._SY75_.jpg,0,328.0,cover_1674.png
"Lonesome Dove (Lonesome Dove, #1)",https://www.goodreads.com/book/show/256008.Lonesome_Dove,Larry McMurtry,4.60,282813,https://i.gr-assets.com/images/S/compressed.photo.goodreads.com/books/1559668037i/256008._SY75_.jpg,0,960.0,cover_1675.png
To the Lighthouse,https://www.goodreads.com/book/show/59716.To_the_Lighthouse,Virginia Woolf,3.81,225224,https://i.gr-assets.com/images/S/compressed.photo.goodreads.com/books/1639106809i/59716._SY75_.jpg,2,209.0,cover_1676.png
"Angelfall (Penryn & the End of Days, #1)",https://www.goodreads.com/book/show/15863832-angelfall,Susan Ee,4.09,200715,https://i.gr-assets.com/images/S/compressed.photo.goodreads.com/books/1464206558i/15863832._SY75_.jpg,0,288.0,cover_1677.png
One Day in December,https://www.goodreads.com/book/show/38255337-one-day-in-december,Josie Silver,3.82,370537,https://i.gr-assets.com/images/S/compressed.photo.goodreads.com/books/1701802777i/38255337._SY75_.jpg,0,393.0,cover_1678.png
"Nocticadia (Nocticadia, #1)",https://www.goodreads.com/book/show/136470356-nocticadia,Keri Lake,4.19,207784,https://i.gr-assets.com/images/S/compressed.photo.goodreads.com/books/1682369367i/136470356._SY75_.jpg,0,682.0,cover_1679.png
House of Leaves,https://www.goodreads.com/book/show/24800.House_of_Leaves,Mark Z. Danielewski,4.09,212218,https://i.gr-assets.com/images/S/compressed.photo.goodreads.com/books/1403889034i/24800._SX50_.jpg,0,709.0,cover_1680.png
The Age of Innocence,https://www.goodreads.com/book/show/53835.The_Age_of_Innocence,Edith Wharton,3.97,203593,https://i.gr-assets.com/images/S/compressed.photo.goodreads.com/books/1388248423i/53835._SY75_.jpg,0,293.0,cover_1681.png
"Game Changer (Game Changers, #1)",https://www.goodreads.com/book/show/220965585-game-changer,Rachel Reid,3.77,249766,https://i.gr-assets.com/images/S/compressed.photo.goodreads.com/books/1764957077i/220965585._SY75_.jpg,0,400.0,cover_1682.png
Don't Let Him In,https://www.goodreads.com/book/show/220160814-don-t-let-him-in,Lisa Jewell,3.75,281590,https://i.gr-assets.com/images/S/compressed.photo.goodreads.com/books/1730151826i/220160814._SY75_.jpg,0,361.0,cover_1683.png
The Girl Who Was Taken,https://www.goodreads.com/book/show/39657755-the-girl-who-was-taken,Charlie Donlea,4.15,201362,https://i.gr-assets.com/images/S/compressed.photo.goodreads.com/books/1522156793i/39657755._SY75_.jpg,0,449.0,cover_1684.png
The Last One at the Wedding,https://www.goodreads.com/book/show/203579177-the-last-one-at-the-wedding,Jason Rekulak,3.61,201514,https://i.gr-assets.com/images/S/compressed.photo.goodreads.com/books/1728476850i/203579177._SY75_.jpg,0,338.0,cover_1685.png
"Addicted to You (Addicted, #1)",https://www.goodreads.com/book/show/55475442-addicted-to-you,Krista Ritchie,3.69,203409,https://i.gr-assets.com/images/S/compressed.photo.goodreads.com/books/1601267875i/55475442._SY75_.jpg,0,335.0,cover_1686.png
"Brimstone (Fae & Alchemy, #2)",https://www.goodreads.com/book/show/222139748-brimstone,Callie Hart,4.02,386981,https://i.gr-assets.com/images/S/compressed.photo.goodreads.com/books/1742991443i/222139748._SY75_.jpg,0,672.0,cover_1687.png
Rules of Civility,https://www.goodreads.com/book/show/10054335-rules-of-civility,Amor Towles,4.09,280352,https://i.gr-assets.com/images/S/compressed.photo.goodreads.com/books/1311705045i/10054335._SY75_.jpg,5,335.0,cover_1688.png
Shuggie Bain,https://www.goodreads.com/book/show/52741293-shuggie-bain,Douglas Stuart,4.30,205167,https://i.gr-assets.com/images/S/compressed.photo.goodreads.com/books/1602094778i/52741293._SY75_.jpg,0,430.0,cover_1689.png
"Holly (Holly Gibney, #3)",https://www.goodreads.com/book/show/65916344-holly,Stephen King,4.06,201117,https://i.gr-assets.com/images/S/compressed.photo.goodreads.com/books/1674418461i/65916344._SY75_.jpg,0,449.0,cover_1690.png
"God of Malice (Legacy of Gods, #1)",https://www.goodreads.com/book/show/214298303-god-of-malice,Rina Kent,3.90,321367,https://i.gr-assets.com/images/S/compressed.photo.goodreads.com/books/1720736501i/214298303._SY75_.jpg,0,576.0,cover_1691.png
"Insatiable (The Edge of Darkness, #1)",https://www.goodreads.com/book/show/187012471-insatiable,Leigh Rivers,4.21,206643,https://i.gr-assets.com/images/S/compressed.photo.goodreads.com/books/1688984179i/187012471._SY75_.jpg,0,413.0,cover_1692.png
I Am Pilgrim,https://www.goodreads.com/book/show/18144124-i-am-pilgrim,Terry Hayes,4.31,207981,https://i.gr-assets.com/images/S/compressed.photo.goodreads.com/books/1403345411i/18144124._SY75_.jpg,0,612.0,cover_1693.png
The Fall Risk (Valentine's Day #2),https://www.goodreads.com/book/show/223199392-the-fall-risk,Abby Jimenez,4.06,209924,https://i.gr-assets.com/images/S/compressed.photo.goodreads.com/books/1777420061i/223199392._SY75_.jpg,0,81.0,cover_1694.png
"Sidetracked (Mindf*ck, #2)",https://www.goodreads.com/book/show/33271162-sidetracked,S.T. Abby,4.35,378905,https://i.gr-assets.com/images/S/compressed.photo.goodreads.com/books/1760641924i/33271162._SY75_.jpg,0,115.0,cover_1695.png
"The Book of Azrael (Gods & Monsters, #1)",https://www.goodreads.com/book/show/59986018-the-book-of-azrael,Amber V. Nicole,4.12,233931,https://i.gr-assets.com/images/S/compressed.photo.goodreads.com/books/1640967740i/59986018._SY75_.jpg,0,572.0,cover_1696.png
"God of Wrath (Legacy of Gods, #3)",https://www.goodreads.com/book/show/212438137-god-of-wrath,Rina Kent,4.17,200801,https://i.gr-assets.com/images/S/compressed.photo.goodreads.com/books/1742744596i/212438137._SY75_.jpg,0,592.0,cover_1697.png
"Reckless (Chestnut Springs, #4)",https://www.goodreads.com/book/show/108518990-reckless,Elsie Silver,4.35,477159,https://i.gr-assets.com/images/S/compressed.photo.goodreads.com/books/1750539048i/108518990._SY75_.jpg,0,466.0,cover_1698.png
"Wild Eyes (Rose Hill, #2)",https://www.goodreads.com/book/show/217271581-wild-eyes,Elsie Silver,4.23,351583,https://i.gr-assets.com/images/S/compressed.photo.goodreads.com/books/1724684873i/217271581._SY75_.jpg,0,464.0,cover_1699.png
Martyr!,https://www.goodreads.com/book/show/139400713-martyr,Kaveh Akbar,4.14,217655,https://i.gr-assets.com/images/S/compressed.photo.goodreads.com/books/1683818219i/139400713._SX50_.jpg,0,332.0,cover_1700.png
